filename,path,file_id,frequency,start_date,end_date,variable,variable_long_name,variable_standard_name,variable_cell_methods,variable_units,realm
20010101.ice_daily.nc,/g/data/ik11/outputs/mom6-panan/panan-01-zstar-2001rerun/output001/20010101.ice_daily.nc,seaIce.1day.nv:2.xT:3600.xTe:3601.yT:845.yTe:846,1day,"2001-01-01, 00:00:00","2001-03-01, 00:00:00","['BHEAT', 'BMELT', 'E2MELT', 'average_DT', 'average_T1', 'average_T2', 'net_melt', 'nv', 'siconc', 'sithick', 'time', 'time_bnds', 'xT', 'xTe', 'yT', 'yTe']","['ocean to ice heat flux', 'bottom surface melting energy flux', 'heat needed to melt ice', 'Length of average period', 'Start time for average period', 'End time for average period', 'net mass flux from ice & snow to ocean due to melting & freezing', 'vertex number', 'ice concentration', 'ice thickness', 'time', 'time axis boundaries', 'T point nominal longitude', 'T-cell edge nominal longitude', 'T point nominal latitude', 'T-cell edge nominal latitude']","['', '', '', '', '', '', '', '', '', '', '', '', '', '', '', '']","['time: mean', 'time: mean', 'time: mean', '', '', '', 'time: mean', '', 'time: mean', 'time: mean', '', '', '', '', '', '']","['W/m^2', 'W/m^2', 'J/m^2', 'days', 'days since 1991-01-01 00:00:00', 'days since 1991-01-01 00:00:00', 'kg m-2 s-1', '', '0-1', 'm-ice', 'days since 1991-01-01 00:00:00', 'days', 'degrees_E', 'degrees_E', 'degrees_N', 'degrees_N']",seaIce
20010101.ice_month.nc,/g/data/ik11/outputs/mom6-panan/panan-01-zstar-2001rerun/output001/20010101.ice_month.nc,seaIce.1mon.nv:2.xB:3601.xT:3600.xTe:3601.yB:846.yT:845.yTe:846,1mon,"2001-01-01, 00:00:00","2001-03-01, 00:00:00","['BHEAT', 'BMELT', 'E2MELT', 'FA_X', 'FA_Y', 'TMELT', 'average_DT', 'average_T1', 'average_T2', 'fsitherm', 'net_melt', 'nv', 'siconc', 'sithick', 'time', 'time_bnds', 'xB', 'xT', 'xTe', 'yB', 'yT', 'yTe']","['ocean to ice heat flux', 'bottom surface melting energy flux', 'heat needed to melt ice', 'Air stress on ice on C-grid - x component', 'Air stress on ice on C-grid - y component', 'upper surface melting energy flux', 'Length of average period', 'Start time for average period', 'End time for average period', 'water_flux_into_sea_water_due_to_sea_ice_thermodynamics', 'net mass flux from ice & snow to ocean due to melting & freezing', 'vertex number', 'ice concentration', 'ice thickness', 'time', 'time axis boundaries', 'Boundary point nominal longitude', 'T point nominal longitude', 'T-cell edge nominal longitude', 'Boundary point nominal latitude', 'T point nominal latitude', 'T-cell edge nominal latitude']","['', '', '', '', '', '', '', '', '', '', '', '', '', '', '', '', '', '', '', '', '', '']","['time: mean', 'time: mean', 'time: mean', 'time: mean', 'time: mean', 'time: mean', '', '', '', 'time: mean', 'time: mean', '', 'time: mean', 'time: mean', '', '', '', '', '', '', '', '']","['W/m^2', 'W/m^2', 'J/m^2', 'Pa', 'Pa', 'W/m^2', 'days', 'days since 1991-01-01 00:00:00', 'days since 1991-01-01 00:00:00', 'kg m-2 s-1', 'kg m-2 s-1', '', '0-1', 'm-ice', 'days since 1991-01-01 00:00:00', 'days', 'degrees_E', 'degrees_E', 'degrees_E', 'degrees_N', 'degrees_N', 'degrees_N']",seaIce
20010101.ocean_daily_2001_001.nc,/g/data/ik11/outputs/mom6-panan/panan-01-zstar-2001rerun/output001/20010101.ocean_daily_2001_001.nc,ocean.1day.nv:2.xh:3600.yh:845,1day,"2001-01-01, 00:00:00","2001-01-02, 00:00:00","['average_DT', 'average_T1', 'average_T2', 'mlotst', 'nv', 'time', 'time_bnds', 'xh', 'yh', 'zos']","['Length of average period', 'Start time for average period', 'End time for average period', 'Ocean Mixed Layer Thickness Defined by Sigma T', 'vertex number', 'time', 'time axis boundaries', 'h point nominal longitude', 'h point nominal latitude', 'Sea surface height above geoid']","['', '', '', 'ocean_mixed_layer_thickness_defined_by_sigma_t', '', '', '', '', '', 'sea_surface_height_above_geoid']","['', '', '', 'area:mean yh:mean xh:mean time: mean', '', '', '', '', '', 'area:mean yh:mean xh:mean time: mean']","['days', 'days since 1991-01-01 00:00:00', 'days since 1991-01-01 00:00:00', 'm', '', 'days since 1991-01-01 00:00:00', 'days', 'degrees_east', 'degrees_north', 'm']",ocean
20010101.ocean_daily_2001_002.nc,/g/data/ik11/outputs/mom6-panan/panan-01-zstar-2001rerun/output001/20010101.ocean_daily_2001_002.nc,ocean.1day.nv:2.xh:3600.yh:845,1day,"2001-01-02, 00:00:00","2001-01-03, 00:00:00","['average_DT', 'average_T1', 'average_T2', 'mlotst', 'nv', 'time', 'time_bnds', 'xh', 'yh', 'zos']","['Length of average period', 'Start time for average period', 'End time for average period', 'Ocean Mixed Layer Thickness Defined by Sigma T', 'vertex number', 'time', 'time axis boundaries', 'h point nominal longitude', 'h point nominal latitude', 'Sea surface height above geoid']","['', '', '', 'ocean_mixed_layer_thickness_defined_by_sigma_t', '', '', '', '', '', 'sea_surface_height_above_geoid']","['', '', '', 'area:mean yh:mean xh:mean time: mean', '', '', '', '', '', 'area:mean yh:mean xh:mean time: mean']","['days', 'days since 1991-01-01 00:00:00', 'days since 1991-01-01 00:00:00', 'm', '', 'days since 1991-01-01 00:00:00', 'days', 'degrees_east', 'degrees_north', 'm']",ocean
20010101.ocean_daily_2001_003.nc,/g/data/ik11/outputs/mom6-panan/panan-01-zstar-2001rerun/output001/20010101.ocean_daily_2001_003.nc,ocean.1day.nv:2.xh:3600.yh:845,1day,"2001-01-03, 00:00:00","2001-01-04, 00:00:00","['average_DT', 'average_T1', 'average_T2', 'mlotst', 'nv', 'time', 'time_bnds', 'xh', 'yh', 'zos']","['Length of average period', 'Start time for average period', 'End time for average period', 'Ocean Mixed Layer Thickness Defined by Sigma T', 'vertex number', 'time', 'time axis boundaries', 'h point nominal longitude', 'h point nominal latitude', 'Sea surface height above geoid']","['', '', '', 'ocean_mixed_layer_thickness_defined_by_sigma_t', '', '', '', '', '', 'sea_surface_height_above_geoid']","['', '', '', 'area:mean yh:mean xh:mean time: mean', '', '', '', '', '', 'area:mean yh:mean xh:mean time: mean']","['days', 'days since 1991-01-01 00:00:00', 'days since 1991-01-01 00:00:00', 'm', '', 'days since 1991-01-01 00:00:00', 'days', 'degrees_east', 'degrees_north', 'm']",ocean
20010101.ocean_daily_2001_004.nc,/g/data/ik11/outputs/mom6-panan/panan-01-zstar-2001rerun/output001/20010101.ocean_daily_2001_004.nc,ocean.1day.nv:2.xh:3600.yh:845,1day,"2001-01-04, 00:00:00","2001-01-05, 00:00:00","['average_DT', 'average_T1', 'average_T2', 'mlotst', 'nv', 'time', 'time_bnds', 'xh', 'yh', 'zos']","['Length of average period', 'Start time for average period', 'End time for average period', 'Ocean Mixed Layer Thickness Defined by Sigma T', 'vertex number', 'time', 'time axis boundaries', 'h point nominal longitude', 'h point nominal latitude', 'Sea surface height above geoid']","['', '', '', 'ocean_mixed_layer_thickness_defined_by_sigma_t', '', '', '', '', '', 'sea_surface_height_above_geoid']","['', '', '', 'area:mean yh:mean xh:mean time: mean', '', '', '', '', '', 'area:mean yh:mean xh:mean time: mean']","['days', 'days since 1991-01-01 00:00:00', 'days since 1991-01-01 00:00:00', 'm', '', 'days since 1991-01-01 00:00:00', 'days', 'degrees_east', 'degrees_north', 'm']",ocean
20010101.ocean_daily_2001_005.nc,/g/data/ik11/outputs/mom6-panan/panan-01-zstar-2001rerun/output001/20010101.ocean_daily_2001_005.nc,ocean.1day.nv:2.xh:3600.yh:845,1day,"2001-01-05, 00:00:00","2001-01-06, 00:00:00","['average_DT', 'average_T1', 'average_T2', 'mlotst', 'nv', 'time', 'time_bnds', 'xh', 'yh', 'zos']","['Length of average period', 'Start time for average period', 'End time for average period', 'Ocean Mixed Layer Thickness Defined by Sigma T', 'vertex number', 'time', 'time axis boundaries', 'h point nominal longitude', 'h point nominal latitude', 'Sea surface height above geoid']","['', '', '', 'ocean_mixed_layer_thickness_defined_by_sigma_t', '', '', '', '', '', 'sea_surface_height_above_geoid']","['', '', '', 'area:mean yh:mean xh:mean time: mean', '', '', '', '', '', 'area:mean yh:mean xh:mean time: mean']","['days', 'days since 1991-01-01 00:00:00', 'days since 1991-01-01 00:00:00', 'm', '', 'days since 1991-01-01 00:00:00', 'days', 'degrees_east', 'degrees_north', 'm']",ocean
20010101.ocean_daily_2001_006.nc,/g/data/ik11/outputs/mom6-panan/panan-01-zstar-2001rerun/output001/20010101.ocean_daily_2001_006.nc,ocean.1day.nv:2.xh:3600.yh:845,1day,"2001-01-06, 00:00:00","2001-01-07, 00:00:00","['average_DT', 'average_T1', 'average_T2', 'mlotst', 'nv', 'time', 'time_bnds', 'xh', 'yh', 'zos']","['Length of average period', 'Start time for average period', 'End time for average period', 'Ocean Mixed Layer Thickness Defined by Sigma T', 'vertex number', 'time', 'time axis boundaries', 'h point nominal longitude', 'h point nominal latitude', 'Sea surface height above geoid']","['', '', '', 'ocean_mixed_layer_thickness_defined_by_sigma_t', '', '', '', '', '', 'sea_surface_height_above_geoid']","['', '', '', 'area:mean yh:mean xh:mean time: mean', '', '', '', '', '', 'area:mean yh:mean xh:mean time: mean']","['days', 'days since 1991-01-01 00:00:00', 'days since 1991-01-01 00:00:00', 'm', '', 'days since 1991-01-01 00:00:00', 'days', 'degrees_east', 'degrees_north', 'm']",ocean
20010101.ocean_daily_2001_007.nc,/g/data/ik11/outputs/mom6-panan/panan-01-zstar-2001rerun/output001/20010101.ocean_daily_2001_007.nc,ocean.1day.nv:2.xh:3600.yh:845,1day,"2001-01-07, 00:00:00","2001-01-08, 00:00:00","['average_DT', 'average_T1', 'average_T2', 'mlotst', 'nv', 'time', 'time_bnds', 'xh', 'yh', 'zos']","['Length of average period', 'Start time for average period', 'End time for average period', 'Ocean Mixed Layer Thickness Defined by Sigma T', 'vertex number', 'time', 'time axis boundaries', 'h point nominal longitude', 'h point nominal latitude', 'Sea surface height above geoid']","['', '', '', 'ocean_mixed_layer_thickness_defined_by_sigma_t', '', '', '', '', '', 'sea_surface_height_above_geoid']","['', '', '', 'area:mean yh:mean xh:mean time: mean', '', '', '', '', '', 'area:mean yh:mean xh:mean time: mean']","['days', 'days since 1991-01-01 00:00:00', 'days since 1991-01-01 00:00:00', 'm', '', 'days since 1991-01-01 00:00:00', 'days', 'degrees_east', 'degrees_north', 'm']",ocean
20010101.ocean_daily_2001_008.nc,/g/data/ik11/outputs/mom6-panan/panan-01-zstar-2001rerun/output001/20010101.ocean_daily_2001_008.nc,ocean.1day.nv:2.xh:3600.yh:845,1day,"2001-01-08, 00:00:00","2001-01-09, 00:00:00","['average_DT', 'average_T1', 'average_T2', 'mlotst', 'nv', 'time', 'time_bnds', 'xh', 'yh', 'zos']","['Length of average period', 'Start time for average period', 'End time for average period', 'Ocean Mixed Layer Thickness Defined by Sigma T', 'vertex number', 'time', 'time axis boundaries', 'h point nominal longitude', 'h point nominal latitude', 'Sea surface height above geoid']","['', '', '', 'ocean_mixed_layer_thickness_defined_by_sigma_t', '', '', '', '', '', 'sea_surface_height_above_geoid']","['', '', '', 'area:mean yh:mean xh:mean time: mean', '', '', '', '', '', 'area:mean yh:mean xh:mean time: mean']","['days', 'days since 1991-01-01 00:00:00', 'days since 1991-01-01 00:00:00', 'm', '', 'days since 1991-01-01 00:00:00', 'days', 'degrees_east', 'degrees_north', 'm']",ocean
20010101.ocean_daily_2001_009.nc,/g/data/ik11/outputs/mom6-panan/panan-01-zstar-2001rerun/output001/20010101.ocean_daily_2001_009.nc,ocean.1day.nv:2.xh:3600.yh:845,1day,"2001-01-09, 00:00:00","2001-01-10, 00:00:00","['average_DT', 'average_T1', 'average_T2', 'mlotst', 'nv', 'time', 'time_bnds', 'xh', 'yh', 'zos']","['Length of average period', 'Start time for average period', 'End time for average period', 'Ocean Mixed Layer Thickness Defined by Sigma T', 'vertex number', 'time', 'time axis boundaries', 'h point nominal longitude', 'h point nominal latitude', 'Sea surface height above geoid']","['', '', '', 'ocean_mixed_layer_thickness_defined_by_sigma_t', '', '', '', '', '', 'sea_surface_height_above_geoid']","['', '', '', 'area:mean yh:mean xh:mean time: mean', '', '', '', '', '', 'area:mean yh:mean xh:mean time: mean']","['days', 'days since 1991-01-01 00:00:00', 'days since 1991-01-01 00:00:00', 'm', '', 'days since 1991-01-01 00:00:00', 'days', 'degrees_east', 'degrees_north', 'm']",ocean
20010101.ocean_daily_2001_010.nc,/g/data/ik11/outputs/mom6-panan/panan-01-zstar-2001rerun/output001/20010101.ocean_daily_2001_010.nc,ocean.1day.nv:2.xh:3600.yh:845,1day,"2001-01-10, 00:00:00","2001-01-11, 00:00:00","['average_DT', 'average_T1', 'average_T2', 'mlotst', 'nv', 'time', 'time_bnds', 'xh', 'yh', 'zos']","['Length of average period', 'Start time for average period', 'End time for average period', 'Ocean Mixed Layer Thickness Defined by Sigma T', 'vertex number', 'time', 'time axis boundaries', 'h point nominal longitude', 'h point nominal latitude', 'Sea surface height above geoid']","['', '', '', 'ocean_mixed_layer_thickness_defined_by_sigma_t', '', '', '', '', '', 'sea_surface_height_above_geoid']","['', '', '', 'area:mean yh:mean xh:mean time: mean', '', '', '', '', '', 'area:mean yh:mean xh:mean time: mean']","['days', 'days since 1991-01-01 00:00:00', 'days since 1991-01-01 00:00:00', 'm', '', 'days since 1991-01-01 00:00:00', 'days', 'degrees_east', 'degrees_north', 'm']",ocean
20010101.ocean_daily_2001_011.nc,/g/data/ik11/outputs/mom6-panan/panan-01-zstar-2001rerun/output001/20010101.ocean_daily_2001_011.nc,ocean.1day.nv:2.xh:3600.yh:845,1day,"2001-01-11, 00:00:00","2001-01-12, 00:00:00","['average_DT', 'average_T1', 'average_T2', 'mlotst', 'nv', 'time', 'time_bnds', 'xh', 'yh', 'zos']","['Length of average period', 'Start time for average period', 'End time for average period', 'Ocean Mixed Layer Thickness Defined by Sigma T', 'vertex number', 'time', 'time axis boundaries', 'h point nominal longitude', 'h point nominal latitude', 'Sea surface height above geoid']","['', '', '', 'ocean_mixed_layer_thickness_defined_by_sigma_t', '', '', '', '', '', 'sea_surface_height_above_geoid']","['', '', '', 'area:mean yh:mean xh:mean time: mean', '', '', '', '', '', 'area:mean yh:mean xh:mean time: mean']","['days', 'days since 1991-01-01 00:00:00', 'days since 1991-01-01 00:00:00', 'm', '', 'days since 1991-01-01 00:00:00', 'days', 'degrees_east', 'degrees_north', 'm']",ocean
20010101.ocean_daily_2001_012.nc,/g/data/ik11/outputs/mom6-panan/panan-01-zstar-2001rerun/output001/20010101.ocean_daily_2001_012.nc,ocean.1day.nv:2.xh:3600.yh:845,1day,"2001-01-12, 00:00:00","2001-01-13, 00:00:00","['average_DT', 'average_T1', 'average_T2', 'mlotst', 'nv', 'time', 'time_bnds', 'xh', 'yh', 'zos']","['Length of average period', 'Start time for average period', 'End time for average period', 'Ocean Mixed Layer Thickness Defined by Sigma T', 'vertex number', 'time', 'time axis boundaries', 'h point nominal longitude', 'h point nominal latitude', 'Sea surface height above geoid']","['', '', '', 'ocean_mixed_layer_thickness_defined_by_sigma_t', '', '', '', '', '', 'sea_surface_height_above_geoid']","['', '', '', 'area:mean yh:mean xh:mean time: mean', '', '', '', '', '', 'area:mean yh:mean xh:mean time: mean']","['days', 'days since 1991-01-01 00:00:00', 'days since 1991-01-01 00:00:00', 'm', '', 'days since 1991-01-01 00:00:00', 'days', 'degrees_east', 'degrees_north', 'm']",ocean
20010101.ocean_daily_2001_013.nc,/g/data/ik11/outputs/mom6-panan/panan-01-zstar-2001rerun/output001/20010101.ocean_daily_2001_013.nc,ocean.1day.nv:2.xh:3600.yh:845,1day,"2001-01-13, 00:00:00","2001-01-14, 00:00:00","['average_DT', 'average_T1', 'average_T2', 'mlotst', 'nv', 'time', 'time_bnds', 'xh', 'yh', 'zos']","['Length of average period', 'Start time for average period', 'End time for average period', 'Ocean Mixed Layer Thickness Defined by Sigma T', 'vertex number', 'time', 'time axis boundaries', 'h point nominal longitude', 'h point nominal latitude', 'Sea surface height above geoid']","['', '', '', 'ocean_mixed_layer_thickness_defined_by_sigma_t', '', '', '', '', '', 'sea_surface_height_above_geoid']","['', '', '', 'area:mean yh:mean xh:mean time: mean', '', '', '', '', '', 'area:mean yh:mean xh:mean time: mean']","['days', 'days since 1991-01-01 00:00:00', 'days since 1991-01-01 00:00:00', 'm', '', 'days since 1991-01-01 00:00:00', 'days', 'degrees_east', 'degrees_north', 'm']",ocean
20010101.ocean_daily_2001_014.nc,/g/data/ik11/outputs/mom6-panan/panan-01-zstar-2001rerun/output001/20010101.ocean_daily_2001_014.nc,ocean.1day.nv:2.xh:3600.yh:845,1day,"2001-01-14, 00:00:00","2001-01-15, 00:00:00","['average_DT', 'average_T1', 'average_T2', 'mlotst', 'nv', 'time', 'time_bnds', 'xh', 'yh', 'zos']","['Length of average period', 'Start time for average period', 'End time for average period', 'Ocean Mixed Layer Thickness Defined by Sigma T', 'vertex number', 'time', 'time axis boundaries', 'h point nominal longitude', 'h point nominal latitude', 'Sea surface height above geoid']","['', '', '', 'ocean_mixed_layer_thickness_defined_by_sigma_t', '', '', '', '', '', 'sea_surface_height_above_geoid']","['', '', '', 'area:mean yh:mean xh:mean time: mean', '', '', '', '', '', 'area:mean yh:mean xh:mean time: mean']","['days', 'days since 1991-01-01 00:00:00', 'days since 1991-01-01 00:00:00', 'm', '', 'days since 1991-01-01 00:00:00', 'days', 'degrees_east', 'degrees_north', 'm']",ocean
20010101.ocean_daily_2001_015.nc,/g/data/ik11/outputs/mom6-panan/panan-01-zstar-2001rerun/output001/20010101.ocean_daily_2001_015.nc,ocean.1day.nv:2.xh:3600.yh:845,1day,"2001-01-15, 00:00:00","2001-01-16, 00:00:00","['average_DT', 'average_T1', 'average_T2', 'mlotst', 'nv', 'time', 'time_bnds', 'xh', 'yh', 'zos']","['Length of average period', 'Start time for average period', 'End time for average period', 'Ocean Mixed Layer Thickness Defined by Sigma T', 'vertex number', 'time', 'time axis boundaries', 'h point nominal longitude', 'h point nominal latitude', 'Sea surface height above geoid']","['', '', '', 'ocean_mixed_layer_thickness_defined_by_sigma_t', '', '', '', '', '', 'sea_surface_height_above_geoid']","['', '', '', 'area:mean yh:mean xh:mean time: mean', '', '', '', '', '', 'area:mean yh:mean xh:mean time: mean']","['days', 'days since 1991-01-01 00:00:00', 'days since 1991-01-01 00:00:00', 'm', '', 'days since 1991-01-01 00:00:00', 'days', 'degrees_east', 'degrees_north', 'm']",ocean
20010101.ocean_daily_2001_016.nc,/g/data/ik11/outputs/mom6-panan/panan-01-zstar-2001rerun/output001/20010101.ocean_daily_2001_016.nc,ocean.1day.nv:2.xh:3600.yh:845,1day,"2001-01-16, 00:00:00","2001-01-17, 00:00:00","['average_DT', 'average_T1', 'average_T2', 'mlotst', 'nv', 'time', 'time_bnds', 'xh', 'yh', 'zos']","['Length of average period', 'Start time for average period', 'End time for average period', 'Ocean Mixed Layer Thickness Defined by Sigma T', 'vertex number', 'time', 'time axis boundaries', 'h point nominal longitude', 'h point nominal latitude', 'Sea surface height above geoid']","['', '', '', 'ocean_mixed_layer_thickness_defined_by_sigma_t', '', '', '', '', '', 'sea_surface_height_above_geoid']","['', '', '', 'area:mean yh:mean xh:mean time: mean', '', '', '', '', '', 'area:mean yh:mean xh:mean time: mean']","['days', 'days since 1991-01-01 00:00:00', 'days since 1991-01-01 00:00:00', 'm', '', 'days since 1991-01-01 00:00:00', 'days', 'degrees_east', 'degrees_north', 'm']",ocean
20010101.ocean_daily_2001_017.nc,/g/data/ik11/outputs/mom6-panan/panan-01-zstar-2001rerun/output001/20010101.ocean_daily_2001_017.nc,ocean.1day.nv:2.xh:3600.yh:845,1day,"2001-01-17, 00:00:00","2001-01-18, 00:00:00","['average_DT', 'average_T1', 'average_T2', 'mlotst', 'nv', 'time', 'time_bnds', 'xh', 'yh', 'zos']","['Length of average period', 'Start time for average period', 'End time for average period', 'Ocean Mixed Layer Thickness Defined by Sigma T', 'vertex number', 'time', 'time axis boundaries', 'h point nominal longitude', 'h point nominal latitude', 'Sea surface height above geoid']","['', '', '', 'ocean_mixed_layer_thickness_defined_by_sigma_t', '', '', '', '', '', 'sea_surface_height_above_geoid']","['', '', '', 'area:mean yh:mean xh:mean time: mean', '', '', '', '', '', 'area:mean yh:mean xh:mean time: mean']","['days', 'days since 1991-01-01 00:00:00', 'days since 1991-01-01 00:00:00', 'm', '', 'days since 1991-01-01 00:00:00', 'days', 'degrees_east', 'degrees_north', 'm']",ocean
20010101.ocean_daily_2001_018.nc,/g/data/ik11/outputs/mom6-panan/panan-01-zstar-2001rerun/output001/20010101.ocean_daily_2001_018.nc,ocean.1day.nv:2.xh:3600.yh:845,1day,"2001-01-18, 00:00:00","2001-01-19, 00:00:00","['average_DT', 'average_T1', 'average_T2', 'mlotst', 'nv', 'time', 'time_bnds', 'xh', 'yh', 'zos']","['Length of average period', 'Start time for average period', 'End time for average period', 'Ocean Mixed Layer Thickness Defined by Sigma T', 'vertex number', 'time', 'time axis boundaries', 'h point nominal longitude', 'h point nominal latitude', 'Sea surface height above geoid']","['', '', '', 'ocean_mixed_layer_thickness_defined_by_sigma_t', '', '', '', '', '', 'sea_surface_height_above_geoid']","['', '', '', 'area:mean yh:mean xh:mean time: mean', '', '', '', '', '', 'area:mean yh:mean xh:mean time: mean']","['days', 'days since 1991-01-01 00:00:00', 'days since 1991-01-01 00:00:00', 'm', '', 'days since 1991-01-01 00:00:00', 'days', 'degrees_east', 'degrees_north', 'm']",ocean
20010101.ocean_daily_2001_019.nc,/g/data/ik11/outputs/mom6-panan/panan-01-zstar-2001rerun/output001/20010101.ocean_daily_2001_019.nc,ocean.1day.nv:2.xh:3600.yh:845,1day,"2001-01-19, 00:00:00","2001-01-20, 00:00:00","['average_DT', 'average_T1', 'average_T2', 'mlotst', 'nv', 'time', 'time_bnds', 'xh', 'yh', 'zos']","['Length of average period', 'Start time for average period', 'End time for average period', 'Ocean Mixed Layer Thickness Defined by Sigma T', 'vertex number', 'time', 'time axis boundaries', 'h point nominal longitude', 'h point nominal latitude', 'Sea surface height above geoid']","['', '', '', 'ocean_mixed_layer_thickness_defined_by_sigma_t', '', '', '', '', '', 'sea_surface_height_above_geoid']","['', '', '', 'area:mean yh:mean xh:mean time: mean', '', '', '', '', '', 'area:mean yh:mean xh:mean time: mean']","['days', 'days since 1991-01-01 00:00:00', 'days since 1991-01-01 00:00:00', 'm', '', 'days since 1991-01-01 00:00:00', 'days', 'degrees_east', 'degrees_north', 'm']",ocean
20010101.ocean_daily_2001_020.nc,/g/data/ik11/outputs/mom6-panan/panan-01-zstar-2001rerun/output001/20010101.ocean_daily_2001_020.nc,ocean.1day.nv:2.xh:3600.yh:845,1day,"2001-01-20, 00:00:00","2001-01-21, 00:00:00","['average_DT', 'average_T1', 'average_T2', 'mlotst', 'nv', 'time', 'time_bnds', 'xh', 'yh', 'zos']","['Length of average period', 'Start time for average period', 'End time for average period', 'Ocean Mixed Layer Thickness Defined by Sigma T', 'vertex number', 'time', 'time axis boundaries', 'h point nominal longitude', 'h point nominal latitude', 'Sea surface height above geoid']","['', '', '', 'ocean_mixed_layer_thickness_defined_by_sigma_t', '', '', '', '', '', 'sea_surface_height_above_geoid']","['', '', '', 'area:mean yh:mean xh:mean time: mean', '', '', '', '', '', 'area:mean yh:mean xh:mean time: mean']","['days', 'days since 1991-01-01 00:00:00', 'days since 1991-01-01 00:00:00', 'm', '', 'days since 1991-01-01 00:00:00', 'days', 'degrees_east', 'degrees_north', 'm']",ocean
20010101.ocean_daily_2001_021.nc,/g/data/ik11/outputs/mom6-panan/panan-01-zstar-2001rerun/output001/20010101.ocean_daily_2001_021.nc,ocean.1day.nv:2.xh:3600.yh:845,1day,"2001-01-21, 00:00:00","2001-01-22, 00:00:00","['average_DT', 'average_T1', 'average_T2', 'mlotst', 'nv', 'time', 'time_bnds', 'xh', 'yh', 'zos']","['Length of average period', 'Start time for average period', 'End time for average period', 'Ocean Mixed Layer Thickness Defined by Sigma T', 'vertex number', 'time', 'time axis boundaries', 'h point nominal longitude', 'h point nominal latitude', 'Sea surface height above geoid']","['', '', '', 'ocean_mixed_layer_thickness_defined_by_sigma_t', '', '', '', '', '', 'sea_surface_height_above_geoid']","['', '', '', 'area:mean yh:mean xh:mean time: mean', '', '', '', '', '', 'area:mean yh:mean xh:mean time: mean']","['days', 'days since 1991-01-01 00:00:00', 'days since 1991-01-01 00:00:00', 'm', '', 'days since 1991-01-01 00:00:00', 'days', 'degrees_east', 'degrees_north', 'm']",ocean
20010101.ocean_daily_2001_022.nc,/g/data/ik11/outputs/mom6-panan/panan-01-zstar-2001rerun/output001/20010101.ocean_daily_2001_022.nc,ocean.1day.nv:2.xh:3600.yh:845,1day,"2001-01-22, 00:00:00","2001-01-23, 00:00:00","['average_DT', 'average_T1', 'average_T2', 'mlotst', 'nv', 'time', 'time_bnds', 'xh', 'yh', 'zos']","['Length of average period', 'Start time for average period', 'End time for average period', 'Ocean Mixed Layer Thickness Defined by Sigma T', 'vertex number', 'time', 'time axis boundaries', 'h point nominal longitude', 'h point nominal latitude', 'Sea surface height above geoid']","['', '', '', 'ocean_mixed_layer_thickness_defined_by_sigma_t', '', '', '', '', '', 'sea_surface_height_above_geoid']","['', '', '', 'area:mean yh:mean xh:mean time: mean', '', '', '', '', '', 'area:mean yh:mean xh:mean time: mean']","['days', 'days since 1991-01-01 00:00:00', 'days since 1991-01-01 00:00:00', 'm', '', 'days since 1991-01-01 00:00:00', 'days', 'degrees_east', 'degrees_north', 'm']",ocean
20010101.ocean_daily_2001_023.nc,/g/data/ik11/outputs/mom6-panan/panan-01-zstar-2001rerun/output001/20010101.ocean_daily_2001_023.nc,ocean.1day.nv:2.xh:3600.yh:845,1day,"2001-01-23, 00:00:00","2001-01-24, 00:00:00","['average_DT', 'average_T1', 'average_T2', 'mlotst', 'nv', 'time', 'time_bnds', 'xh', 'yh', 'zos']","['Length of average period', 'Start time for average period', 'End time for average period', 'Ocean Mixed Layer Thickness Defined by Sigma T', 'vertex number', 'time', 'time axis boundaries', 'h point nominal longitude', 'h point nominal latitude', 'Sea surface height above geoid']","['', '', '', 'ocean_mixed_layer_thickness_defined_by_sigma_t', '', '', '', '', '', 'sea_surface_height_above_geoid']","['', '', '', 'area:mean yh:mean xh:mean time: mean', '', '', '', '', '', 'area:mean yh:mean xh:mean time: mean']","['days', 'days since 1991-01-01 00:00:00', 'days since 1991-01-01 00:00:00', 'm', '', 'days since 1991-01-01 00:00:00', 'days', 'degrees_east', 'degrees_north', 'm']",ocean
20010101.ocean_daily_2001_024.nc,/g/data/ik11/outputs/mom6-panan/panan-01-zstar-2001rerun/output001/20010101.ocean_daily_2001_024.nc,ocean.1day.nv:2.xh:3600.yh:845,1day,"2001-01-24, 00:00:00","2001-01-25, 00:00:00","['average_DT', 'average_T1', 'average_T2', 'mlotst', 'nv', 'time', 'time_bnds', 'xh', 'yh', 'zos']","['Length of average period', 'Start time for average period', 'End time for average period', 'Ocean Mixed Layer Thickness Defined by Sigma T', 'vertex number', 'time', 'time axis boundaries', 'h point nominal longitude', 'h point nominal latitude', 'Sea surface height above geoid']","['', '', '', 'ocean_mixed_layer_thickness_defined_by_sigma_t', '', '', '', '', '', 'sea_surface_height_above_geoid']","['', '', '', 'area:mean yh:mean xh:mean time: mean', '', '', '', '', '', 'area:mean yh:mean xh:mean time: mean']","['days', 'days since 1991-01-01 00:00:00', 'days since 1991-01-01 00:00:00', 'm', '', 'days since 1991-01-01 00:00:00', 'days', 'degrees_east', 'degrees_north', 'm']",ocean
20010101.ocean_daily_2001_025.nc,/g/data/ik11/outputs/mom6-panan/panan-01-zstar-2001rerun/output001/20010101.ocean_daily_2001_025.nc,ocean.1day.nv:2.xh:3600.yh:845,1day,"2001-01-25, 00:00:00","2001-01-26, 00:00:00","['average_DT', 'average_T1', 'average_T2', 'mlotst', 'nv', 'time', 'time_bnds', 'xh', 'yh', 'zos']","['Length of average period', 'Start time for average period', 'End time for average period', 'Ocean Mixed Layer Thickness Defined by Sigma T', 'vertex number', 'time', 'time axis boundaries', 'h point nominal longitude', 'h point nominal latitude', 'Sea surface height above geoid']","['', '', '', 'ocean_mixed_layer_thickness_defined_by_sigma_t', '', '', '', '', '', 'sea_surface_height_above_geoid']","['', '', '', 'area:mean yh:mean xh:mean time: mean', '', '', '', '', '', 'area:mean yh:mean xh:mean time: mean']","['days', 'days since 1991-01-01 00:00:00', 'days since 1991-01-01 00:00:00', 'm', '', 'days since 1991-01-01 00:00:00', 'days', 'degrees_east', 'degrees_north', 'm']",ocean
20010101.ocean_daily_2001_026.nc,/g/data/ik11/outputs/mom6-panan/panan-01-zstar-2001rerun/output001/20010101.ocean_daily_2001_026.nc,ocean.1day.nv:2.xh:3600.yh:845,1day,"2001-01-26, 00:00:00","2001-01-27, 00:00:00","['average_DT', 'average_T1', 'average_T2', 'mlotst', 'nv', 'time', 'time_bnds', 'xh', 'yh', 'zos']","['Length of average period', 'Start time for average period', 'End time for average period', 'Ocean Mixed Layer Thickness Defined by Sigma T', 'vertex number', 'time', 'time axis boundaries', 'h point nominal longitude', 'h point nominal latitude', 'Sea surface height above geoid']","['', '', '', 'ocean_mixed_layer_thickness_defined_by_sigma_t', '', '', '', '', '', 'sea_surface_height_above_geoid']","['', '', '', 'area:mean yh:mean xh:mean time: mean', '', '', '', '', '', 'area:mean yh:mean xh:mean time: mean']","['days', 'days since 1991-01-01 00:00:00', 'days since 1991-01-01 00:00:00', 'm', '', 'days since 1991-01-01 00:00:00', 'days', 'degrees_east', 'degrees_north', 'm']",ocean
20010101.ocean_daily_2001_027.nc,/g/data/ik11/outputs/mom6-panan/panan-01-zstar-2001rerun/output001/20010101.ocean_daily_2001_027.nc,ocean.1day.nv:2.xh:3600.yh:845,1day,"2001-01-27, 00:00:00","2001-01-28, 00:00:00","['average_DT', 'average_T1', 'average_T2', 'mlotst', 'nv', 'time', 'time_bnds', 'xh', 'yh', 'zos']","['Length of average period', 'Start time for average period', 'End time for average period', 'Ocean Mixed Layer Thickness Defined by Sigma T', 'vertex number', 'time', 'time axis boundaries', 'h point nominal longitude', 'h point nominal latitude', 'Sea surface height above geoid']","['', '', '', 'ocean_mixed_layer_thickness_defined_by_sigma_t', '', '', '', '', '', 'sea_surface_height_above_geoid']","['', '', '', 'area:mean yh:mean xh:mean time: mean', '', '', '', '', '', 'area:mean yh:mean xh:mean time: mean']","['days', 'days since 1991-01-01 00:00:00', 'days since 1991-01-01 00:00:00', 'm', '', 'days since 1991-01-01 00:00:00', 'days', 'degrees_east', 'degrees_north', 'm']",ocean
20010101.ocean_daily_2001_028.nc,/g/data/ik11/outputs/mom6-panan/panan-01-zstar-2001rerun/output001/20010101.ocean_daily_2001_028.nc,ocean.1day.nv:2.xh:3600.yh:845,1day,"2001-01-28, 00:00:00","2001-01-29, 00:00:00","['average_DT', 'average_T1', 'average_T2', 'mlotst', 'nv', 'time', 'time_bnds', 'xh', 'yh', 'zos']","['Length of average period', 'Start time for average period', 'End time for average period', 'Ocean Mixed Layer Thickness Defined by Sigma T', 'vertex number', 'time', 'time axis boundaries', 'h point nominal longitude', 'h point nominal latitude', 'Sea surface height above geoid']","['', '', '', 'ocean_mixed_layer_thickness_defined_by_sigma_t', '', '', '', '', '', 'sea_surface_height_above_geoid']","['', '', '', 'area:mean yh:mean xh:mean time: mean', '', '', '', '', '', 'area:mean yh:mean xh:mean time: mean']","['days', 'days since 1991-01-01 00:00:00', 'days since 1991-01-01 00:00:00', 'm', '', 'days since 1991-01-01 00:00:00', 'days', 'degrees_east', 'degrees_north', 'm']",ocean
20010101.ocean_daily_2001_029.nc,/g/data/ik11/outputs/mom6-panan/panan-01-zstar-2001rerun/output001/20010101.ocean_daily_2001_029.nc,ocean.1day.nv:2.xh:3600.yh:845,1day,"2001-01-29, 00:00:00","2001-01-30, 00:00:00","['average_DT', 'average_T1', 'average_T2', 'mlotst', 'nv', 'time', 'time_bnds', 'xh', 'yh', 'zos']","['Length of average period', 'Start time for average period', 'End time for average period', 'Ocean Mixed Layer Thickness Defined by Sigma T', 'vertex number', 'time', 'time axis boundaries', 'h point nominal longitude', 'h point nominal latitude', 'Sea surface height above geoid']","['', '', '', 'ocean_mixed_layer_thickness_defined_by_sigma_t', '', '', '', '', '', 'sea_surface_height_above_geoid']","['', '', '', 'area:mean yh:mean xh:mean time: mean', '', '', '', '', '', 'area:mean yh:mean xh:mean time: mean']","['days', 'days since 1991-01-01 00:00:00', 'days since 1991-01-01 00:00:00', 'm', '', 'days since 1991-01-01 00:00:00', 'days', 'degrees_east', 'degrees_north', 'm']",ocean
20010101.ocean_daily_2001_030.nc,/g/data/ik11/outputs/mom6-panan/panan-01-zstar-2001rerun/output001/20010101.ocean_daily_2001_030.nc,ocean.1day.nv:2.xh:3600.yh:845,1day,"2001-01-30, 00:00:00","2001-01-31, 00:00:00","['average_DT', 'average_T1', 'average_T2', 'mlotst', 'nv', 'time', 'time_bnds', 'xh', 'yh', 'zos']","['Length of average period', 'Start time for average period', 'End time for average period', 'Ocean Mixed Layer Thickness Defined by Sigma T', 'vertex number', 'time', 'time axis boundaries', 'h point nominal longitude', 'h point nominal latitude', 'Sea surface height above geoid']","['', '', '', 'ocean_mixed_layer_thickness_defined_by_sigma_t', '', '', '', '', '', 'sea_surface_height_above_geoid']","['', '', '', 'area:mean yh:mean xh:mean time: mean', '', '', '', '', '', 'area:mean yh:mean xh:mean time: mean']","['days', 'days since 1991-01-01 00:00:00', 'days since 1991-01-01 00:00:00', 'm', '', 'days since 1991-01-01 00:00:00', 'days', 'degrees_east', 'degrees_north', 'm']",ocean
20010101.ocean_daily_2001_031.nc,/g/data/ik11/outputs/mom6-panan/panan-01-zstar-2001rerun/output001/20010101.ocean_daily_2001_031.nc,ocean.1day.nv:2.xh:3600.yh:845,1day,"2001-01-31, 00:00:00","2001-02-01, 00:00:00","['average_DT', 'average_T1', 'average_T2', 'mlotst', 'nv', 'time', 'time_bnds', 'xh', 'yh', 'zos']","['Length of average period', 'Start time for average period', 'End time for average period', 'Ocean Mixed Layer Thickness Defined by Sigma T', 'vertex number', 'time', 'time axis boundaries', 'h point nominal longitude', 'h point nominal latitude', 'Sea surface height above geoid']","['', '', '', 'ocean_mixed_layer_thickness_defined_by_sigma_t', '', '', '', '', '', 'sea_surface_height_above_geoid']","['', '', '', 'area:mean yh:mean xh:mean time: mean', '', '', '', '', '', 'area:mean yh:mean xh:mean time: mean']","['days', 'days since 1991-01-01 00:00:00', 'days since 1991-01-01 00:00:00', 'm', '', 'days since 1991-01-01 00:00:00', 'days', 'degrees_east', 'degrees_north', 'm']",ocean
20010101.ocean_daily_2001_032.nc,/g/data/ik11/outputs/mom6-panan/panan-01-zstar-2001rerun/output001/20010101.ocean_daily_2001_032.nc,ocean.1day.nv:2.xh:3600.yh:845,1day,"2001-02-01, 00:00:00","2001-02-02, 00:00:00","['average_DT', 'average_T1', 'average_T2', 'mlotst', 'nv', 'time', 'time_bnds', 'xh', 'yh', 'zos']","['Length of average period', 'Start time for average period', 'End time for average period', 'Ocean Mixed Layer Thickness Defined by Sigma T', 'vertex number', 'time', 'time axis boundaries', 'h point nominal longitude', 'h point nominal latitude', 'Sea surface height above geoid']","['', '', '', 'ocean_mixed_layer_thickness_defined_by_sigma_t', '', '', '', '', '', 'sea_surface_height_above_geoid']","['', '', '', 'area:mean yh:mean xh:mean time: mean', '', '', '', '', '', 'area:mean yh:mean xh:mean time: mean']","['days', 'days since 1991-01-01 00:00:00', 'days since 1991-01-01 00:00:00', 'm', '', 'days since 1991-01-01 00:00:00', 'days', 'degrees_east', 'degrees_north', 'm']",ocean
20010101.ocean_daily_2001_033.nc,/g/data/ik11/outputs/mom6-panan/panan-01-zstar-2001rerun/output001/20010101.ocean_daily_2001_033.nc,ocean.1day.nv:2.xh:3600.yh:845,1day,"2001-02-02, 00:00:00","2001-02-03, 00:00:00","['average_DT', 'average_T1', 'average_T2', 'mlotst', 'nv', 'time', 'time_bnds', 'xh', 'yh', 'zos']","['Length of average period', 'Start time for average period', 'End time for average period', 'Ocean Mixed Layer Thickness Defined by Sigma T', 'vertex number', 'time', 'time axis boundaries', 'h point nominal longitude', 'h point nominal latitude', 'Sea surface height above geoid']","['', '', '', 'ocean_mixed_layer_thickness_defined_by_sigma_t', '', '', '', '', '', 'sea_surface_height_above_geoid']","['', '', '', 'area:mean yh:mean xh:mean time: mean', '', '', '', '', '', 'area:mean yh:mean xh:mean time: mean']","['days', 'days since 1991-01-01 00:00:00', 'days since 1991-01-01 00:00:00', 'm', '', 'days since 1991-01-01 00:00:00', 'days', 'degrees_east', 'degrees_north', 'm']",ocean
20010101.ocean_daily_2001_034.nc,/g/data/ik11/outputs/mom6-panan/panan-01-zstar-2001rerun/output001/20010101.ocean_daily_2001_034.nc,ocean.1day.nv:2.xh:3600.yh:845,1day,"2001-02-03, 00:00:00","2001-02-04, 00:00:00","['average_DT', 'average_T1', 'average_T2', 'mlotst', 'nv', 'time', 'time_bnds', 'xh', 'yh', 'zos']","['Length of average period', 'Start time for average period', 'End time for average period', 'Ocean Mixed Layer Thickness Defined by Sigma T', 'vertex number', 'time', 'time axis boundaries', 'h point nominal longitude', 'h point nominal latitude', 'Sea surface height above geoid']","['', '', '', 'ocean_mixed_layer_thickness_defined_by_sigma_t', '', '', '', '', '', 'sea_surface_height_above_geoid']","['', '', '', 'area:mean yh:mean xh:mean time: mean', '', '', '', '', '', 'area:mean yh:mean xh:mean time: mean']","['days', 'days since 1991-01-01 00:00:00', 'days since 1991-01-01 00:00:00', 'm', '', 'days since 1991-01-01 00:00:00', 'days', 'degrees_east', 'degrees_north', 'm']",ocean
20010101.ocean_daily_2001_035.nc,/g/data/ik11/outputs/mom6-panan/panan-01-zstar-2001rerun/output001/20010101.ocean_daily_2001_035.nc,ocean.1day.nv:2.xh:3600.yh:845,1day,"2001-02-04, 00:00:00","2001-02-05, 00:00:00","['average_DT', 'average_T1', 'average_T2', 'mlotst', 'nv', 'time', 'time_bnds', 'xh', 'yh', 'zos']","['Length of average period', 'Start time for average period', 'End time for average period', 'Ocean Mixed Layer Thickness Defined by Sigma T', 'vertex number', 'time', 'time axis boundaries', 'h point nominal longitude', 'h point nominal latitude', 'Sea surface height above geoid']","['', '', '', 'ocean_mixed_layer_thickness_defined_by_sigma_t', '', '', '', '', '', 'sea_surface_height_above_geoid']","['', '', '', 'area:mean yh:mean xh:mean time: mean', '', '', '', '', '', 'area:mean yh:mean xh:mean time: mean']","['days', 'days since 1991-01-01 00:00:00', 'days since 1991-01-01 00:00:00', 'm', '', 'days since 1991-01-01 00:00:00', 'days', 'degrees_east', 'degrees_north', 'm']",ocean
20010101.ocean_daily_2001_036.nc,/g/data/ik11/outputs/mom6-panan/panan-01-zstar-2001rerun/output001/20010101.ocean_daily_2001_036.nc,ocean.1day.nv:2.xh:3600.yh:845,1day,"2001-02-05, 00:00:00","2001-02-06, 00:00:00","['average_DT', 'average_T1', 'average_T2', 'mlotst', 'nv', 'time', 'time_bnds', 'xh', 'yh', 'zos']","['Length of average period', 'Start time for average period', 'End time for average period', 'Ocean Mixed Layer Thickness Defined by Sigma T', 'vertex number', 'time', 'time axis boundaries', 'h point nominal longitude', 'h point nominal latitude', 'Sea surface height above geoid']","['', '', '', 'ocean_mixed_layer_thickness_defined_by_sigma_t', '', '', '', '', '', 'sea_surface_height_above_geoid']","['', '', '', 'area:mean yh:mean xh:mean time: mean', '', '', '', '', '', 'area:mean yh:mean xh:mean time: mean']","['days', 'days since 1991-01-01 00:00:00', 'days since 1991-01-01 00:00:00', 'm', '', 'days since 1991-01-01 00:00:00', 'days', 'degrees_east', 'degrees_north', 'm']",ocean
20010101.ocean_daily_2001_037.nc,/g/data/ik11/outputs/mom6-panan/panan-01-zstar-2001rerun/output001/20010101.ocean_daily_2001_037.nc,ocean.1day.nv:2.xh:3600.yh:845,1day,"2001-02-06, 00:00:00","2001-02-07, 00:00:00","['average_DT', 'average_T1', 'average_T2', 'mlotst', 'nv', 'time', 'time_bnds', 'xh', 'yh', 'zos']","['Length of average period', 'Start time for average period', 'End time for average period', 'Ocean Mixed Layer Thickness Defined by Sigma T', 'vertex number', 'time', 'time axis boundaries', 'h point nominal longitude', 'h point nominal latitude', 'Sea surface height above geoid']","['', '', '', 'ocean_mixed_layer_thickness_defined_by_sigma_t', '', '', '', '', '', 'sea_surface_height_above_geoid']","['', '', '', 'area:mean yh:mean xh:mean time: mean', '', '', '', '', '', 'area:mean yh:mean xh:mean time: mean']","['days', 'days since 1991-01-01 00:00:00', 'days since 1991-01-01 00:00:00', 'm', '', 'days since 1991-01-01 00:00:00', 'days', 'degrees_east', 'degrees_north', 'm']",ocean
20010101.ocean_daily_2001_038.nc,/g/data/ik11/outputs/mom6-panan/panan-01-zstar-2001rerun/output001/20010101.ocean_daily_2001_038.nc,ocean.1day.nv:2.xh:3600.yh:845,1day,"2001-02-07, 00:00:00","2001-02-08, 00:00:00","['average_DT', 'average_T1', 'average_T2', 'mlotst', 'nv', 'time', 'time_bnds', 'xh', 'yh', 'zos']","['Length of average period', 'Start time for average period', 'End time for average period', 'Ocean Mixed Layer Thickness Defined by Sigma T', 'vertex number', 'time', 'time axis boundaries', 'h point nominal longitude', 'h point nominal latitude', 'Sea surface height above geoid']","['', '', '', 'ocean_mixed_layer_thickness_defined_by_sigma_t', '', '', '', '', '', 'sea_surface_height_above_geoid']","['', '', '', 'area:mean yh:mean xh:mean time: mean', '', '', '', '', '', 'area:mean yh:mean xh:mean time: mean']","['days', 'days since 1991-01-01 00:00:00', 'days since 1991-01-01 00:00:00', 'm', '', 'days since 1991-01-01 00:00:00', 'days', 'degrees_east', 'degrees_north', 'm']",ocean
20010101.ocean_daily_2001_039.nc,/g/data/ik11/outputs/mom6-panan/panan-01-zstar-2001rerun/output001/20010101.ocean_daily_2001_039.nc,ocean.1day.nv:2.xh:3600.yh:845,1day,"2001-02-08, 00:00:00","2001-02-09, 00:00:00","['average_DT', 'average_T1', 'average_T2', 'mlotst', 'nv', 'time', 'time_bnds', 'xh', 'yh', 'zos']","['Length of average period', 'Start time for average period', 'End time for average period', 'Ocean Mixed Layer Thickness Defined by Sigma T', 'vertex number', 'time', 'time axis boundaries', 'h point nominal longitude', 'h point nominal latitude', 'Sea surface height above geoid']","['', '', '', 'ocean_mixed_layer_thickness_defined_by_sigma_t', '', '', '', '', '', 'sea_surface_height_above_geoid']","['', '', '', 'area:mean yh:mean xh:mean time: mean', '', '', '', '', '', 'area:mean yh:mean xh:mean time: mean']","['days', 'days since 1991-01-01 00:00:00', 'days since 1991-01-01 00:00:00', 'm', '', 'days since 1991-01-01 00:00:00', 'days', 'degrees_east', 'degrees_north', 'm']",ocean
20010101.ocean_daily_2001_040.nc,/g/data/ik11/outputs/mom6-panan/panan-01-zstar-2001rerun/output001/20010101.ocean_daily_2001_040.nc,ocean.1day.nv:2.xh:3600.yh:845,1day,"2001-02-09, 00:00:00","2001-02-10, 00:00:00","['average_DT', 'average_T1', 'average_T2', 'mlotst', 'nv', 'time', 'time_bnds', 'xh', 'yh', 'zos']","['Length of average period', 'Start time for average period', 'End time for average period', 'Ocean Mixed Layer Thickness Defined by Sigma T', 'vertex number', 'time', 'time axis boundaries', 'h point nominal longitude', 'h point nominal latitude', 'Sea surface height above geoid']","['', '', '', 'ocean_mixed_layer_thickness_defined_by_sigma_t', '', '', '', '', '', 'sea_surface_height_above_geoid']","['', '', '', 'area:mean yh:mean xh:mean time: mean', '', '', '', '', '', 'area:mean yh:mean xh:mean time: mean']","['days', 'days since 1991-01-01 00:00:00', 'days since 1991-01-01 00:00:00', 'm', '', 'days since 1991-01-01 00:00:00', 'days', 'degrees_east', 'degrees_north', 'm']",ocean
20010101.ocean_daily_2001_041.nc,/g/data/ik11/outputs/mom6-panan/panan-01-zstar-2001rerun/output001/20010101.ocean_daily_2001_041.nc,ocean.1day.nv:2.xh:3600.yh:845,1day,"2001-02-10, 00:00:00","2001-02-11, 00:00:00","['average_DT', 'average_T1', 'average_T2', 'mlotst', 'nv', 'time', 'time_bnds', 'xh', 'yh', 'zos']","['Length of average period', 'Start time for average period', 'End time for average period', 'Ocean Mixed Layer Thickness Defined by Sigma T', 'vertex number', 'time', 'time axis boundaries', 'h point nominal longitude', 'h point nominal latitude', 'Sea surface height above geoid']","['', '', '', 'ocean_mixed_layer_thickness_defined_by_sigma_t', '', '', '', '', '', 'sea_surface_height_above_geoid']","['', '', '', 'area:mean yh:mean xh:mean time: mean', '', '', '', '', '', 'area:mean yh:mean xh:mean time: mean']","['days', 'days since 1991-01-01 00:00:00', 'days since 1991-01-01 00:00:00', 'm', '', 'days since 1991-01-01 00:00:00', 'days', 'degrees_east', 'degrees_north', 'm']",ocean
20010101.ocean_daily_2001_042.nc,/g/data/ik11/outputs/mom6-panan/panan-01-zstar-2001rerun/output001/20010101.ocean_daily_2001_042.nc,ocean.1day.nv:2.xh:3600.yh:845,1day,"2001-02-11, 00:00:00","2001-02-12, 00:00:00","['average_DT', 'average_T1', 'average_T2', 'mlotst', 'nv', 'time', 'time_bnds', 'xh', 'yh', 'zos']","['Length of average period', 'Start time for average period', 'End time for average period', 'Ocean Mixed Layer Thickness Defined by Sigma T', 'vertex number', 'time', 'time axis boundaries', 'h point nominal longitude', 'h point nominal latitude', 'Sea surface height above geoid']","['', '', '', 'ocean_mixed_layer_thickness_defined_by_sigma_t', '', '', '', '', '', 'sea_surface_height_above_geoid']","['', '', '', 'area:mean yh:mean xh:mean time: mean', '', '', '', '', '', 'area:mean yh:mean xh:mean time: mean']","['days', 'days since 1991-01-01 00:00:00', 'days since 1991-01-01 00:00:00', 'm', '', 'days since 1991-01-01 00:00:00', 'days', 'degrees_east', 'degrees_north', 'm']",ocean
20010101.ocean_daily_2001_043.nc,/g/data/ik11/outputs/mom6-panan/panan-01-zstar-2001rerun/output001/20010101.ocean_daily_2001_043.nc,ocean.1day.nv:2.xh:3600.yh:845,1day,"2001-02-12, 00:00:00","2001-02-13, 00:00:00","['average_DT', 'average_T1', 'average_T2', 'mlotst', 'nv', 'time', 'time_bnds', 'xh', 'yh', 'zos']","['Length of average period', 'Start time for average period', 'End time for average period', 'Ocean Mixed Layer Thickness Defined by Sigma T', 'vertex number', 'time', 'time axis boundaries', 'h point nominal longitude', 'h point nominal latitude', 'Sea surface height above geoid']","['', '', '', 'ocean_mixed_layer_thickness_defined_by_sigma_t', '', '', '', '', '', 'sea_surface_height_above_geoid']","['', '', '', 'area:mean yh:mean xh:mean time: mean', '', '', '', '', '', 'area:mean yh:mean xh:mean time: mean']","['days', 'days since 1991-01-01 00:00:00', 'days since 1991-01-01 00:00:00', 'm', '', 'days since 1991-01-01 00:00:00', 'days', 'degrees_east', 'degrees_north', 'm']",ocean
20010101.ocean_daily_2001_044.nc,/g/data/ik11/outputs/mom6-panan/panan-01-zstar-2001rerun/output001/20010101.ocean_daily_2001_044.nc,ocean.1day.nv:2.xh:3600.yh:845,1day,"2001-02-13, 00:00:00","2001-02-14, 00:00:00","['average_DT', 'average_T1', 'average_T2', 'mlotst', 'nv', 'time', 'time_bnds', 'xh', 'yh', 'zos']","['Length of average period', 'Start time for average period', 'End time for average period', 'Ocean Mixed Layer Thickness Defined by Sigma T', 'vertex number', 'time', 'time axis boundaries', 'h point nominal longitude', 'h point nominal latitude', 'Sea surface height above geoid']","['', '', '', 'ocean_mixed_layer_thickness_defined_by_sigma_t', '', '', '', '', '', 'sea_surface_height_above_geoid']","['', '', '', 'area:mean yh:mean xh:mean time: mean', '', '', '', '', '', 'area:mean yh:mean xh:mean time: mean']","['days', 'days since 1991-01-01 00:00:00', 'days since 1991-01-01 00:00:00', 'm', '', 'days since 1991-01-01 00:00:00', 'days', 'degrees_east', 'degrees_north', 'm']",ocean
20010101.ocean_daily_2001_045.nc,/g/data/ik11/outputs/mom6-panan/panan-01-zstar-2001rerun/output001/20010101.ocean_daily_2001_045.nc,ocean.1day.nv:2.xh:3600.yh:845,1day,"2001-02-14, 00:00:00","2001-02-15, 00:00:00","['average_DT', 'average_T1', 'average_T2', 'mlotst', 'nv', 'time', 'time_bnds', 'xh', 'yh', 'zos']","['Length of average period', 'Start time for average period', 'End time for average period', 'Ocean Mixed Layer Thickness Defined by Sigma T', 'vertex number', 'time', 'time axis boundaries', 'h point nominal longitude', 'h point nominal latitude', 'Sea surface height above geoid']","['', '', '', 'ocean_mixed_layer_thickness_defined_by_sigma_t', '', '', '', '', '', 'sea_surface_height_above_geoid']","['', '', '', 'area:mean yh:mean xh:mean time: mean', '', '', '', '', '', 'area:mean yh:mean xh:mean time: mean']","['days', 'days since 1991-01-01 00:00:00', 'days since 1991-01-01 00:00:00', 'm', '', 'days since 1991-01-01 00:00:00', 'days', 'degrees_east', 'degrees_north', 'm']",ocean
20010101.ocean_daily_2001_046.nc,/g/data/ik11/outputs/mom6-panan/panan-01-zstar-2001rerun/output001/20010101.ocean_daily_2001_046.nc,ocean.1day.nv:2.xh:3600.yh:845,1day,"2001-02-15, 00:00:00","2001-02-16, 00:00:00","['average_DT', 'average_T1', 'average_T2', 'mlotst', 'nv', 'time', 'time_bnds', 'xh', 'yh', 'zos']","['Length of average period', 'Start time for average period', 'End time for average period', 'Ocean Mixed Layer Thickness Defined by Sigma T', 'vertex number', 'time', 'time axis boundaries', 'h point nominal longitude', 'h point nominal latitude', 'Sea surface height above geoid']","['', '', '', 'ocean_mixed_layer_thickness_defined_by_sigma_t', '', '', '', '', '', 'sea_surface_height_above_geoid']","['', '', '', 'area:mean yh:mean xh:mean time: mean', '', '', '', '', '', 'area:mean yh:mean xh:mean time: mean']","['days', 'days since 1991-01-01 00:00:00', 'days since 1991-01-01 00:00:00', 'm', '', 'days since 1991-01-01 00:00:00', 'days', 'degrees_east', 'degrees_north', 'm']",ocean
20010101.ocean_daily_2001_047.nc,/g/data/ik11/outputs/mom6-panan/panan-01-zstar-2001rerun/output001/20010101.ocean_daily_2001_047.nc,ocean.1day.nv:2.xh:3600.yh:845,1day,"2001-02-16, 00:00:00","2001-02-17, 00:00:00","['average_DT', 'average_T1', 'average_T2', 'mlotst', 'nv', 'time', 'time_bnds', 'xh', 'yh', 'zos']","['Length of average period', 'Start time for average period', 'End time for average period', 'Ocean Mixed Layer Thickness Defined by Sigma T', 'vertex number', 'time', 'time axis boundaries', 'h point nominal longitude', 'h point nominal latitude', 'Sea surface height above geoid']","['', '', '', 'ocean_mixed_layer_thickness_defined_by_sigma_t', '', '', '', '', '', 'sea_surface_height_above_geoid']","['', '', '', 'area:mean yh:mean xh:mean time: mean', '', '', '', '', '', 'area:mean yh:mean xh:mean time: mean']","['days', 'days since 1991-01-01 00:00:00', 'days since 1991-01-01 00:00:00', 'm', '', 'days since 1991-01-01 00:00:00', 'days', 'degrees_east', 'degrees_north', 'm']",ocean
20010101.ocean_daily_2001_048.nc,/g/data/ik11/outputs/mom6-panan/panan-01-zstar-2001rerun/output001/20010101.ocean_daily_2001_048.nc,ocean.1day.nv:2.xh:3600.yh:845,1day,"2001-02-17, 00:00:00","2001-02-18, 00:00:00","['average_DT', 'average_T1', 'average_T2', 'mlotst', 'nv', 'time', 'time_bnds', 'xh', 'yh', 'zos']","['Length of average period', 'Start time for average period', 'End time for average period', 'Ocean Mixed Layer Thickness Defined by Sigma T', 'vertex number', 'time', 'time axis boundaries', 'h point nominal longitude', 'h point nominal latitude', 'Sea surface height above geoid']","['', '', '', 'ocean_mixed_layer_thickness_defined_by_sigma_t', '', '', '', '', '', 'sea_surface_height_above_geoid']","['', '', '', 'area:mean yh:mean xh:mean time: mean', '', '', '', '', '', 'area:mean yh:mean xh:mean time: mean']","['days', 'days since 1991-01-01 00:00:00', 'days since 1991-01-01 00:00:00', 'm', '', 'days since 1991-01-01 00:00:00', 'days', 'degrees_east', 'degrees_north', 'm']",ocean
20010101.ocean_daily_2001_049.nc,/g/data/ik11/outputs/mom6-panan/panan-01-zstar-2001rerun/output001/20010101.ocean_daily_2001_049.nc,ocean.1day.nv:2.xh:3600.yh:845,1day,"2001-02-18, 00:00:00","2001-02-19, 00:00:00","['average_DT', 'average_T1', 'average_T2', 'mlotst', 'nv', 'time', 'time_bnds', 'xh', 'yh', 'zos']","['Length of average period', 'Start time for average period', 'End time for average period', 'Ocean Mixed Layer Thickness Defined by Sigma T', 'vertex number', 'time', 'time axis boundaries', 'h point nominal longitude', 'h point nominal latitude', 'Sea surface height above geoid']","['', '', '', 'ocean_mixed_layer_thickness_defined_by_sigma_t', '', '', '', '', '', 'sea_surface_height_above_geoid']","['', '', '', 'area:mean yh:mean xh:mean time: mean', '', '', '', '', '', 'area:mean yh:mean xh:mean time: mean']","['days', 'days since 1991-01-01 00:00:00', 'days since 1991-01-01 00:00:00', 'm', '', 'days since 1991-01-01 00:00:00', 'days', 'degrees_east', 'degrees_north', 'm']",ocean
20010101.ocean_daily_2001_050.nc,/g/data/ik11/outputs/mom6-panan/panan-01-zstar-2001rerun/output001/20010101.ocean_daily_2001_050.nc,ocean.1day.nv:2.xh:3600.yh:845,1day,"2001-02-19, 00:00:00","2001-02-20, 00:00:00","['average_DT', 'average_T1', 'average_T2', 'mlotst', 'nv', 'time', 'time_bnds', 'xh', 'yh', 'zos']","['Length of average period', 'Start time for average period', 'End time for average period', 'Ocean Mixed Layer Thickness Defined by Sigma T', 'vertex number', 'time', 'time axis boundaries', 'h point nominal longitude', 'h point nominal latitude', 'Sea surface height above geoid']","['', '', '', 'ocean_mixed_layer_thickness_defined_by_sigma_t', '', '', '', '', '', 'sea_surface_height_above_geoid']","['', '', '', 'area:mean yh:mean xh:mean time: mean', '', '', '', '', '', 'area:mean yh:mean xh:mean time: mean']","['days', 'days since 1991-01-01 00:00:00', 'days since 1991-01-01 00:00:00', 'm', '', 'days since 1991-01-01 00:00:00', 'days', 'degrees_east', 'degrees_north', 'm']",ocean
20010101.ocean_daily_2001_051.nc,/g/data/ik11/outputs/mom6-panan/panan-01-zstar-2001rerun/output001/20010101.ocean_daily_2001_051.nc,ocean.1day.nv:2.xh:3600.yh:845,1day,"2001-02-20, 00:00:00","2001-02-21, 00:00:00","['average_DT', 'average_T1', 'average_T2', 'mlotst', 'nv', 'time', 'time_bnds', 'xh', 'yh', 'zos']","['Length of average period', 'Start time for average period', 'End time for average period', 'Ocean Mixed Layer Thickness Defined by Sigma T', 'vertex number', 'time', 'time axis boundaries', 'h point nominal longitude', 'h point nominal latitude', 'Sea surface height above geoid']","['', '', '', 'ocean_mixed_layer_thickness_defined_by_sigma_t', '', '', '', '', '', 'sea_surface_height_above_geoid']","['', '', '', 'area:mean yh:mean xh:mean time: mean', '', '', '', '', '', 'area:mean yh:mean xh:mean time: mean']","['days', 'days since 1991-01-01 00:00:00', 'days since 1991-01-01 00:00:00', 'm', '', 'days since 1991-01-01 00:00:00', 'days', 'degrees_east', 'degrees_north', 'm']",ocean
20010101.ocean_daily_2001_052.nc,/g/data/ik11/outputs/mom6-panan/panan-01-zstar-2001rerun/output001/20010101.ocean_daily_2001_052.nc,ocean.1day.nv:2.xh:3600.yh:845,1day,"2001-02-21, 00:00:00","2001-02-22, 00:00:00","['average_DT', 'average_T1', 'average_T2', 'mlotst', 'nv', 'time', 'time_bnds', 'xh', 'yh', 'zos']","['Length of average period', 'Start time for average period', 'End time for average period', 'Ocean Mixed Layer Thickness Defined by Sigma T', 'vertex number', 'time', 'time axis boundaries', 'h point nominal longitude', 'h point nominal latitude', 'Sea surface height above geoid']","['', '', '', 'ocean_mixed_layer_thickness_defined_by_sigma_t', '', '', '', '', '', 'sea_surface_height_above_geoid']","['', '', '', 'area:mean yh:mean xh:mean time: mean', '', '', '', '', '', 'area:mean yh:mean xh:mean time: mean']","['days', 'days since 1991-01-01 00:00:00', 'days since 1991-01-01 00:00:00', 'm', '', 'days since 1991-01-01 00:00:00', 'days', 'degrees_east', 'degrees_north', 'm']",ocean
20010101.ocean_daily_2001_053.nc,/g/data/ik11/outputs/mom6-panan/panan-01-zstar-2001rerun/output001/20010101.ocean_daily_2001_053.nc,ocean.1day.nv:2.xh:3600.yh:845,1day,"2001-02-22, 00:00:00","2001-02-23, 00:00:00","['average_DT', 'average_T1', 'average_T2', 'mlotst', 'nv', 'time', 'time_bnds', 'xh', 'yh', 'zos']","['Length of average period', 'Start time for average period', 'End time for average period', 'Ocean Mixed Layer Thickness Defined by Sigma T', 'vertex number', 'time', 'time axis boundaries', 'h point nominal longitude', 'h point nominal latitude', 'Sea surface height above geoid']","['', '', '', 'ocean_mixed_layer_thickness_defined_by_sigma_t', '', '', '', '', '', 'sea_surface_height_above_geoid']","['', '', '', 'area:mean yh:mean xh:mean time: mean', '', '', '', '', '', 'area:mean yh:mean xh:mean time: mean']","['days', 'days since 1991-01-01 00:00:00', 'days since 1991-01-01 00:00:00', 'm', '', 'days since 1991-01-01 00:00:00', 'days', 'degrees_east', 'degrees_north', 'm']",ocean
20010101.ocean_daily_2001_054.nc,/g/data/ik11/outputs/mom6-panan/panan-01-zstar-2001rerun/output001/20010101.ocean_daily_2001_054.nc,ocean.1day.nv:2.xh:3600.yh:845,1day,"2001-02-23, 00:00:00","2001-02-24, 00:00:00","['average_DT', 'average_T1', 'average_T2', 'mlotst', 'nv', 'time', 'time_bnds', 'xh', 'yh', 'zos']","['Length of average period', 'Start time for average period', 'End time for average period', 'Ocean Mixed Layer Thickness Defined by Sigma T', 'vertex number', 'time', 'time axis boundaries', 'h point nominal longitude', 'h point nominal latitude', 'Sea surface height above geoid']","['', '', '', 'ocean_mixed_layer_thickness_defined_by_sigma_t', '', '', '', '', '', 'sea_surface_height_above_geoid']","['', '', '', 'area:mean yh:mean xh:mean time: mean', '', '', '', '', '', 'area:mean yh:mean xh:mean time: mean']","['days', 'days since 1991-01-01 00:00:00', 'days since 1991-01-01 00:00:00', 'm', '', 'days since 1991-01-01 00:00:00', 'days', 'degrees_east', 'degrees_north', 'm']",ocean
20010101.ocean_daily_2001_055.nc,/g/data/ik11/outputs/mom6-panan/panan-01-zstar-2001rerun/output001/20010101.ocean_daily_2001_055.nc,ocean.1day.nv:2.xh:3600.yh:845,1day,"2001-02-24, 00:00:00","2001-02-25, 00:00:00","['average_DT', 'average_T1', 'average_T2', 'mlotst', 'nv', 'time', 'time_bnds', 'xh', 'yh', 'zos']","['Length of average period', 'Start time for average period', 'End time for average period', 'Ocean Mixed Layer Thickness Defined by Sigma T', 'vertex number', 'time', 'time axis boundaries', 'h point nominal longitude', 'h point nominal latitude', 'Sea surface height above geoid']","['', '', '', 'ocean_mixed_layer_thickness_defined_by_sigma_t', '', '', '', '', '', 'sea_surface_height_above_geoid']","['', '', '', 'area:mean yh:mean xh:mean time: mean', '', '', '', '', '', 'area:mean yh:mean xh:mean time: mean']","['days', 'days since 1991-01-01 00:00:00', 'days since 1991-01-01 00:00:00', 'm', '', 'days since 1991-01-01 00:00:00', 'days', 'degrees_east', 'degrees_north', 'm']",ocean
20010101.ocean_daily_2001_056.nc,/g/data/ik11/outputs/mom6-panan/panan-01-zstar-2001rerun/output001/20010101.ocean_daily_2001_056.nc,ocean.1day.nv:2.xh:3600.yh:845,1day,"2001-02-25, 00:00:00","2001-02-26, 00:00:00","['average_DT', 'average_T1', 'average_T2', 'mlotst', 'nv', 'time', 'time_bnds', 'xh', 'yh', 'zos']","['Length of average period', 'Start time for average period', 'End time for average period', 'Ocean Mixed Layer Thickness Defined by Sigma T', 'vertex number', 'time', 'time axis boundaries', 'h point nominal longitude', 'h point nominal latitude', 'Sea surface height above geoid']","['', '', '', 'ocean_mixed_layer_thickness_defined_by_sigma_t', '', '', '', '', '', 'sea_surface_height_above_geoid']","['', '', '', 'area:mean yh:mean xh:mean time: mean', '', '', '', '', '', 'area:mean yh:mean xh:mean time: mean']","['days', 'days since 1991-01-01 00:00:00', 'days since 1991-01-01 00:00:00', 'm', '', 'days since 1991-01-01 00:00:00', 'days', 'degrees_east', 'degrees_north', 'm']",ocean
20010101.ocean_daily_2001_057.nc,/g/data/ik11/outputs/mom6-panan/panan-01-zstar-2001rerun/output001/20010101.ocean_daily_2001_057.nc,ocean.1day.nv:2.xh:3600.yh:845,1day,"2001-02-26, 00:00:00","2001-02-27, 00:00:00","['average_DT', 'average_T1', 'average_T2', 'mlotst', 'nv', 'time', 'time_bnds', 'xh', 'yh', 'zos']","['Length of average period', 'Start time for average period', 'End time for average period', 'Ocean Mixed Layer Thickness Defined by Sigma T', 'vertex number', 'time', 'time axis boundaries', 'h point nominal longitude', 'h point nominal latitude', 'Sea surface height above geoid']","['', '', '', 'ocean_mixed_layer_thickness_defined_by_sigma_t', '', '', '', '', '', 'sea_surface_height_above_geoid']","['', '', '', 'area:mean yh:mean xh:mean time: mean', '', '', '', '', '', 'area:mean yh:mean xh:mean time: mean']","['days', 'days since 1991-01-01 00:00:00', 'days since 1991-01-01 00:00:00', 'm', '', 'days since 1991-01-01 00:00:00', 'days', 'degrees_east', 'degrees_north', 'm']",ocean
20010101.ocean_daily_2001_058.nc,/g/data/ik11/outputs/mom6-panan/panan-01-zstar-2001rerun/output001/20010101.ocean_daily_2001_058.nc,ocean.1day.nv:2.xh:3600.yh:845,1day,"2001-02-27, 00:00:00","2001-02-28, 00:00:00","['average_DT', 'average_T1', 'average_T2', 'mlotst', 'nv', 'time', 'time_bnds', 'xh', 'yh', 'zos']","['Length of average period', 'Start time for average period', 'End time for average period', 'Ocean Mixed Layer Thickness Defined by Sigma T', 'vertex number', 'time', 'time axis boundaries', 'h point nominal longitude', 'h point nominal latitude', 'Sea surface height above geoid']","['', '', '', 'ocean_mixed_layer_thickness_defined_by_sigma_t', '', '', '', '', '', 'sea_surface_height_above_geoid']","['', '', '', 'area:mean yh:mean xh:mean time: mean', '', '', '', '', '', 'area:mean yh:mean xh:mean time: mean']","['days', 'days since 1991-01-01 00:00:00', 'days since 1991-01-01 00:00:00', 'm', '', 'days since 1991-01-01 00:00:00', 'days', 'degrees_east', 'degrees_north', 'm']",ocean
20010101.ocean_daily_2001_059.nc,/g/data/ik11/outputs/mom6-panan/panan-01-zstar-2001rerun/output001/20010101.ocean_daily_2001_059.nc,ocean.1day.nv:2.xh:3600.yh:845,1day,"2001-02-28, 00:00:00","2001-03-01, 00:00:00","['average_DT', 'average_T1', 'average_T2', 'mlotst', 'nv', 'time', 'time_bnds', 'xh', 'yh', 'zos']","['Length of average period', 'Start time for average period', 'End time for average period', 'Ocean Mixed Layer Thickness Defined by Sigma T', 'vertex number', 'time', 'time axis boundaries', 'h point nominal longitude', 'h point nominal latitude', 'Sea surface height above geoid']","['', '', '', 'ocean_mixed_layer_thickness_defined_by_sigma_t', '', '', '', '', '', 'sea_surface_height_above_geoid']","['', '', '', 'area:mean yh:mean xh:mean time: mean', '', '', '', '', '', 'area:mean yh:mean xh:mean time: mean']","['days', 'days since 1991-01-01 00:00:00', 'days since 1991-01-01 00:00:00', 'm', '', 'days since 1991-01-01 00:00:00', 'days', 'degrees_east', 'degrees_north', 'm']",ocean
20010101.ocean_daily_z_2001_001.nc,/g/data/ik11/outputs/mom6-panan/panan-01-zstar-2001rerun/output001/20010101.ocean_daily_z_2001_001.nc,ocean.1day.nv:2.xh:3600.xq:3601.yh:845.yq:846.z_l_sub01:1,1day,"2001-01-01, 00:00:00","2001-01-02, 00:00:00","['average_DT', 'average_T1', 'average_T2', 'nv', 'time', 'time_bnds', 'uo', 'vo', 'xh', 'xq', 'yh', 'yq', 'z_l_sub01']","['Length of average period', 'Start time for average period', 'End time for average period', 'vertex number', 'time', 'time axis boundaries', 'Sea Water X Velocity', 'Sea Water Y Velocity', 'h point nominal longitude', 'q point nominal longitude', 'h point nominal latitude', 'q point nominal latitude', 'Depth at cell center']","['', '', '', '', '', '', 'sea_water_x_velocity', 'sea_water_y_velocity', '', '', '', '', '']","['', '', '', '', '', '', 'z_l:mean yh:mean xq:point time: mean', 'z_l:mean yq:point xh:mean time: mean', '', '', '', '', '']","['days', 'days since 1991-01-01 00:00:00', 'days since 1991-01-01 00:00:00', '', 'days since 1991-01-01 00:00:00', 'days', 'm s-1', 'm s-1', 'degrees_east', 'degrees_east', 'degrees_north', 'degrees_north', 'meters']",ocean
20010101.ocean_daily_z_2001_002.nc,/g/data/ik11/outputs/mom6-panan/panan-01-zstar-2001rerun/output001/20010101.ocean_daily_z_2001_002.nc,ocean.1day.nv:2.xh:3600.xq:3601.yh:845.yq:846.z_l_sub01:1,1day,"2001-01-02, 00:00:00","2001-01-03, 00:00:00","['average_DT', 'average_T1', 'average_T2', 'nv', 'time', 'time_bnds', 'uo', 'vo', 'xh', 'xq', 'yh', 'yq', 'z_l_sub01']","['Length of average period', 'Start time for average period', 'End time for average period', 'vertex number', 'time', 'time axis boundaries', 'Sea Water X Velocity', 'Sea Water Y Velocity', 'h point nominal longitude', 'q point nominal longitude', 'h point nominal latitude', 'q point nominal latitude', 'Depth at cell center']","['', '', '', '', '', '', 'sea_water_x_velocity', 'sea_water_y_velocity', '', '', '', '', '']","['', '', '', '', '', '', 'z_l:mean yh:mean xq:point time: mean', 'z_l:mean yq:point xh:mean time: mean', '', '', '', '', '']","['days', 'days since 1991-01-01 00:00:00', 'days since 1991-01-01 00:00:00', '', 'days since 1991-01-01 00:00:00', 'days', 'm s-1', 'm s-1', 'degrees_east', 'degrees_east', 'degrees_north', 'degrees_north', 'meters']",ocean
20010101.ocean_daily_z_2001_003.nc,/g/data/ik11/outputs/mom6-panan/panan-01-zstar-2001rerun/output001/20010101.ocean_daily_z_2001_003.nc,ocean.1day.nv:2.xh:3600.xq:3601.yh:845.yq:846.z_l_sub01:1,1day,"2001-01-03, 00:00:00","2001-01-04, 00:00:00","['average_DT', 'average_T1', 'average_T2', 'nv', 'time', 'time_bnds', 'uo', 'vo', 'xh', 'xq', 'yh', 'yq', 'z_l_sub01']","['Length of average period', 'Start time for average period', 'End time for average period', 'vertex number', 'time', 'time axis boundaries', 'Sea Water X Velocity', 'Sea Water Y Velocity', 'h point nominal longitude', 'q point nominal longitude', 'h point nominal latitude', 'q point nominal latitude', 'Depth at cell center']","['', '', '', '', '', '', 'sea_water_x_velocity', 'sea_water_y_velocity', '', '', '', '', '']","['', '', '', '', '', '', 'z_l:mean yh:mean xq:point time: mean', 'z_l:mean yq:point xh:mean time: mean', '', '', '', '', '']","['days', 'days since 1991-01-01 00:00:00', 'days since 1991-01-01 00:00:00', '', 'days since 1991-01-01 00:00:00', 'days', 'm s-1', 'm s-1', 'degrees_east', 'degrees_east', 'degrees_north', 'degrees_north', 'meters']",ocean
20010101.ocean_daily_z_2001_004.nc,/g/data/ik11/outputs/mom6-panan/panan-01-zstar-2001rerun/output001/20010101.ocean_daily_z_2001_004.nc,ocean.1day.nv:2.xh:3600.xq:3601.yh:845.yq:846.z_l_sub01:1,1day,"2001-01-04, 00:00:00","2001-01-05, 00:00:00","['average_DT', 'average_T1', 'average_T2', 'nv', 'time', 'time_bnds', 'uo', 'vo', 'xh', 'xq', 'yh', 'yq', 'z_l_sub01']","['Length of average period', 'Start time for average period', 'End time for average period', 'vertex number', 'time', 'time axis boundaries', 'Sea Water X Velocity', 'Sea Water Y Velocity', 'h point nominal longitude', 'q point nominal longitude', 'h point nominal latitude', 'q point nominal latitude', 'Depth at cell center']","['', '', '', '', '', '', 'sea_water_x_velocity', 'sea_water_y_velocity', '', '', '', '', '']","['', '', '', '', '', '', 'z_l:mean yh:mean xq:point time: mean', 'z_l:mean yq:point xh:mean time: mean', '', '', '', '', '']","['days', 'days since 1991-01-01 00:00:00', 'days since 1991-01-01 00:00:00', '', 'days since 1991-01-01 00:00:00', 'days', 'm s-1', 'm s-1', 'degrees_east', 'degrees_east', 'degrees_north', 'degrees_north', 'meters']",ocean
20010101.ocean_daily_z_2001_005.nc,/g/data/ik11/outputs/mom6-panan/panan-01-zstar-2001rerun/output001/20010101.ocean_daily_z_2001_005.nc,ocean.1day.nv:2.xh:3600.xq:3601.yh:845.yq:846.z_l_sub01:1,1day,"2001-01-05, 00:00:00","2001-01-06, 00:00:00","['average_DT', 'average_T1', 'average_T2', 'nv', 'time', 'time_bnds', 'uo', 'vo', 'xh', 'xq', 'yh', 'yq', 'z_l_sub01']","['Length of average period', 'Start time for average period', 'End time for average period', 'vertex number', 'time', 'time axis boundaries', 'Sea Water X Velocity', 'Sea Water Y Velocity', 'h point nominal longitude', 'q point nominal longitude', 'h point nominal latitude', 'q point nominal latitude', 'Depth at cell center']","['', '', '', '', '', '', 'sea_water_x_velocity', 'sea_water_y_velocity', '', '', '', '', '']","['', '', '', '', '', '', 'z_l:mean yh:mean xq:point time: mean', 'z_l:mean yq:point xh:mean time: mean', '', '', '', '', '']","['days', 'days since 1991-01-01 00:00:00', 'days since 1991-01-01 00:00:00', '', 'days since 1991-01-01 00:00:00', 'days', 'm s-1', 'm s-1', 'degrees_east', 'degrees_east', 'degrees_north', 'degrees_north', 'meters']",ocean
20010101.ocean_daily_z_2001_006.nc,/g/data/ik11/outputs/mom6-panan/panan-01-zstar-2001rerun/output001/20010101.ocean_daily_z_2001_006.nc,ocean.1day.nv:2.xh:3600.xq:3601.yh:845.yq:846.z_l_sub01:1,1day,"2001-01-06, 00:00:00","2001-01-07, 00:00:00","['average_DT', 'average_T1', 'average_T2', 'nv', 'time', 'time_bnds', 'uo', 'vo', 'xh', 'xq', 'yh', 'yq', 'z_l_sub01']","['Length of average period', 'Start time for average period', 'End time for average period', 'vertex number', 'time', 'time axis boundaries', 'Sea Water X Velocity', 'Sea Water Y Velocity', 'h point nominal longitude', 'q point nominal longitude', 'h point nominal latitude', 'q point nominal latitude', 'Depth at cell center']","['', '', '', '', '', '', 'sea_water_x_velocity', 'sea_water_y_velocity', '', '', '', '', '']","['', '', '', '', '', '', 'z_l:mean yh:mean xq:point time: mean', 'z_l:mean yq:point xh:mean time: mean', '', '', '', '', '']","['days', 'days since 1991-01-01 00:00:00', 'days since 1991-01-01 00:00:00', '', 'days since 1991-01-01 00:00:00', 'days', 'm s-1', 'm s-1', 'degrees_east', 'degrees_east', 'degrees_north', 'degrees_north', 'meters']",ocean
20010101.ocean_daily_z_2001_007.nc,/g/data/ik11/outputs/mom6-panan/panan-01-zstar-2001rerun/output001/20010101.ocean_daily_z_2001_007.nc,ocean.1day.nv:2.xh:3600.xq:3601.yh:845.yq:846.z_l_sub01:1,1day,"2001-01-07, 00:00:00","2001-01-08, 00:00:00","['average_DT', 'average_T1', 'average_T2', 'nv', 'time', 'time_bnds', 'uo', 'vo', 'xh', 'xq', 'yh', 'yq', 'z_l_sub01']","['Length of average period', 'Start time for average period', 'End time for average period', 'vertex number', 'time', 'time axis boundaries', 'Sea Water X Velocity', 'Sea Water Y Velocity', 'h point nominal longitude', 'q point nominal longitude', 'h point nominal latitude', 'q point nominal latitude', 'Depth at cell center']","['', '', '', '', '', '', 'sea_water_x_velocity', 'sea_water_y_velocity', '', '', '', '', '']","['', '', '', '', '', '', 'z_l:mean yh:mean xq:point time: mean', 'z_l:mean yq:point xh:mean time: mean', '', '', '', '', '']","['days', 'days since 1991-01-01 00:00:00', 'days since 1991-01-01 00:00:00', '', 'days since 1991-01-01 00:00:00', 'days', 'm s-1', 'm s-1', 'degrees_east', 'degrees_east', 'degrees_north', 'degrees_north', 'meters']",ocean
20010101.ocean_daily_z_2001_008.nc,/g/data/ik11/outputs/mom6-panan/panan-01-zstar-2001rerun/output001/20010101.ocean_daily_z_2001_008.nc,ocean.1day.nv:2.xh:3600.xq:3601.yh:845.yq:846.z_l_sub01:1,1day,"2001-01-08, 00:00:00","2001-01-09, 00:00:00","['average_DT', 'average_T1', 'average_T2', 'nv', 'time', 'time_bnds', 'uo', 'vo', 'xh', 'xq', 'yh', 'yq', 'z_l_sub01']","['Length of average period', 'Start time for average period', 'End time for average period', 'vertex number', 'time', 'time axis boundaries', 'Sea Water X Velocity', 'Sea Water Y Velocity', 'h point nominal longitude', 'q point nominal longitude', 'h point nominal latitude', 'q point nominal latitude', 'Depth at cell center']","['', '', '', '', '', '', 'sea_water_x_velocity', 'sea_water_y_velocity', '', '', '', '', '']","['', '', '', '', '', '', 'z_l:mean yh:mean xq:point time: mean', 'z_l:mean yq:point xh:mean time: mean', '', '', '', '', '']","['days', 'days since 1991-01-01 00:00:00', 'days since 1991-01-01 00:00:00', '', 'days since 1991-01-01 00:00:00', 'days', 'm s-1', 'm s-1', 'degrees_east', 'degrees_east', 'degrees_north', 'degrees_north', 'meters']",ocean
20010101.ocean_daily_z_2001_009.nc,/g/data/ik11/outputs/mom6-panan/panan-01-zstar-2001rerun/output001/20010101.ocean_daily_z_2001_009.nc,ocean.1day.nv:2.xh:3600.xq:3601.yh:845.yq:846.z_l_sub01:1,1day,"2001-01-09, 00:00:00","2001-01-10, 00:00:00","['average_DT', 'average_T1', 'average_T2', 'nv', 'time', 'time_bnds', 'uo', 'vo', 'xh', 'xq', 'yh', 'yq', 'z_l_sub01']","['Length of average period', 'Start time for average period', 'End time for average period', 'vertex number', 'time', 'time axis boundaries', 'Sea Water X Velocity', 'Sea Water Y Velocity', 'h point nominal longitude', 'q point nominal longitude', 'h point nominal latitude', 'q point nominal latitude', 'Depth at cell center']","['', '', '', '', '', '', 'sea_water_x_velocity', 'sea_water_y_velocity', '', '', '', '', '']","['', '', '', '', '', '', 'z_l:mean yh:mean xq:point time: mean', 'z_l:mean yq:point xh:mean time: mean', '', '', '', '', '']","['days', 'days since 1991-01-01 00:00:00', 'days since 1991-01-01 00:00:00', '', 'days since 1991-01-01 00:00:00', 'days', 'm s-1', 'm s-1', 'degrees_east', 'degrees_east', 'degrees_north', 'degrees_north', 'meters']",ocean
20010101.ocean_daily_z_2001_010.nc,/g/data/ik11/outputs/mom6-panan/panan-01-zstar-2001rerun/output001/20010101.ocean_daily_z_2001_010.nc,ocean.1day.nv:2.xh:3600.xq:3601.yh:845.yq:846.z_l_sub01:1,1day,"2001-01-10, 00:00:00","2001-01-11, 00:00:00","['average_DT', 'average_T1', 'average_T2', 'nv', 'time', 'time_bnds', 'uo', 'vo', 'xh', 'xq', 'yh', 'yq', 'z_l_sub01']","['Length of average period', 'Start time for average period', 'End time for average period', 'vertex number', 'time', 'time axis boundaries', 'Sea Water X Velocity', 'Sea Water Y Velocity', 'h point nominal longitude', 'q point nominal longitude', 'h point nominal latitude', 'q point nominal latitude', 'Depth at cell center']","['', '', '', '', '', '', 'sea_water_x_velocity', 'sea_water_y_velocity', '', '', '', '', '']","['', '', '', '', '', '', 'z_l:mean yh:mean xq:point time: mean', 'z_l:mean yq:point xh:mean time: mean', '', '', '', '', '']","['days', 'days since 1991-01-01 00:00:00', 'days since 1991-01-01 00:00:00', '', 'days since 1991-01-01 00:00:00', 'days', 'm s-1', 'm s-1', 'degrees_east', 'degrees_east', 'degrees_north', 'degrees_north', 'meters']",ocean
20010101.ocean_daily_z_2001_011.nc,/g/data/ik11/outputs/mom6-panan/panan-01-zstar-2001rerun/output001/20010101.ocean_daily_z_2001_011.nc,ocean.1day.nv:2.xh:3600.xq:3601.yh:845.yq:846.z_l_sub01:1,1day,"2001-01-11, 00:00:00","2001-01-12, 00:00:00","['average_DT', 'average_T1', 'average_T2', 'nv', 'time', 'time_bnds', 'uo', 'vo', 'xh', 'xq', 'yh', 'yq', 'z_l_sub01']","['Length of average period', 'Start time for average period', 'End time for average period', 'vertex number', 'time', 'time axis boundaries', 'Sea Water X Velocity', 'Sea Water Y Velocity', 'h point nominal longitude', 'q point nominal longitude', 'h point nominal latitude', 'q point nominal latitude', 'Depth at cell center']","['', '', '', '', '', '', 'sea_water_x_velocity', 'sea_water_y_velocity', '', '', '', '', '']","['', '', '', '', '', '', 'z_l:mean yh:mean xq:point time: mean', 'z_l:mean yq:point xh:mean time: mean', '', '', '', '', '']","['days', 'days since 1991-01-01 00:00:00', 'days since 1991-01-01 00:00:00', '', 'days since 1991-01-01 00:00:00', 'days', 'm s-1', 'm s-1', 'degrees_east', 'degrees_east', 'degrees_north', 'degrees_north', 'meters']",ocean
20010101.ocean_daily_z_2001_012.nc,/g/data/ik11/outputs/mom6-panan/panan-01-zstar-2001rerun/output001/20010101.ocean_daily_z_2001_012.nc,ocean.1day.nv:2.xh:3600.xq:3601.yh:845.yq:846.z_l_sub01:1,1day,"2001-01-12, 00:00:00","2001-01-13, 00:00:00","['average_DT', 'average_T1', 'average_T2', 'nv', 'time', 'time_bnds', 'uo', 'vo', 'xh', 'xq', 'yh', 'yq', 'z_l_sub01']","['Length of average period', 'Start time for average period', 'End time for average period', 'vertex number', 'time', 'time axis boundaries', 'Sea Water X Velocity', 'Sea Water Y Velocity', 'h point nominal longitude', 'q point nominal longitude', 'h point nominal latitude', 'q point nominal latitude', 'Depth at cell center']","['', '', '', '', '', '', 'sea_water_x_velocity', 'sea_water_y_velocity', '', '', '', '', '']","['', '', '', '', '', '', 'z_l:mean yh:mean xq:point time: mean', 'z_l:mean yq:point xh:mean time: mean', '', '', '', '', '']","['days', 'days since 1991-01-01 00:00:00', 'days since 1991-01-01 00:00:00', '', 'days since 1991-01-01 00:00:00', 'days', 'm s-1', 'm s-1', 'degrees_east', 'degrees_east', 'degrees_north', 'degrees_north', 'meters']",ocean
20010101.ocean_daily_z_2001_013.nc,/g/data/ik11/outputs/mom6-panan/panan-01-zstar-2001rerun/output001/20010101.ocean_daily_z_2001_013.nc,ocean.1day.nv:2.xh:3600.xq:3601.yh:845.yq:846.z_l_sub01:1,1day,"2001-01-13, 00:00:00","2001-01-14, 00:00:00","['average_DT', 'average_T1', 'average_T2', 'nv', 'time', 'time_bnds', 'uo', 'vo', 'xh', 'xq', 'yh', 'yq', 'z_l_sub01']","['Length of average period', 'Start time for average period', 'End time for average period', 'vertex number', 'time', 'time axis boundaries', 'Sea Water X Velocity', 'Sea Water Y Velocity', 'h point nominal longitude', 'q point nominal longitude', 'h point nominal latitude', 'q point nominal latitude', 'Depth at cell center']","['', '', '', '', '', '', 'sea_water_x_velocity', 'sea_water_y_velocity', '', '', '', '', '']","['', '', '', '', '', '', 'z_l:mean yh:mean xq:point time: mean', 'z_l:mean yq:point xh:mean time: mean', '', '', '', '', '']","['days', 'days since 1991-01-01 00:00:00', 'days since 1991-01-01 00:00:00', '', 'days since 1991-01-01 00:00:00', 'days', 'm s-1', 'm s-1', 'degrees_east', 'degrees_east', 'degrees_north', 'degrees_north', 'meters']",ocean
20010101.ocean_daily_z_2001_014.nc,/g/data/ik11/outputs/mom6-panan/panan-01-zstar-2001rerun/output001/20010101.ocean_daily_z_2001_014.nc,ocean.1day.nv:2.xh:3600.xq:3601.yh:845.yq:846.z_l_sub01:1,1day,"2001-01-14, 00:00:00","2001-01-15, 00:00:00","['average_DT', 'average_T1', 'average_T2', 'nv', 'time', 'time_bnds', 'uo', 'vo', 'xh', 'xq', 'yh', 'yq', 'z_l_sub01']","['Length of average period', 'Start time for average period', 'End time for average period', 'vertex number', 'time', 'time axis boundaries', 'Sea Water X Velocity', 'Sea Water Y Velocity', 'h point nominal longitude', 'q point nominal longitude', 'h point nominal latitude', 'q point nominal latitude', 'Depth at cell center']","['', '', '', '', '', '', 'sea_water_x_velocity', 'sea_water_y_velocity', '', '', '', '', '']","['', '', '', '', '', '', 'z_l:mean yh:mean xq:point time: mean', 'z_l:mean yq:point xh:mean time: mean', '', '', '', '', '']","['days', 'days since 1991-01-01 00:00:00', 'days since 1991-01-01 00:00:00', '', 'days since 1991-01-01 00:00:00', 'days', 'm s-1', 'm s-1', 'degrees_east', 'degrees_east', 'degrees_north', 'degrees_north', 'meters']",ocean
20010101.ocean_daily_z_2001_015.nc,/g/data/ik11/outputs/mom6-panan/panan-01-zstar-2001rerun/output001/20010101.ocean_daily_z_2001_015.nc,ocean.1day.nv:2.xh:3600.xq:3601.yh:845.yq:846.z_l_sub01:1,1day,"2001-01-15, 00:00:00","2001-01-16, 00:00:00","['average_DT', 'average_T1', 'average_T2', 'nv', 'time', 'time_bnds', 'uo', 'vo', 'xh', 'xq', 'yh', 'yq', 'z_l_sub01']","['Length of average period', 'Start time for average period', 'End time for average period', 'vertex number', 'time', 'time axis boundaries', 'Sea Water X Velocity', 'Sea Water Y Velocity', 'h point nominal longitude', 'q point nominal longitude', 'h point nominal latitude', 'q point nominal latitude', 'Depth at cell center']","['', '', '', '', '', '', 'sea_water_x_velocity', 'sea_water_y_velocity', '', '', '', '', '']","['', '', '', '', '', '', 'z_l:mean yh:mean xq:point time: mean', 'z_l:mean yq:point xh:mean time: mean', '', '', '', '', '']","['days', 'days since 1991-01-01 00:00:00', 'days since 1991-01-01 00:00:00', '', 'days since 1991-01-01 00:00:00', 'days', 'm s-1', 'm s-1', 'degrees_east', 'degrees_east', 'degrees_north', 'degrees_north', 'meters']",ocean
20010101.ocean_daily_z_2001_016.nc,/g/data/ik11/outputs/mom6-panan/panan-01-zstar-2001rerun/output001/20010101.ocean_daily_z_2001_016.nc,ocean.1day.nv:2.xh:3600.xq:3601.yh:845.yq:846.z_l_sub01:1,1day,"2001-01-16, 00:00:00","2001-01-17, 00:00:00","['average_DT', 'average_T1', 'average_T2', 'nv', 'time', 'time_bnds', 'uo', 'vo', 'xh', 'xq', 'yh', 'yq', 'z_l_sub01']","['Length of average period', 'Start time for average period', 'End time for average period', 'vertex number', 'time', 'time axis boundaries', 'Sea Water X Velocity', 'Sea Water Y Velocity', 'h point nominal longitude', 'q point nominal longitude', 'h point nominal latitude', 'q point nominal latitude', 'Depth at cell center']","['', '', '', '', '', '', 'sea_water_x_velocity', 'sea_water_y_velocity', '', '', '', '', '']","['', '', '', '', '', '', 'z_l:mean yh:mean xq:point time: mean', 'z_l:mean yq:point xh:mean time: mean', '', '', '', '', '']","['days', 'days since 1991-01-01 00:00:00', 'days since 1991-01-01 00:00:00', '', 'days since 1991-01-01 00:00:00', 'days', 'm s-1', 'm s-1', 'degrees_east', 'degrees_east', 'degrees_north', 'degrees_north', 'meters']",ocean
20010101.ocean_daily_z_2001_017.nc,/g/data/ik11/outputs/mom6-panan/panan-01-zstar-2001rerun/output001/20010101.ocean_daily_z_2001_017.nc,ocean.1day.nv:2.xh:3600.xq:3601.yh:845.yq:846.z_l_sub01:1,1day,"2001-01-17, 00:00:00","2001-01-18, 00:00:00","['average_DT', 'average_T1', 'average_T2', 'nv', 'time', 'time_bnds', 'uo', 'vo', 'xh', 'xq', 'yh', 'yq', 'z_l_sub01']","['Length of average period', 'Start time for average period', 'End time for average period', 'vertex number', 'time', 'time axis boundaries', 'Sea Water X Velocity', 'Sea Water Y Velocity', 'h point nominal longitude', 'q point nominal longitude', 'h point nominal latitude', 'q point nominal latitude', 'Depth at cell center']","['', '', '', '', '', '', 'sea_water_x_velocity', 'sea_water_y_velocity', '', '', '', '', '']","['', '', '', '', '', '', 'z_l:mean yh:mean xq:point time: mean', 'z_l:mean yq:point xh:mean time: mean', '', '', '', '', '']","['days', 'days since 1991-01-01 00:00:00', 'days since 1991-01-01 00:00:00', '', 'days since 1991-01-01 00:00:00', 'days', 'm s-1', 'm s-1', 'degrees_east', 'degrees_east', 'degrees_north', 'degrees_north', 'meters']",ocean
20010101.ocean_daily_z_2001_018.nc,/g/data/ik11/outputs/mom6-panan/panan-01-zstar-2001rerun/output001/20010101.ocean_daily_z_2001_018.nc,ocean.1day.nv:2.xh:3600.xq:3601.yh:845.yq:846.z_l_sub01:1,1day,"2001-01-18, 00:00:00","2001-01-19, 00:00:00","['average_DT', 'average_T1', 'average_T2', 'nv', 'time', 'time_bnds', 'uo', 'vo', 'xh', 'xq', 'yh', 'yq', 'z_l_sub01']","['Length of average period', 'Start time for average period', 'End time for average period', 'vertex number', 'time', 'time axis boundaries', 'Sea Water X Velocity', 'Sea Water Y Velocity', 'h point nominal longitude', 'q point nominal longitude', 'h point nominal latitude', 'q point nominal latitude', 'Depth at cell center']","['', '', '', '', '', '', 'sea_water_x_velocity', 'sea_water_y_velocity', '', '', '', '', '']","['', '', '', '', '', '', 'z_l:mean yh:mean xq:point time: mean', 'z_l:mean yq:point xh:mean time: mean', '', '', '', '', '']","['days', 'days since 1991-01-01 00:00:00', 'days since 1991-01-01 00:00:00', '', 'days since 1991-01-01 00:00:00', 'days', 'm s-1', 'm s-1', 'degrees_east', 'degrees_east', 'degrees_north', 'degrees_north', 'meters']",ocean
20010101.ocean_daily_z_2001_019.nc,/g/data/ik11/outputs/mom6-panan/panan-01-zstar-2001rerun/output001/20010101.ocean_daily_z_2001_019.nc,ocean.1day.nv:2.xh:3600.xq:3601.yh:845.yq:846.z_l_sub01:1,1day,"2001-01-19, 00:00:00","2001-01-20, 00:00:00","['average_DT', 'average_T1', 'average_T2', 'nv', 'time', 'time_bnds', 'uo', 'vo', 'xh', 'xq', 'yh', 'yq', 'z_l_sub01']","['Length of average period', 'Start time for average period', 'End time for average period', 'vertex number', 'time', 'time axis boundaries', 'Sea Water X Velocity', 'Sea Water Y Velocity', 'h point nominal longitude', 'q point nominal longitude', 'h point nominal latitude', 'q point nominal latitude', 'Depth at cell center']","['', '', '', '', '', '', 'sea_water_x_velocity', 'sea_water_y_velocity', '', '', '', '', '']","['', '', '', '', '', '', 'z_l:mean yh:mean xq:point time: mean', 'z_l:mean yq:point xh:mean time: mean', '', '', '', '', '']","['days', 'days since 1991-01-01 00:00:00', 'days since 1991-01-01 00:00:00', '', 'days since 1991-01-01 00:00:00', 'days', 'm s-1', 'm s-1', 'degrees_east', 'degrees_east', 'degrees_north', 'degrees_north', 'meters']",ocean
20010101.ocean_daily_z_2001_020.nc,/g/data/ik11/outputs/mom6-panan/panan-01-zstar-2001rerun/output001/20010101.ocean_daily_z_2001_020.nc,ocean.1day.nv:2.xh:3600.xq:3601.yh:845.yq:846.z_l_sub01:1,1day,"2001-01-20, 00:00:00","2001-01-21, 00:00:00","['average_DT', 'average_T1', 'average_T2', 'nv', 'time', 'time_bnds', 'uo', 'vo', 'xh', 'xq', 'yh', 'yq', 'z_l_sub01']","['Length of average period', 'Start time for average period', 'End time for average period', 'vertex number', 'time', 'time axis boundaries', 'Sea Water X Velocity', 'Sea Water Y Velocity', 'h point nominal longitude', 'q point nominal longitude', 'h point nominal latitude', 'q point nominal latitude', 'Depth at cell center']","['', '', '', '', '', '', 'sea_water_x_velocity', 'sea_water_y_velocity', '', '', '', '', '']","['', '', '', '', '', '', 'z_l:mean yh:mean xq:point time: mean', 'z_l:mean yq:point xh:mean time: mean', '', '', '', '', '']","['days', 'days since 1991-01-01 00:00:00', 'days since 1991-01-01 00:00:00', '', 'days since 1991-01-01 00:00:00', 'days', 'm s-1', 'm s-1', 'degrees_east', 'degrees_east', 'degrees_north', 'degrees_north', 'meters']",ocean
20010101.ocean_daily_z_2001_021.nc,/g/data/ik11/outputs/mom6-panan/panan-01-zstar-2001rerun/output001/20010101.ocean_daily_z_2001_021.nc,ocean.1day.nv:2.xh:3600.xq:3601.yh:845.yq:846.z_l_sub01:1,1day,"2001-01-21, 00:00:00","2001-01-22, 00:00:00","['average_DT', 'average_T1', 'average_T2', 'nv', 'time', 'time_bnds', 'uo', 'vo', 'xh', 'xq', 'yh', 'yq', 'z_l_sub01']","['Length of average period', 'Start time for average period', 'End time for average period', 'vertex number', 'time', 'time axis boundaries', 'Sea Water X Velocity', 'Sea Water Y Velocity', 'h point nominal longitude', 'q point nominal longitude', 'h point nominal latitude', 'q point nominal latitude', 'Depth at cell center']","['', '', '', '', '', '', 'sea_water_x_velocity', 'sea_water_y_velocity', '', '', '', '', '']","['', '', '', '', '', '', 'z_l:mean yh:mean xq:point time: mean', 'z_l:mean yq:point xh:mean time: mean', '', '', '', '', '']","['days', 'days since 1991-01-01 00:00:00', 'days since 1991-01-01 00:00:00', '', 'days since 1991-01-01 00:00:00', 'days', 'm s-1', 'm s-1', 'degrees_east', 'degrees_east', 'degrees_north', 'degrees_north', 'meters']",ocean
20010101.ocean_daily_z_2001_022.nc,/g/data/ik11/outputs/mom6-panan/panan-01-zstar-2001rerun/output001/20010101.ocean_daily_z_2001_022.nc,ocean.1day.nv:2.xh:3600.xq:3601.yh:845.yq:846.z_l_sub01:1,1day,"2001-01-22, 00:00:00","2001-01-23, 00:00:00","['average_DT', 'average_T1', 'average_T2', 'nv', 'time', 'time_bnds', 'uo', 'vo', 'xh', 'xq', 'yh', 'yq', 'z_l_sub01']","['Length of average period', 'Start time for average period', 'End time for average period', 'vertex number', 'time', 'time axis boundaries', 'Sea Water X Velocity', 'Sea Water Y Velocity', 'h point nominal longitude', 'q point nominal longitude', 'h point nominal latitude', 'q point nominal latitude', 'Depth at cell center']","['', '', '', '', '', '', 'sea_water_x_velocity', 'sea_water_y_velocity', '', '', '', '', '']","['', '', '', '', '', '', 'z_l:mean yh:mean xq:point time: mean', 'z_l:mean yq:point xh:mean time: mean', '', '', '', '', '']","['days', 'days since 1991-01-01 00:00:00', 'days since 1991-01-01 00:00:00', '', 'days since 1991-01-01 00:00:00', 'days', 'm s-1', 'm s-1', 'degrees_east', 'degrees_east', 'degrees_north', 'degrees_north', 'meters']",ocean
20010101.ocean_daily_z_2001_023.nc,/g/data/ik11/outputs/mom6-panan/panan-01-zstar-2001rerun/output001/20010101.ocean_daily_z_2001_023.nc,ocean.1day.nv:2.xh:3600.xq:3601.yh:845.yq:846.z_l_sub01:1,1day,"2001-01-23, 00:00:00","2001-01-24, 00:00:00","['average_DT', 'average_T1', 'average_T2', 'nv', 'time', 'time_bnds', 'uo', 'vo', 'xh', 'xq', 'yh', 'yq', 'z_l_sub01']","['Length of average period', 'Start time for average period', 'End time for average period', 'vertex number', 'time', 'time axis boundaries', 'Sea Water X Velocity', 'Sea Water Y Velocity', 'h point nominal longitude', 'q point nominal longitude', 'h point nominal latitude', 'q point nominal latitude', 'Depth at cell center']","['', '', '', '', '', '', 'sea_water_x_velocity', 'sea_water_y_velocity', '', '', '', '', '']","['', '', '', '', '', '', 'z_l:mean yh:mean xq:point time: mean', 'z_l:mean yq:point xh:mean time: mean', '', '', '', '', '']","['days', 'days since 1991-01-01 00:00:00', 'days since 1991-01-01 00:00:00', '', 'days since 1991-01-01 00:00:00', 'days', 'm s-1', 'm s-1', 'degrees_east', 'degrees_east', 'degrees_north', 'degrees_north', 'meters']",ocean
20010101.ocean_daily_z_2001_024.nc,/g/data/ik11/outputs/mom6-panan/panan-01-zstar-2001rerun/output001/20010101.ocean_daily_z_2001_024.nc,ocean.1day.nv:2.xh:3600.xq:3601.yh:845.yq:846.z_l_sub01:1,1day,"2001-01-24, 00:00:00","2001-01-25, 00:00:00","['average_DT', 'average_T1', 'average_T2', 'nv', 'time', 'time_bnds', 'uo', 'vo', 'xh', 'xq', 'yh', 'yq', 'z_l_sub01']","['Length of average period', 'Start time for average period', 'End time for average period', 'vertex number', 'time', 'time axis boundaries', 'Sea Water X Velocity', 'Sea Water Y Velocity', 'h point nominal longitude', 'q point nominal longitude', 'h point nominal latitude', 'q point nominal latitude', 'Depth at cell center']","['', '', '', '', '', '', 'sea_water_x_velocity', 'sea_water_y_velocity', '', '', '', '', '']","['', '', '', '', '', '', 'z_l:mean yh:mean xq:point time: mean', 'z_l:mean yq:point xh:mean time: mean', '', '', '', '', '']","['days', 'days since 1991-01-01 00:00:00', 'days since 1991-01-01 00:00:00', '', 'days since 1991-01-01 00:00:00', 'days', 'm s-1', 'm s-1', 'degrees_east', 'degrees_east', 'degrees_north', 'degrees_north', 'meters']",ocean
20010101.ocean_daily_z_2001_025.nc,/g/data/ik11/outputs/mom6-panan/panan-01-zstar-2001rerun/output001/20010101.ocean_daily_z_2001_025.nc,ocean.1day.nv:2.xh:3600.xq:3601.yh:845.yq:846.z_l_sub01:1,1day,"2001-01-25, 00:00:00","2001-01-26, 00:00:00","['average_DT', 'average_T1', 'average_T2', 'nv', 'time', 'time_bnds', 'uo', 'vo', 'xh', 'xq', 'yh', 'yq', 'z_l_sub01']","['Length of average period', 'Start time for average period', 'End time for average period', 'vertex number', 'time', 'time axis boundaries', 'Sea Water X Velocity', 'Sea Water Y Velocity', 'h point nominal longitude', 'q point nominal longitude', 'h point nominal latitude', 'q point nominal latitude', 'Depth at cell center']","['', '', '', '', '', '', 'sea_water_x_velocity', 'sea_water_y_velocity', '', '', '', '', '']","['', '', '', '', '', '', 'z_l:mean yh:mean xq:point time: mean', 'z_l:mean yq:point xh:mean time: mean', '', '', '', '', '']","['days', 'days since 1991-01-01 00:00:00', 'days since 1991-01-01 00:00:00', '', 'days since 1991-01-01 00:00:00', 'days', 'm s-1', 'm s-1', 'degrees_east', 'degrees_east', 'degrees_north', 'degrees_north', 'meters']",ocean
20010101.ocean_daily_z_2001_026.nc,/g/data/ik11/outputs/mom6-panan/panan-01-zstar-2001rerun/output001/20010101.ocean_daily_z_2001_026.nc,ocean.1day.nv:2.xh:3600.xq:3601.yh:845.yq:846.z_l_sub01:1,1day,"2001-01-26, 00:00:00","2001-01-27, 00:00:00","['average_DT', 'average_T1', 'average_T2', 'nv', 'time', 'time_bnds', 'uo', 'vo', 'xh', 'xq', 'yh', 'yq', 'z_l_sub01']","['Length of average period', 'Start time for average period', 'End time for average period', 'vertex number', 'time', 'time axis boundaries', 'Sea Water X Velocity', 'Sea Water Y Velocity', 'h point nominal longitude', 'q point nominal longitude', 'h point nominal latitude', 'q point nominal latitude', 'Depth at cell center']","['', '', '', '', '', '', 'sea_water_x_velocity', 'sea_water_y_velocity', '', '', '', '', '']","['', '', '', '', '', '', 'z_l:mean yh:mean xq:point time: mean', 'z_l:mean yq:point xh:mean time: mean', '', '', '', '', '']","['days', 'days since 1991-01-01 00:00:00', 'days since 1991-01-01 00:00:00', '', 'days since 1991-01-01 00:00:00', 'days', 'm s-1', 'm s-1', 'degrees_east', 'degrees_east', 'degrees_north', 'degrees_north', 'meters']",ocean
20010101.ocean_daily_z_2001_027.nc,/g/data/ik11/outputs/mom6-panan/panan-01-zstar-2001rerun/output001/20010101.ocean_daily_z_2001_027.nc,ocean.1day.nv:2.xh:3600.xq:3601.yh:845.yq:846.z_l_sub01:1,1day,"2001-01-27, 00:00:00","2001-01-28, 00:00:00","['average_DT', 'average_T1', 'average_T2', 'nv', 'time', 'time_bnds', 'uo', 'vo', 'xh', 'xq', 'yh', 'yq', 'z_l_sub01']","['Length of average period', 'Start time for average period', 'End time for average period', 'vertex number', 'time', 'time axis boundaries', 'Sea Water X Velocity', 'Sea Water Y Velocity', 'h point nominal longitude', 'q point nominal longitude', 'h point nominal latitude', 'q point nominal latitude', 'Depth at cell center']","['', '', '', '', '', '', 'sea_water_x_velocity', 'sea_water_y_velocity', '', '', '', '', '']","['', '', '', '', '', '', 'z_l:mean yh:mean xq:point time: mean', 'z_l:mean yq:point xh:mean time: mean', '', '', '', '', '']","['days', 'days since 1991-01-01 00:00:00', 'days since 1991-01-01 00:00:00', '', 'days since 1991-01-01 00:00:00', 'days', 'm s-1', 'm s-1', 'degrees_east', 'degrees_east', 'degrees_north', 'degrees_north', 'meters']",ocean
20010101.ocean_daily_z_2001_028.nc,/g/data/ik11/outputs/mom6-panan/panan-01-zstar-2001rerun/output001/20010101.ocean_daily_z_2001_028.nc,ocean.1day.nv:2.xh:3600.xq:3601.yh:845.yq:846.z_l_sub01:1,1day,"2001-01-28, 00:00:00","2001-01-29, 00:00:00","['average_DT', 'average_T1', 'average_T2', 'nv', 'time', 'time_bnds', 'uo', 'vo', 'xh', 'xq', 'yh', 'yq', 'z_l_sub01']","['Length of average period', 'Start time for average period', 'End time for average period', 'vertex number', 'time', 'time axis boundaries', 'Sea Water X Velocity', 'Sea Water Y Velocity', 'h point nominal longitude', 'q point nominal longitude', 'h point nominal latitude', 'q point nominal latitude', 'Depth at cell center']","['', '', '', '', '', '', 'sea_water_x_velocity', 'sea_water_y_velocity', '', '', '', '', '']","['', '', '', '', '', '', 'z_l:mean yh:mean xq:point time: mean', 'z_l:mean yq:point xh:mean time: mean', '', '', '', '', '']","['days', 'days since 1991-01-01 00:00:00', 'days since 1991-01-01 00:00:00', '', 'days since 1991-01-01 00:00:00', 'days', 'm s-1', 'm s-1', 'degrees_east', 'degrees_east', 'degrees_north', 'degrees_north', 'meters']",ocean
20010101.ocean_daily_z_2001_029.nc,/g/data/ik11/outputs/mom6-panan/panan-01-zstar-2001rerun/output001/20010101.ocean_daily_z_2001_029.nc,ocean.1day.nv:2.xh:3600.xq:3601.yh:845.yq:846.z_l_sub01:1,1day,"2001-01-29, 00:00:00","2001-01-30, 00:00:00","['average_DT', 'average_T1', 'average_T2', 'nv', 'time', 'time_bnds', 'uo', 'vo', 'xh', 'xq', 'yh', 'yq', 'z_l_sub01']","['Length of average period', 'Start time for average period', 'End time for average period', 'vertex number', 'time', 'time axis boundaries', 'Sea Water X Velocity', 'Sea Water Y Velocity', 'h point nominal longitude', 'q point nominal longitude', 'h point nominal latitude', 'q point nominal latitude', 'Depth at cell center']","['', '', '', '', '', '', 'sea_water_x_velocity', 'sea_water_y_velocity', '', '', '', '', '']","['', '', '', '', '', '', 'z_l:mean yh:mean xq:point time: mean', 'z_l:mean yq:point xh:mean time: mean', '', '', '', '', '']","['days', 'days since 1991-01-01 00:00:00', 'days since 1991-01-01 00:00:00', '', 'days since 1991-01-01 00:00:00', 'days', 'm s-1', 'm s-1', 'degrees_east', 'degrees_east', 'degrees_north', 'degrees_north', 'meters']",ocean
20010101.ocean_daily_z_2001_030.nc,/g/data/ik11/outputs/mom6-panan/panan-01-zstar-2001rerun/output001/20010101.ocean_daily_z_2001_030.nc,ocean.1day.nv:2.xh:3600.xq:3601.yh:845.yq:846.z_l_sub01:1,1day,"2001-01-30, 00:00:00","2001-01-31, 00:00:00","['average_DT', 'average_T1', 'average_T2', 'nv', 'time', 'time_bnds', 'uo', 'vo', 'xh', 'xq', 'yh', 'yq', 'z_l_sub01']","['Length of average period', 'Start time for average period', 'End time for average period', 'vertex number', 'time', 'time axis boundaries', 'Sea Water X Velocity', 'Sea Water Y Velocity', 'h point nominal longitude', 'q point nominal longitude', 'h point nominal latitude', 'q point nominal latitude', 'Depth at cell center']","['', '', '', '', '', '', 'sea_water_x_velocity', 'sea_water_y_velocity', '', '', '', '', '']","['', '', '', '', '', '', 'z_l:mean yh:mean xq:point time: mean', 'z_l:mean yq:point xh:mean time: mean', '', '', '', '', '']","['days', 'days since 1991-01-01 00:00:00', 'days since 1991-01-01 00:00:00', '', 'days since 1991-01-01 00:00:00', 'days', 'm s-1', 'm s-1', 'degrees_east', 'degrees_east', 'degrees_north', 'degrees_north', 'meters']",ocean
20010101.ocean_daily_z_2001_031.nc,/g/data/ik11/outputs/mom6-panan/panan-01-zstar-2001rerun/output001/20010101.ocean_daily_z_2001_031.nc,ocean.1day.nv:2.xh:3600.xq:3601.yh:845.yq:846.z_l_sub01:1,1day,"2001-01-31, 00:00:00","2001-02-01, 00:00:00","['average_DT', 'average_T1', 'average_T2', 'nv', 'time', 'time_bnds', 'uo', 'vo', 'xh', 'xq', 'yh', 'yq', 'z_l_sub01']","['Length of average period', 'Start time for average period', 'End time for average period', 'vertex number', 'time', 'time axis boundaries', 'Sea Water X Velocity', 'Sea Water Y Velocity', 'h point nominal longitude', 'q point nominal longitude', 'h point nominal latitude', 'q point nominal latitude', 'Depth at cell center']","['', '', '', '', '', '', 'sea_water_x_velocity', 'sea_water_y_velocity', '', '', '', '', '']","['', '', '', '', '', '', 'z_l:mean yh:mean xq:point time: mean', 'z_l:mean yq:point xh:mean time: mean', '', '', '', '', '']","['days', 'days since 1991-01-01 00:00:00', 'days since 1991-01-01 00:00:00', '', 'days since 1991-01-01 00:00:00', 'days', 'm s-1', 'm s-1', 'degrees_east', 'degrees_east', 'degrees_north', 'degrees_north', 'meters']",ocean
20010101.ocean_daily_z_2001_032.nc,/g/data/ik11/outputs/mom6-panan/panan-01-zstar-2001rerun/output001/20010101.ocean_daily_z_2001_032.nc,ocean.1day.nv:2.xh:3600.xq:3601.yh:845.yq:846.z_l_sub01:1,1day,"2001-02-01, 00:00:00","2001-02-02, 00:00:00","['average_DT', 'average_T1', 'average_T2', 'nv', 'time', 'time_bnds', 'uo', 'vo', 'xh', 'xq', 'yh', 'yq', 'z_l_sub01']","['Length of average period', 'Start time for average period', 'End time for average period', 'vertex number', 'time', 'time axis boundaries', 'Sea Water X Velocity', 'Sea Water Y Velocity', 'h point nominal longitude', 'q point nominal longitude', 'h point nominal latitude', 'q point nominal latitude', 'Depth at cell center']","['', '', '', '', '', '', 'sea_water_x_velocity', 'sea_water_y_velocity', '', '', '', '', '']","['', '', '', '', '', '', 'z_l:mean yh:mean xq:point time: mean', 'z_l:mean yq:point xh:mean time: mean', '', '', '', '', '']","['days', 'days since 1991-01-01 00:00:00', 'days since 1991-01-01 00:00:00', '', 'days since 1991-01-01 00:00:00', 'days', 'm s-1', 'm s-1', 'degrees_east', 'degrees_east', 'degrees_north', 'degrees_north', 'meters']",ocean
20010101.ocean_daily_z_2001_033.nc,/g/data/ik11/outputs/mom6-panan/panan-01-zstar-2001rerun/output001/20010101.ocean_daily_z_2001_033.nc,ocean.1day.nv:2.xh:3600.xq:3601.yh:845.yq:846.z_l_sub01:1,1day,"2001-02-02, 00:00:00","2001-02-03, 00:00:00","['average_DT', 'average_T1', 'average_T2', 'nv', 'time', 'time_bnds', 'uo', 'vo', 'xh', 'xq', 'yh', 'yq', 'z_l_sub01']","['Length of average period', 'Start time for average period', 'End time for average period', 'vertex number', 'time', 'time axis boundaries', 'Sea Water X Velocity', 'Sea Water Y Velocity', 'h point nominal longitude', 'q point nominal longitude', 'h point nominal latitude', 'q point nominal latitude', 'Depth at cell center']","['', '', '', '', '', '', 'sea_water_x_velocity', 'sea_water_y_velocity', '', '', '', '', '']","['', '', '', '', '', '', 'z_l:mean yh:mean xq:point time: mean', 'z_l:mean yq:point xh:mean time: mean', '', '', '', '', '']","['days', 'days since 1991-01-01 00:00:00', 'days since 1991-01-01 00:00:00', '', 'days since 1991-01-01 00:00:00', 'days', 'm s-1', 'm s-1', 'degrees_east', 'degrees_east', 'degrees_north', 'degrees_north', 'meters']",ocean
20010101.ocean_daily_z_2001_034.nc,/g/data/ik11/outputs/mom6-panan/panan-01-zstar-2001rerun/output001/20010101.ocean_daily_z_2001_034.nc,ocean.1day.nv:2.xh:3600.xq:3601.yh:845.yq:846.z_l_sub01:1,1day,"2001-02-03, 00:00:00","2001-02-04, 00:00:00","['average_DT', 'average_T1', 'average_T2', 'nv', 'time', 'time_bnds', 'uo', 'vo', 'xh', 'xq', 'yh', 'yq', 'z_l_sub01']","['Length of average period', 'Start time for average period', 'End time for average period', 'vertex number', 'time', 'time axis boundaries', 'Sea Water X Velocity', 'Sea Water Y Velocity', 'h point nominal longitude', 'q point nominal longitude', 'h point nominal latitude', 'q point nominal latitude', 'Depth at cell center']","['', '', '', '', '', '', 'sea_water_x_velocity', 'sea_water_y_velocity', '', '', '', '', '']","['', '', '', '', '', '', 'z_l:mean yh:mean xq:point time: mean', 'z_l:mean yq:point xh:mean time: mean', '', '', '', '', '']","['days', 'days since 1991-01-01 00:00:00', 'days since 1991-01-01 00:00:00', '', 'days since 1991-01-01 00:00:00', 'days', 'm s-1', 'm s-1', 'degrees_east', 'degrees_east', 'degrees_north', 'degrees_north', 'meters']",ocean
20010101.ocean_daily_z_2001_035.nc,/g/data/ik11/outputs/mom6-panan/panan-01-zstar-2001rerun/output001/20010101.ocean_daily_z_2001_035.nc,ocean.1day.nv:2.xh:3600.xq:3601.yh:845.yq:846.z_l_sub01:1,1day,"2001-02-04, 00:00:00","2001-02-05, 00:00:00","['average_DT', 'average_T1', 'average_T2', 'nv', 'time', 'time_bnds', 'uo', 'vo', 'xh', 'xq', 'yh', 'yq', 'z_l_sub01']","['Length of average period', 'Start time for average period', 'End time for average period', 'vertex number', 'time', 'time axis boundaries', 'Sea Water X Velocity', 'Sea Water Y Velocity', 'h point nominal longitude', 'q point nominal longitude', 'h point nominal latitude', 'q point nominal latitude', 'Depth at cell center']","['', '', '', '', '', '', 'sea_water_x_velocity', 'sea_water_y_velocity', '', '', '', '', '']","['', '', '', '', '', '', 'z_l:mean yh:mean xq:point time: mean', 'z_l:mean yq:point xh:mean time: mean', '', '', '', '', '']","['days', 'days since 1991-01-01 00:00:00', 'days since 1991-01-01 00:00:00', '', 'days since 1991-01-01 00:00:00', 'days', 'm s-1', 'm s-1', 'degrees_east', 'degrees_east', 'degrees_north', 'degrees_north', 'meters']",ocean
20010101.ocean_daily_z_2001_036.nc,/g/data/ik11/outputs/mom6-panan/panan-01-zstar-2001rerun/output001/20010101.ocean_daily_z_2001_036.nc,ocean.1day.nv:2.xh:3600.xq:3601.yh:845.yq:846.z_l_sub01:1,1day,"2001-02-05, 00:00:00","2001-02-06, 00:00:00","['average_DT', 'average_T1', 'average_T2', 'nv', 'time', 'time_bnds', 'uo', 'vo', 'xh', 'xq', 'yh', 'yq', 'z_l_sub01']","['Length of average period', 'Start time for average period', 'End time for average period', 'vertex number', 'time', 'time axis boundaries', 'Sea Water X Velocity', 'Sea Water Y Velocity', 'h point nominal longitude', 'q point nominal longitude', 'h point nominal latitude', 'q point nominal latitude', 'Depth at cell center']","['', '', '', '', '', '', 'sea_water_x_velocity', 'sea_water_y_velocity', '', '', '', '', '']","['', '', '', '', '', '', 'z_l:mean yh:mean xq:point time: mean', 'z_l:mean yq:point xh:mean time: mean', '', '', '', '', '']","['days', 'days since 1991-01-01 00:00:00', 'days since 1991-01-01 00:00:00', '', 'days since 1991-01-01 00:00:00', 'days', 'm s-1', 'm s-1', 'degrees_east', 'degrees_east', 'degrees_north', 'degrees_north', 'meters']",ocean
20010101.ocean_daily_z_2001_037.nc,/g/data/ik11/outputs/mom6-panan/panan-01-zstar-2001rerun/output001/20010101.ocean_daily_z_2001_037.nc,ocean.1day.nv:2.xh:3600.xq:3601.yh:845.yq:846.z_l_sub01:1,1day,"2001-02-06, 00:00:00","2001-02-07, 00:00:00","['average_DT', 'average_T1', 'average_T2', 'nv', 'time', 'time_bnds', 'uo', 'vo', 'xh', 'xq', 'yh', 'yq', 'z_l_sub01']","['Length of average period', 'Start time for average period', 'End time for average period', 'vertex number', 'time', 'time axis boundaries', 'Sea Water X Velocity', 'Sea Water Y Velocity', 'h point nominal longitude', 'q point nominal longitude', 'h point nominal latitude', 'q point nominal latitude', 'Depth at cell center']","['', '', '', '', '', '', 'sea_water_x_velocity', 'sea_water_y_velocity', '', '', '', '', '']","['', '', '', '', '', '', 'z_l:mean yh:mean xq:point time: mean', 'z_l:mean yq:point xh:mean time: mean', '', '', '', '', '']","['days', 'days since 1991-01-01 00:00:00', 'days since 1991-01-01 00:00:00', '', 'days since 1991-01-01 00:00:00', 'days', 'm s-1', 'm s-1', 'degrees_east', 'degrees_east', 'degrees_north', 'degrees_north', 'meters']",ocean
20010101.ocean_daily_z_2001_038.nc,/g/data/ik11/outputs/mom6-panan/panan-01-zstar-2001rerun/output001/20010101.ocean_daily_z_2001_038.nc,ocean.1day.nv:2.xh:3600.xq:3601.yh:845.yq:846.z_l_sub01:1,1day,"2001-02-07, 00:00:00","2001-02-08, 00:00:00","['average_DT', 'average_T1', 'average_T2', 'nv', 'time', 'time_bnds', 'uo', 'vo', 'xh', 'xq', 'yh', 'yq', 'z_l_sub01']","['Length of average period', 'Start time for average period', 'End time for average period', 'vertex number', 'time', 'time axis boundaries', 'Sea Water X Velocity', 'Sea Water Y Velocity', 'h point nominal longitude', 'q point nominal longitude', 'h point nominal latitude', 'q point nominal latitude', 'Depth at cell center']","['', '', '', '', '', '', 'sea_water_x_velocity', 'sea_water_y_velocity', '', '', '', '', '']","['', '', '', '', '', '', 'z_l:mean yh:mean xq:point time: mean', 'z_l:mean yq:point xh:mean time: mean', '', '', '', '', '']","['days', 'days since 1991-01-01 00:00:00', 'days since 1991-01-01 00:00:00', '', 'days since 1991-01-01 00:00:00', 'days', 'm s-1', 'm s-1', 'degrees_east', 'degrees_east', 'degrees_north', 'degrees_north', 'meters']",ocean
20010101.ocean_daily_z_2001_039.nc,/g/data/ik11/outputs/mom6-panan/panan-01-zstar-2001rerun/output001/20010101.ocean_daily_z_2001_039.nc,ocean.1day.nv:2.xh:3600.xq:3601.yh:845.yq:846.z_l_sub01:1,1day,"2001-02-08, 00:00:00","2001-02-09, 00:00:00","['average_DT', 'average_T1', 'average_T2', 'nv', 'time', 'time_bnds', 'uo', 'vo', 'xh', 'xq', 'yh', 'yq', 'z_l_sub01']","['Length of average period', 'Start time for average period', 'End time for average period', 'vertex number', 'time', 'time axis boundaries', 'Sea Water X Velocity', 'Sea Water Y Velocity', 'h point nominal longitude', 'q point nominal longitude', 'h point nominal latitude', 'q point nominal latitude', 'Depth at cell center']","['', '', '', '', '', '', 'sea_water_x_velocity', 'sea_water_y_velocity', '', '', '', '', '']","['', '', '', '', '', '', 'z_l:mean yh:mean xq:point time: mean', 'z_l:mean yq:point xh:mean time: mean', '', '', '', '', '']","['days', 'days since 1991-01-01 00:00:00', 'days since 1991-01-01 00:00:00', '', 'days since 1991-01-01 00:00:00', 'days', 'm s-1', 'm s-1', 'degrees_east', 'degrees_east', 'degrees_north', 'degrees_north', 'meters']",ocean
20010101.ocean_daily_z_2001_040.nc,/g/data/ik11/outputs/mom6-panan/panan-01-zstar-2001rerun/output001/20010101.ocean_daily_z_2001_040.nc,ocean.1day.nv:2.xh:3600.xq:3601.yh:845.yq:846.z_l_sub01:1,1day,"2001-02-09, 00:00:00","2001-02-10, 00:00:00","['average_DT', 'average_T1', 'average_T2', 'nv', 'time', 'time_bnds', 'uo', 'vo', 'xh', 'xq', 'yh', 'yq', 'z_l_sub01']","['Length of average period', 'Start time for average period', 'End time for average period', 'vertex number', 'time', 'time axis boundaries', 'Sea Water X Velocity', 'Sea Water Y Velocity', 'h point nominal longitude', 'q point nominal longitude', 'h point nominal latitude', 'q point nominal latitude', 'Depth at cell center']","['', '', '', '', '', '', 'sea_water_x_velocity', 'sea_water_y_velocity', '', '', '', '', '']","['', '', '', '', '', '', 'z_l:mean yh:mean xq:point time: mean', 'z_l:mean yq:point xh:mean time: mean', '', '', '', '', '']","['days', 'days since 1991-01-01 00:00:00', 'days since 1991-01-01 00:00:00', '', 'days since 1991-01-01 00:00:00', 'days', 'm s-1', 'm s-1', 'degrees_east', 'degrees_east', 'degrees_north', 'degrees_north', 'meters']",ocean
20010101.ocean_daily_z_2001_041.nc,/g/data/ik11/outputs/mom6-panan/panan-01-zstar-2001rerun/output001/20010101.ocean_daily_z_2001_041.nc,ocean.1day.nv:2.xh:3600.xq:3601.yh:845.yq:846.z_l_sub01:1,1day,"2001-02-10, 00:00:00","2001-02-11, 00:00:00","['average_DT', 'average_T1', 'average_T2', 'nv', 'time', 'time_bnds', 'uo', 'vo', 'xh', 'xq', 'yh', 'yq', 'z_l_sub01']","['Length of average period', 'Start time for average period', 'End time for average period', 'vertex number', 'time', 'time axis boundaries', 'Sea Water X Velocity', 'Sea Water Y Velocity', 'h point nominal longitude', 'q point nominal longitude', 'h point nominal latitude', 'q point nominal latitude', 'Depth at cell center']","['', '', '', '', '', '', 'sea_water_x_velocity', 'sea_water_y_velocity', '', '', '', '', '']","['', '', '', '', '', '', 'z_l:mean yh:mean xq:point time: mean', 'z_l:mean yq:point xh:mean time: mean', '', '', '', '', '']","['days', 'days since 1991-01-01 00:00:00', 'days since 1991-01-01 00:00:00', '', 'days since 1991-01-01 00:00:00', 'days', 'm s-1', 'm s-1', 'degrees_east', 'degrees_east', 'degrees_north', 'degrees_north', 'meters']",ocean
20010101.ocean_daily_z_2001_042.nc,/g/data/ik11/outputs/mom6-panan/panan-01-zstar-2001rerun/output001/20010101.ocean_daily_z_2001_042.nc,ocean.1day.nv:2.xh:3600.xq:3601.yh:845.yq:846.z_l_sub01:1,1day,"2001-02-11, 00:00:00","2001-02-12, 00:00:00","['average_DT', 'average_T1', 'average_T2', 'nv', 'time', 'time_bnds', 'uo', 'vo', 'xh', 'xq', 'yh', 'yq', 'z_l_sub01']","['Length of average period', 'Start time for average period', 'End time for average period', 'vertex number', 'time', 'time axis boundaries', 'Sea Water X Velocity', 'Sea Water Y Velocity', 'h point nominal longitude', 'q point nominal longitude', 'h point nominal latitude', 'q point nominal latitude', 'Depth at cell center']","['', '', '', '', '', '', 'sea_water_x_velocity', 'sea_water_y_velocity', '', '', '', '', '']","['', '', '', '', '', '', 'z_l:mean yh:mean xq:point time: mean', 'z_l:mean yq:point xh:mean time: mean', '', '', '', '', '']","['days', 'days since 1991-01-01 00:00:00', 'days since 1991-01-01 00:00:00', '', 'days since 1991-01-01 00:00:00', 'days', 'm s-1', 'm s-1', 'degrees_east', 'degrees_east', 'degrees_north', 'degrees_north', 'meters']",ocean
20010101.ocean_daily_z_2001_043.nc,/g/data/ik11/outputs/mom6-panan/panan-01-zstar-2001rerun/output001/20010101.ocean_daily_z_2001_043.nc,ocean.1day.nv:2.xh:3600.xq:3601.yh:845.yq:846.z_l_sub01:1,1day,"2001-02-12, 00:00:00","2001-02-13, 00:00:00","['average_DT', 'average_T1', 'average_T2', 'nv', 'time', 'time_bnds', 'uo', 'vo', 'xh', 'xq', 'yh', 'yq', 'z_l_sub01']","['Length of average period', 'Start time for average period', 'End time for average period', 'vertex number', 'time', 'time axis boundaries', 'Sea Water X Velocity', 'Sea Water Y Velocity', 'h point nominal longitude', 'q point nominal longitude', 'h point nominal latitude', 'q point nominal latitude', 'Depth at cell center']","['', '', '', '', '', '', 'sea_water_x_velocity', 'sea_water_y_velocity', '', '', '', '', '']","['', '', '', '', '', '', 'z_l:mean yh:mean xq:point time: mean', 'z_l:mean yq:point xh:mean time: mean', '', '', '', '', '']","['days', 'days since 1991-01-01 00:00:00', 'days since 1991-01-01 00:00:00', '', 'days since 1991-01-01 00:00:00', 'days', 'm s-1', 'm s-1', 'degrees_east', 'degrees_east', 'degrees_north', 'degrees_north', 'meters']",ocean
20010101.ocean_daily_z_2001_044.nc,/g/data/ik11/outputs/mom6-panan/panan-01-zstar-2001rerun/output001/20010101.ocean_daily_z_2001_044.nc,ocean.1day.nv:2.xh:3600.xq:3601.yh:845.yq:846.z_l_sub01:1,1day,"2001-02-13, 00:00:00","2001-02-14, 00:00:00","['average_DT', 'average_T1', 'average_T2', 'nv', 'time', 'time_bnds', 'uo', 'vo', 'xh', 'xq', 'yh', 'yq', 'z_l_sub01']","['Length of average period', 'Start time for average period', 'End time for average period', 'vertex number', 'time', 'time axis boundaries', 'Sea Water X Velocity', 'Sea Water Y Velocity', 'h point nominal longitude', 'q point nominal longitude', 'h point nominal latitude', 'q point nominal latitude', 'Depth at cell center']","['', '', '', '', '', '', 'sea_water_x_velocity', 'sea_water_y_velocity', '', '', '', '', '']","['', '', '', '', '', '', 'z_l:mean yh:mean xq:point time: mean', 'z_l:mean yq:point xh:mean time: mean', '', '', '', '', '']","['days', 'days since 1991-01-01 00:00:00', 'days since 1991-01-01 00:00:00', '', 'days since 1991-01-01 00:00:00', 'days', 'm s-1', 'm s-1', 'degrees_east', 'degrees_east', 'degrees_north', 'degrees_north', 'meters']",ocean
20010101.ocean_daily_z_2001_045.nc,/g/data/ik11/outputs/mom6-panan/panan-01-zstar-2001rerun/output001/20010101.ocean_daily_z_2001_045.nc,ocean.1day.nv:2.xh:3600.xq:3601.yh:845.yq:846.z_l_sub01:1,1day,"2001-02-14, 00:00:00","2001-02-15, 00:00:00","['average_DT', 'average_T1', 'average_T2', 'nv', 'time', 'time_bnds', 'uo', 'vo', 'xh', 'xq', 'yh', 'yq', 'z_l_sub01']","['Length of average period', 'Start time for average period', 'End time for average period', 'vertex number', 'time', 'time axis boundaries', 'Sea Water X Velocity', 'Sea Water Y Velocity', 'h point nominal longitude', 'q point nominal longitude', 'h point nominal latitude', 'q point nominal latitude', 'Depth at cell center']","['', '', '', '', '', '', 'sea_water_x_velocity', 'sea_water_y_velocity', '', '', '', '', '']","['', '', '', '', '', '', 'z_l:mean yh:mean xq:point time: mean', 'z_l:mean yq:point xh:mean time: mean', '', '', '', '', '']","['days', 'days since 1991-01-01 00:00:00', 'days since 1991-01-01 00:00:00', '', 'days since 1991-01-01 00:00:00', 'days', 'm s-1', 'm s-1', 'degrees_east', 'degrees_east', 'degrees_north', 'degrees_north', 'meters']",ocean
20010101.ocean_daily_z_2001_046.nc,/g/data/ik11/outputs/mom6-panan/panan-01-zstar-2001rerun/output001/20010101.ocean_daily_z_2001_046.nc,ocean.1day.nv:2.xh:3600.xq:3601.yh:845.yq:846.z_l_sub01:1,1day,"2001-02-15, 00:00:00","2001-02-16, 00:00:00","['average_DT', 'average_T1', 'average_T2', 'nv', 'time', 'time_bnds', 'uo', 'vo', 'xh', 'xq', 'yh', 'yq', 'z_l_sub01']","['Length of average period', 'Start time for average period', 'End time for average period', 'vertex number', 'time', 'time axis boundaries', 'Sea Water X Velocity', 'Sea Water Y Velocity', 'h point nominal longitude', 'q point nominal longitude', 'h point nominal latitude', 'q point nominal latitude', 'Depth at cell center']","['', '', '', '', '', '', 'sea_water_x_velocity', 'sea_water_y_velocity', '', '', '', '', '']","['', '', '', '', '', '', 'z_l:mean yh:mean xq:point time: mean', 'z_l:mean yq:point xh:mean time: mean', '', '', '', '', '']","['days', 'days since 1991-01-01 00:00:00', 'days since 1991-01-01 00:00:00', '', 'days since 1991-01-01 00:00:00', 'days', 'm s-1', 'm s-1', 'degrees_east', 'degrees_east', 'degrees_north', 'degrees_north', 'meters']",ocean
20010101.ocean_daily_z_2001_047.nc,/g/data/ik11/outputs/mom6-panan/panan-01-zstar-2001rerun/output001/20010101.ocean_daily_z_2001_047.nc,ocean.1day.nv:2.xh:3600.xq:3601.yh:845.yq:846.z_l_sub01:1,1day,"2001-02-16, 00:00:00","2001-02-17, 00:00:00","['average_DT', 'average_T1', 'average_T2', 'nv', 'time', 'time_bnds', 'uo', 'vo', 'xh', 'xq', 'yh', 'yq', 'z_l_sub01']","['Length of average period', 'Start time for average period', 'End time for average period', 'vertex number', 'time', 'time axis boundaries', 'Sea Water X Velocity', 'Sea Water Y Velocity', 'h point nominal longitude', 'q point nominal longitude', 'h point nominal latitude', 'q point nominal latitude', 'Depth at cell center']","['', '', '', '', '', '', 'sea_water_x_velocity', 'sea_water_y_velocity', '', '', '', '', '']","['', '', '', '', '', '', 'z_l:mean yh:mean xq:point time: mean', 'z_l:mean yq:point xh:mean time: mean', '', '', '', '', '']","['days', 'days since 1991-01-01 00:00:00', 'days since 1991-01-01 00:00:00', '', 'days since 1991-01-01 00:00:00', 'days', 'm s-1', 'm s-1', 'degrees_east', 'degrees_east', 'degrees_north', 'degrees_north', 'meters']",ocean
20010101.ocean_daily_z_2001_048.nc,/g/data/ik11/outputs/mom6-panan/panan-01-zstar-2001rerun/output001/20010101.ocean_daily_z_2001_048.nc,ocean.1day.nv:2.xh:3600.xq:3601.yh:845.yq:846.z_l_sub01:1,1day,"2001-02-17, 00:00:00","2001-02-18, 00:00:00","['average_DT', 'average_T1', 'average_T2', 'nv', 'time', 'time_bnds', 'uo', 'vo', 'xh', 'xq', 'yh', 'yq', 'z_l_sub01']","['Length of average period', 'Start time for average period', 'End time for average period', 'vertex number', 'time', 'time axis boundaries', 'Sea Water X Velocity', 'Sea Water Y Velocity', 'h point nominal longitude', 'q point nominal longitude', 'h point nominal latitude', 'q point nominal latitude', 'Depth at cell center']","['', '', '', '', '', '', 'sea_water_x_velocity', 'sea_water_y_velocity', '', '', '', '', '']","['', '', '', '', '', '', 'z_l:mean yh:mean xq:point time: mean', 'z_l:mean yq:point xh:mean time: mean', '', '', '', '', '']","['days', 'days since 1991-01-01 00:00:00', 'days since 1991-01-01 00:00:00', '', 'days since 1991-01-01 00:00:00', 'days', 'm s-1', 'm s-1', 'degrees_east', 'degrees_east', 'degrees_north', 'degrees_north', 'meters']",ocean
20010101.ocean_daily_z_2001_049.nc,/g/data/ik11/outputs/mom6-panan/panan-01-zstar-2001rerun/output001/20010101.ocean_daily_z_2001_049.nc,ocean.1day.nv:2.xh:3600.xq:3601.yh:845.yq:846.z_l_sub01:1,1day,"2001-02-18, 00:00:00","2001-02-19, 00:00:00","['average_DT', 'average_T1', 'average_T2', 'nv', 'time', 'time_bnds', 'uo', 'vo', 'xh', 'xq', 'yh', 'yq', 'z_l_sub01']","['Length of average period', 'Start time for average period', 'End time for average period', 'vertex number', 'time', 'time axis boundaries', 'Sea Water X Velocity', 'Sea Water Y Velocity', 'h point nominal longitude', 'q point nominal longitude', 'h point nominal latitude', 'q point nominal latitude', 'Depth at cell center']","['', '', '', '', '', '', 'sea_water_x_velocity', 'sea_water_y_velocity', '', '', '', '', '']","['', '', '', '', '', '', 'z_l:mean yh:mean xq:point time: mean', 'z_l:mean yq:point xh:mean time: mean', '', '', '', '', '']","['days', 'days since 1991-01-01 00:00:00', 'days since 1991-01-01 00:00:00', '', 'days since 1991-01-01 00:00:00', 'days', 'm s-1', 'm s-1', 'degrees_east', 'degrees_east', 'degrees_north', 'degrees_north', 'meters']",ocean
20010101.ocean_daily_z_2001_050.nc,/g/data/ik11/outputs/mom6-panan/panan-01-zstar-2001rerun/output001/20010101.ocean_daily_z_2001_050.nc,ocean.1day.nv:2.xh:3600.xq:3601.yh:845.yq:846.z_l_sub01:1,1day,"2001-02-19, 00:00:00","2001-02-20, 00:00:00","['average_DT', 'average_T1', 'average_T2', 'nv', 'time', 'time_bnds', 'uo', 'vo', 'xh', 'xq', 'yh', 'yq', 'z_l_sub01']","['Length of average period', 'Start time for average period', 'End time for average period', 'vertex number', 'time', 'time axis boundaries', 'Sea Water X Velocity', 'Sea Water Y Velocity', 'h point nominal longitude', 'q point nominal longitude', 'h point nominal latitude', 'q point nominal latitude', 'Depth at cell center']","['', '', '', '', '', '', 'sea_water_x_velocity', 'sea_water_y_velocity', '', '', '', '', '']","['', '', '', '', '', '', 'z_l:mean yh:mean xq:point time: mean', 'z_l:mean yq:point xh:mean time: mean', '', '', '', '', '']","['days', 'days since 1991-01-01 00:00:00', 'days since 1991-01-01 00:00:00', '', 'days since 1991-01-01 00:00:00', 'days', 'm s-1', 'm s-1', 'degrees_east', 'degrees_east', 'degrees_north', 'degrees_north', 'meters']",ocean
20010101.ocean_daily_z_2001_051.nc,/g/data/ik11/outputs/mom6-panan/panan-01-zstar-2001rerun/output001/20010101.ocean_daily_z_2001_051.nc,ocean.1day.nv:2.xh:3600.xq:3601.yh:845.yq:846.z_l_sub01:1,1day,"2001-02-20, 00:00:00","2001-02-21, 00:00:00","['average_DT', 'average_T1', 'average_T2', 'nv', 'time', 'time_bnds', 'uo', 'vo', 'xh', 'xq', 'yh', 'yq', 'z_l_sub01']","['Length of average period', 'Start time for average period', 'End time for average period', 'vertex number', 'time', 'time axis boundaries', 'Sea Water X Velocity', 'Sea Water Y Velocity', 'h point nominal longitude', 'q point nominal longitude', 'h point nominal latitude', 'q point nominal latitude', 'Depth at cell center']","['', '', '', '', '', '', 'sea_water_x_velocity', 'sea_water_y_velocity', '', '', '', '', '']","['', '', '', '', '', '', 'z_l:mean yh:mean xq:point time: mean', 'z_l:mean yq:point xh:mean time: mean', '', '', '', '', '']","['days', 'days since 1991-01-01 00:00:00', 'days since 1991-01-01 00:00:00', '', 'days since 1991-01-01 00:00:00', 'days', 'm s-1', 'm s-1', 'degrees_east', 'degrees_east', 'degrees_north', 'degrees_north', 'meters']",ocean
20010101.ocean_daily_z_2001_052.nc,/g/data/ik11/outputs/mom6-panan/panan-01-zstar-2001rerun/output001/20010101.ocean_daily_z_2001_052.nc,ocean.1day.nv:2.xh:3600.xq:3601.yh:845.yq:846.z_l_sub01:1,1day,"2001-02-21, 00:00:00","2001-02-22, 00:00:00","['average_DT', 'average_T1', 'average_T2', 'nv', 'time', 'time_bnds', 'uo', 'vo', 'xh', 'xq', 'yh', 'yq', 'z_l_sub01']","['Length of average period', 'Start time for average period', 'End time for average period', 'vertex number', 'time', 'time axis boundaries', 'Sea Water X Velocity', 'Sea Water Y Velocity', 'h point nominal longitude', 'q point nominal longitude', 'h point nominal latitude', 'q point nominal latitude', 'Depth at cell center']","['', '', '', '', '', '', 'sea_water_x_velocity', 'sea_water_y_velocity', '', '', '', '', '']","['', '', '', '', '', '', 'z_l:mean yh:mean xq:point time: mean', 'z_l:mean yq:point xh:mean time: mean', '', '', '', '', '']","['days', 'days since 1991-01-01 00:00:00', 'days since 1991-01-01 00:00:00', '', 'days since 1991-01-01 00:00:00', 'days', 'm s-1', 'm s-1', 'degrees_east', 'degrees_east', 'degrees_north', 'degrees_north', 'meters']",ocean
20010101.ocean_daily_z_2001_053.nc,/g/data/ik11/outputs/mom6-panan/panan-01-zstar-2001rerun/output001/20010101.ocean_daily_z_2001_053.nc,ocean.1day.nv:2.xh:3600.xq:3601.yh:845.yq:846.z_l_sub01:1,1day,"2001-02-22, 00:00:00","2001-02-23, 00:00:00","['average_DT', 'average_T1', 'average_T2', 'nv', 'time', 'time_bnds', 'uo', 'vo', 'xh', 'xq', 'yh', 'yq', 'z_l_sub01']","['Length of average period', 'Start time for average period', 'End time for average period', 'vertex number', 'time', 'time axis boundaries', 'Sea Water X Velocity', 'Sea Water Y Velocity', 'h point nominal longitude', 'q point nominal longitude', 'h point nominal latitude', 'q point nominal latitude', 'Depth at cell center']","['', '', '', '', '', '', 'sea_water_x_velocity', 'sea_water_y_velocity', '', '', '', '', '']","['', '', '', '', '', '', 'z_l:mean yh:mean xq:point time: mean', 'z_l:mean yq:point xh:mean time: mean', '', '', '', '', '']","['days', 'days since 1991-01-01 00:00:00', 'days since 1991-01-01 00:00:00', '', 'days since 1991-01-01 00:00:00', 'days', 'm s-1', 'm s-1', 'degrees_east', 'degrees_east', 'degrees_north', 'degrees_north', 'meters']",ocean
20010101.ocean_daily_z_2001_054.nc,/g/data/ik11/outputs/mom6-panan/panan-01-zstar-2001rerun/output001/20010101.ocean_daily_z_2001_054.nc,ocean.1day.nv:2.xh:3600.xq:3601.yh:845.yq:846.z_l_sub01:1,1day,"2001-02-23, 00:00:00","2001-02-24, 00:00:00","['average_DT', 'average_T1', 'average_T2', 'nv', 'time', 'time_bnds', 'uo', 'vo', 'xh', 'xq', 'yh', 'yq', 'z_l_sub01']","['Length of average period', 'Start time for average period', 'End time for average period', 'vertex number', 'time', 'time axis boundaries', 'Sea Water X Velocity', 'Sea Water Y Velocity', 'h point nominal longitude', 'q point nominal longitude', 'h point nominal latitude', 'q point nominal latitude', 'Depth at cell center']","['', '', '', '', '', '', 'sea_water_x_velocity', 'sea_water_y_velocity', '', '', '', '', '']","['', '', '', '', '', '', 'z_l:mean yh:mean xq:point time: mean', 'z_l:mean yq:point xh:mean time: mean', '', '', '', '', '']","['days', 'days since 1991-01-01 00:00:00', 'days since 1991-01-01 00:00:00', '', 'days since 1991-01-01 00:00:00', 'days', 'm s-1', 'm s-1', 'degrees_east', 'degrees_east', 'degrees_north', 'degrees_north', 'meters']",ocean
20010101.ocean_daily_z_2001_055.nc,/g/data/ik11/outputs/mom6-panan/panan-01-zstar-2001rerun/output001/20010101.ocean_daily_z_2001_055.nc,ocean.1day.nv:2.xh:3600.xq:3601.yh:845.yq:846.z_l_sub01:1,1day,"2001-02-24, 00:00:00","2001-02-25, 00:00:00","['average_DT', 'average_T1', 'average_T2', 'nv', 'time', 'time_bnds', 'uo', 'vo', 'xh', 'xq', 'yh', 'yq', 'z_l_sub01']","['Length of average period', 'Start time for average period', 'End time for average period', 'vertex number', 'time', 'time axis boundaries', 'Sea Water X Velocity', 'Sea Water Y Velocity', 'h point nominal longitude', 'q point nominal longitude', 'h point nominal latitude', 'q point nominal latitude', 'Depth at cell center']","['', '', '', '', '', '', 'sea_water_x_velocity', 'sea_water_y_velocity', '', '', '', '', '']","['', '', '', '', '', '', 'z_l:mean yh:mean xq:point time: mean', 'z_l:mean yq:point xh:mean time: mean', '', '', '', '', '']","['days', 'days since 1991-01-01 00:00:00', 'days since 1991-01-01 00:00:00', '', 'days since 1991-01-01 00:00:00', 'days', 'm s-1', 'm s-1', 'degrees_east', 'degrees_east', 'degrees_north', 'degrees_north', 'meters']",ocean
20010101.ocean_daily_z_2001_056.nc,/g/data/ik11/outputs/mom6-panan/panan-01-zstar-2001rerun/output001/20010101.ocean_daily_z_2001_056.nc,ocean.1day.nv:2.xh:3600.xq:3601.yh:845.yq:846.z_l_sub01:1,1day,"2001-02-25, 00:00:00","2001-02-26, 00:00:00","['average_DT', 'average_T1', 'average_T2', 'nv', 'time', 'time_bnds', 'uo', 'vo', 'xh', 'xq', 'yh', 'yq', 'z_l_sub01']","['Length of average period', 'Start time for average period', 'End time for average period', 'vertex number', 'time', 'time axis boundaries', 'Sea Water X Velocity', 'Sea Water Y Velocity', 'h point nominal longitude', 'q point nominal longitude', 'h point nominal latitude', 'q point nominal latitude', 'Depth at cell center']","['', '', '', '', '', '', 'sea_water_x_velocity', 'sea_water_y_velocity', '', '', '', '', '']","['', '', '', '', '', '', 'z_l:mean yh:mean xq:point time: mean', 'z_l:mean yq:point xh:mean time: mean', '', '', '', '', '']","['days', 'days since 1991-01-01 00:00:00', 'days since 1991-01-01 00:00:00', '', 'days since 1991-01-01 00:00:00', 'days', 'm s-1', 'm s-1', 'degrees_east', 'degrees_east', 'degrees_north', 'degrees_north', 'meters']",ocean
20010101.ocean_daily_z_2001_057.nc,/g/data/ik11/outputs/mom6-panan/panan-01-zstar-2001rerun/output001/20010101.ocean_daily_z_2001_057.nc,ocean.1day.nv:2.xh:3600.xq:3601.yh:845.yq:846.z_l_sub01:1,1day,"2001-02-26, 00:00:00","2001-02-27, 00:00:00","['average_DT', 'average_T1', 'average_T2', 'nv', 'time', 'time_bnds', 'uo', 'vo', 'xh', 'xq', 'yh', 'yq', 'z_l_sub01']","['Length of average period', 'Start time for average period', 'End time for average period', 'vertex number', 'time', 'time axis boundaries', 'Sea Water X Velocity', 'Sea Water Y Velocity', 'h point nominal longitude', 'q point nominal longitude', 'h point nominal latitude', 'q point nominal latitude', 'Depth at cell center']","['', '', '', '', '', '', 'sea_water_x_velocity', 'sea_water_y_velocity', '', '', '', '', '']","['', '', '', '', '', '', 'z_l:mean yh:mean xq:point time: mean', 'z_l:mean yq:point xh:mean time: mean', '', '', '', '', '']","['days', 'days since 1991-01-01 00:00:00', 'days since 1991-01-01 00:00:00', '', 'days since 1991-01-01 00:00:00', 'days', 'm s-1', 'm s-1', 'degrees_east', 'degrees_east', 'degrees_north', 'degrees_north', 'meters']",ocean
20010101.ocean_daily_z_2001_058.nc,/g/data/ik11/outputs/mom6-panan/panan-01-zstar-2001rerun/output001/20010101.ocean_daily_z_2001_058.nc,ocean.1day.nv:2.xh:3600.xq:3601.yh:845.yq:846.z_l_sub01:1,1day,"2001-02-27, 00:00:00","2001-02-28, 00:00:00","['average_DT', 'average_T1', 'average_T2', 'nv', 'time', 'time_bnds', 'uo', 'vo', 'xh', 'xq', 'yh', 'yq', 'z_l_sub01']","['Length of average period', 'Start time for average period', 'End time for average period', 'vertex number', 'time', 'time axis boundaries', 'Sea Water X Velocity', 'Sea Water Y Velocity', 'h point nominal longitude', 'q point nominal longitude', 'h point nominal latitude', 'q point nominal latitude', 'Depth at cell center']","['', '', '', '', '', '', 'sea_water_x_velocity', 'sea_water_y_velocity', '', '', '', '', '']","['', '', '', '', '', '', 'z_l:mean yh:mean xq:point time: mean', 'z_l:mean yq:point xh:mean time: mean', '', '', '', '', '']","['days', 'days since 1991-01-01 00:00:00', 'days since 1991-01-01 00:00:00', '', 'days since 1991-01-01 00:00:00', 'days', 'm s-1', 'm s-1', 'degrees_east', 'degrees_east', 'degrees_north', 'degrees_north', 'meters']",ocean
20010101.ocean_daily_z_2001_059.nc,/g/data/ik11/outputs/mom6-panan/panan-01-zstar-2001rerun/output001/20010101.ocean_daily_z_2001_059.nc,ocean.1day.nv:2.xh:3600.xq:3601.yh:845.yq:846.z_l_sub01:1,1day,"2001-02-28, 00:00:00","2001-03-01, 00:00:00","['average_DT', 'average_T1', 'average_T2', 'nv', 'time', 'time_bnds', 'uo', 'vo', 'xh', 'xq', 'yh', 'yq', 'z_l_sub01']","['Length of average period', 'Start time for average period', 'End time for average period', 'vertex number', 'time', 'time axis boundaries', 'Sea Water X Velocity', 'Sea Water Y Velocity', 'h point nominal longitude', 'q point nominal longitude', 'h point nominal latitude', 'q point nominal latitude', 'Depth at cell center']","['', '', '', '', '', '', 'sea_water_x_velocity', 'sea_water_y_velocity', '', '', '', '', '']","['', '', '', '', '', '', 'z_l:mean yh:mean xq:point time: mean', 'z_l:mean yq:point xh:mean time: mean', '', '', '', '', '']","['days', 'days since 1991-01-01 00:00:00', 'days since 1991-01-01 00:00:00', '', 'days since 1991-01-01 00:00:00', 'days', 'm s-1', 'm s-1', 'degrees_east', 'degrees_east', 'degrees_north', 'degrees_north', 'meters']",ocean
20010101.ocean_month.nc,/g/data/ik11/outputs/mom6-panan/panan-01-zstar-2001rerun/output001/20010101.ocean_month.nc,ocean.1mon.nv:2.scalar_axis:1.xh:3600.xq:3601.yh:845.yq:846.zi:76,1mon,"2001-01-01, 00:00:00","2001-03-01, 00:00:00","['Heat_PmE', 'LW', 'SW', 'T_advection_xy_2d', 'Th_tendency_vert_remap_2d', 'average_DT', 'average_T1', 'average_T2', 'boundary_forcing_heat_tendency_2d', 'evap', 'frazil', 'frazil_heat_tendency_2d', 'frunoff', 'heat_added', 'heat_content_fprec', 'heat_content_frunoff', 'heat_content_icemelt', 'heat_content_lprec', 'heat_content_lrunoff', 'heat_content_massin', 'heat_content_massout', 'hfds', 'hfrainds', 'hfrunoffds', 'latent', 'latent_evap', 'latent_fprec_diag', 'latent_frunoff', 'lrunoff', 'mlotst', 'net_heat_coupler', 'net_massin', 'net_massout', 'nv', 'opottempdiff_2d', 'opottemppmdiff_2d', 'opottemptend_2d', 'precip', 'rsdo', 'salt_flux', 'salt_flux_added', 'salt_flux_in', 'scalar_axis', 'seaice_melt', 'seaice_melt_heat', 'sensible', 'sob', 'sos', 'tauuo', 'tauvo', 'time', 'time_bnds', 'tob', 'tos', 'total_icemelt', 'umo_2d', 'vmo_2d', 'wfo', 'xh', 'xq', 'yh', 'yq', 'zi', 'zos']","['Heat flux into ocean from mass flux into ocean', 'Longwave radiation flux into ocean', 'Shortwave radiation flux into ocean', 'Vertical sum of horizontal convergence of residual mean advective fluxes of heat', 'Vertical sum of vertical remapping tracer content tendency for Heat', 'Length of average period', 'Start time for average period', 'End time for average period', 'Depth integrated boundary forcing of ocean heat', 'Evaporation/condensation at ocean surface (evaporation is negative)', 'Heat from frazil formation', 'Depth integrated heat tendency due to frazil formation', 'Frozen runoff (calving) and iceberg melt into ocean', 'Flux Adjustment or restoring surface heat flux into ocean', 'Heat content (relative to 0degC) of frozen prec entering ocean', 'Heat content (relative to 0C) of solid runoff into ocean', 'Heat content (relative to 0degC) of water flux due to sea ice melting/freezing', 'Heat content (relative to 0degC) of liquid precip entering ocean', 'Heat content (relative to 0C) of liquid runoff into ocean', 'Heat content (relative to 0degC) of net mass entering ocean ocean', 'Heat content (relative to 0degC) of net mass leaving ocean ocean via evap and ice form', 'Surface ocean heat flux from SW+LW+latent+sensible+masstransfer+frazil+seaice_melt_heat', 'Heat content (relative to 0degC) of liquid+frozen precip entering ocean', 'Heat content (relative to 0C) of liquid+solid runoff into ocean', 'Latent heat flux into ocean due to fusion and evaporation (negative means ocean heat loss)', 'Latent heat flux into ocean due to evaporation/condensation', 'Latent heat flux into ocean due to melting of frozen precipitation', 'Latent heat flux into ocean due to melting of icebergs', 'Liquid runoff (rivers) into ocean', 'Ocean Mixed Layer Thickness Defined by Sigma T', 'Surface ocean heat flux from SW+LW+latent+sensible+seaice_melt_heat (via the coupler)', 'Net mass entering ocean due to precip, runoff, ice melt', 'Net mass leaving the ocean due to evaporation, seaice formation', 'vertex number', 'Tendency of sea water potential temperature expressed as heat content due to parameterized dianeutral mixing depth integrated', 'Tendency of sea water potential temperature expressed as heat content due to parameterized mesoscale neutral diffusion', 'Tendency of Sea Water Potential Temperature Expressed as Heat Content Vertical Sum', 'Liquid + frozen precipitation into ocean', 'Downwelling Shortwave Flux in Sea Water at Grid Cell Upper Interface', 'Net salt flux into ocean at surface (restoring + sea-ice)', 'Salt flux into ocean at surface due to restoring or flux adjustment', 'Salt flux into ocean at surface from coupler', 'none', 'water flux to ocean from snow/sea ice melting(> 0) or formation(< 0)', 'Heat flux into ocean due to snow and sea ice melt/freeze', 'Sensible heat flux into ocean', 'Sea Water Salinity at Sea Floor', 'Sea Surface Salinity', 'Surface Downward X Stress', 'Surface Downward Y Stress', 'time', 'time axis boundaries', 'Sea Water Potential Temperature at Sea Floor', 'Sea Surface Temperature', 'Area integrated sea ice melt (>0) or form (<0)', 'Ocean Mass X Transport Vertical Sum', 'Ocean Mass Y Transport Vertical Sum', 'Water Flux Into Sea Water', 'h point nominal longitude', 'q point nominal longitude', 'h point nominal latitude', 'q point nominal latitude', 'Interface pseudo-depth, -z*', 'Sea surface height above geoid']","['', 'surface_net_downward_longwave_flux', 'net_downward_shortwave_flux_at_sea_water_surface', '', '', '', '', '', '', 'water_evaporation_flux', '', '', 'water_flux_into_sea_water_from_icebergs', '', '', 'temperature_flux_due_to_solid_runoff_expressed_as_heat_flux_into_sea_water', '', '', 'temperature_flux_due_to_runoff_expressed_as_heat_flux_into_sea_water', '', '', 'surface_downward_heat_flux_in_sea_water', 'temperature_flux_due_to_rainfall_expressed_as_heat_flux_into_sea_water', 'temperature_flux_due_to_runoff_expressed_as_heat_flux_into_sea_water', '', '', '', '', 'water_flux_into_sea_water_from_rivers', 'ocean_mixed_layer_thickness_defined_by_sigma_t', '', '', '', '', 'tendency_of_sea_water_potential_temperature_expressed_as_heat_content_due_to_parameterized_dianeutral_mixing_depth_integrated', 'tendency_of_sea_water_potential_temperature_expressed_as_heat_content_due_to_parameterized_mesoscale_neutral_diffusion', 'tendency_of_sea_water_potential_temperature_expressed_as_heat_content_vertical_sum', '', 'downwelling_shortwave_flux_in_sea_water', '', '', '', '', 'water_flux_into_sea_water_due_to_sea_ice_thermodynamics', 'snow_ice_melt_heat_flux', 'surface_downward_sensible_heat_flux', 'sea_water_salinity_at_sea_floor', 'sea_surface_salinity', 'surface_downward_x_stress', 'surface_downward_y_stress', '', '', 'sea_water_potential_temperature_at_sea_floor', 'sea_surface_temperature', 'water_flux_into_sea_water_due_to_sea_ice_thermodynamics_area_integrated', 'ocean_mass_x_transport_vertical_sum', 'ocean_mass_y_transport_vertical_sum', 'water_flux_into_sea_water', '', '', '', '', '', 'sea_surface_height_above_geoid']","['area:mean yh:mean xh:mean time: mean', 'area:mean yh:mean xh:mean time: mean', 'area:mean yh:mean xh:mean time: mean', 'area:mean yh:mean xh:mean time: mean', 'area:mean yh:mean xh:mean time: mean', '', '', '', 'area:mean yh:mean xh:mean time: mean', 'area:mean yh:mean xh:mean time: mean', 'area:mean yh:mean xh:mean time: mean', 'area:mean yh:mean xh:mean time: mean', 'area:mean yh:mean xh:mean time: mean', 'area:mean yh:mean xh:mean time: mean', 'area:mean yh:mean xh:mean time: mean', 'area:mean yh:mean xh:mean time: mean', 'area:mean yh:mean xh:mean time: mean', 'area:mean yh:mean xh:mean time: mean', 'area:mean yh:mean xh:mean time: mean', 'area:mean yh:mean xh:mean time: mean', 'area:mean yh:mean xh:mean time: mean', 'area:mean yh:mean xh:mean time: mean', 'area:mean yh:mean xh:mean time: mean', 'area:mean yh:mean xh:mean time: mean', 'area:mean yh:mean xh:mean time: mean', 'area:mean yh:mean xh:mean time: mean', 'area:mean yh:mean xh:mean time: mean', 'area:mean yh:mean xh:mean time: mean', 'area:mean yh:mean xh:mean time: mean', 'area:mean yh:mean xh:mean time: mean', 'area:mean yh:mean xh:mean time: mean', 'area:mean yh:mean xh:mean time: mean', 'area:mean yh:mean xh:mean time: mean', '', 'area:mean yh:mean xh:mean time: mean', 'area:sum yh:sum xh:sum time: mean', 'area:mean yh:mean xh:mean time: mean', 'area:mean yh:mean xh:mean time: mean', 'area:mean zi:point yh:mean xh:mean time: mean', 'area:mean yh:mean xh:mean time: mean', 'area:mean yh:mean xh:mean time: mean', 'area:mean yh:mean xh:mean time: mean', '', 'area:mean yh:mean xh:mean time: mean', 'area:mean yh:mean xh:mean time: mean', 'area:mean yh:mean xh:mean time: mean', 'area:mean yh:mean xh:mean time: mean', 'area:mean yh:mean xh:mean time: mean', 'yh:mean xq:point time: mean', 'yq:point xh:mean time: mean', '', '', 'area:mean yh:mean xh:mean time: mean', 'area:mean yh:mean xh:mean time: mean', 'time: mean', 'yh:sum xq:point time: mean', 'yq:point xh:sum time: mean', 'area:mean yh:mean xh:mean time: mean', '', '', '', '', '', 'area:mean yh:mean xh:mean time: mean']","['W m-2', 'W m-2', 'W m-2', 'W m-2', 'W m-2', 'days', 'days since 1991-01-01 00:00:00', 'days since 1991-01-01 00:00:00', 'W m-2', 'kg m-2 s-1', 'W m-2', 'W m-2', 'kg m-2 s-1', 'W m-2', 'W m-2', 'W m-2', 'W m-2', 'W m-2', 'W m-2', 'W m-2', 'W m-2', 'W m-2', 'W m-2', 'W m-2', 'W m-2', 'W m-2', 'W m-2', 'W m-2', 'kg m-2 s-1', 'm', 'W m-2', 'kg m-2 s-1', 'kg m-2 s-1', '', 'W m-2', 'W m-2', 'W m-2', 'kg m-2 s-1', 'W m-2', 'kg m-2 s-1', 'kg m-2 s-1', 'kg m-2 s-1', '', 'kg m-2 s-1', 'W m-2', 'W m-2', 'psu', 'psu', 'N m-2', 'N m-2', 'days since 1991-01-01 00:00:00', 'days', 'degC', 'degC', 'kg s-1', 'kg s-1', 'kg s-1', 'kg m-2 s-1', 'degrees_east', 'degrees_east', 'degrees_north', 'degrees_north', 'meter', 'm']",ocean
20010101.ocean_month_rho2.nc,/g/data/ik11/outputs/mom6-panan/panan-01-zstar-2001rerun/output001/20010101.ocean_month_rho2.nc,ocean.1mon.nv:2.rho2_i:100.rho2_l:99.xh:3600.xq:3601.yh:845.yq:846,1mon,"2001-01-01, 00:00:00","2001-03-01, 00:00:00","['T_advection_xy', 'T_adx', 'T_ady', 'Th_tendency_vert_remap', 'average_DT', 'average_T1', 'average_T2', 'boundary_forcing_heat_tendency', 'frazil_heat_tendency', 'nv', 'opottempdiff', 'opottemppmdiff', 'opottemptend', 'rho2_i', 'rho2_l', 'thetao', 'time', 'time_bnds', 'umo', 'uo', 'vmo', 'vo', 'volcello', 'xh', 'xq', 'yh', 'yq']","['Horizontal convergence of residual mean advective fluxes of heat', 'Advective (by residual mean) Zonal Flux of Heat', 'Advective (by residual mean) Meridional Flux of Heat', 'Vertical remapping tracer content tendency for Heat', 'Length of average period', 'Start time for average period', 'End time for average period', 'Boundary forcing heat tendency', 'Heat tendency due to frazil formation', 'vertex number', 'Tendency of sea water potential temperature expressed as heat content due to parameterized dianeutral mixing', 'Tendency of sea water potential temperature expressed as heat content due to parameterized mesoscale neutral diffusion', 'Tendency of Sea Water Potential Temperature Expressed as Heat Content', 'Target Potential Density at interface', 'Target Potential Density at cell center', 'Sea Water Potential Temperature', 'time', 'time axis boundaries', 'Ocean Mass X Transport', 'Sea Water X Velocity', 'Ocean Mass Y Transport', 'Sea Water Y Velocity', 'Ocean grid-cell volume', 'h point nominal longitude', 'q point nominal longitude', 'h point nominal latitude', 'q point nominal latitude']","['', '', '', '', '', '', '', '', '', '', 'tendency_of_sea_water_potential_temperature_expressed_as_heat_content_due_to_parameterized_dianeutral_mixing', 'tendency_of_sea_water_potential_temperature_expressed_as_heat_content_due_to_parameterized_mesoscale_neutral_diffusion', 'tendency_of_sea_water_potential_temperature_expressed_as_heat_content', '', '', 'sea_water_potential_temperature', '', '', 'ocean_mass_x_transport', 'sea_water_x_velocity', 'ocean_mass_y_transport', 'sea_water_y_velocity', 'ocean_volume', '', '', '', '']","['area:mean rho2_l:sum yh:mean xh:mean time: mean', 'rho2_l:sum yh:sum xq:point time: mean', 'rho2_l:sum yq:point xh:sum time: mean', 'area:mean rho2_l:sum yh:mean xh:mean time: mean', '', '', '', 'area:mean rho2_l:sum yh:mean xh:mean time: mean', 'area:mean rho2_l:sum yh:mean xh:mean time: mean', '', 'area:mean rho2_l:sum yh:mean xh:mean time: mean', 'area:sum rho2_l:sum yh:sum xh:sum time: mean', 'area:mean rho2_l:sum yh:mean xh:mean time: mean', '', '', 'area:mean rho2_l:mean yh:mean xh:mean time: mean', '', '', 'rho2_l:sum yh:sum xq:point time: mean', 'rho2_l:mean yh:mean xq:point time: mean', 'rho2_l:sum yq:point xh:sum time: mean', 'rho2_l:mean yq:point xh:mean time: mean', 'area:sum rho2_l:sum yh:sum xh:sum time: mean', '', '', '', '']","['W m-2', 'W', 'W', 'W m-2', 'days', 'days since 1991-01-01 00:00:00', 'days since 1991-01-01 00:00:00', 'W m-2', 'W m-2', '', 'W m-2', 'W m-2', 'W m-2', 'kg m-3', 'kg m-3', 'degC', 'days since 1991-01-01 00:00:00', 'days', 'kg s-1', 'm s-1', 'kg s-1', 'm s-1', 'm3', 'degrees_east', 'degrees_east', 'degrees_north', 'degrees_north']",ocean
20010101.ocean_month_z.nc,/g/data/ik11/outputs/mom6-panan/panan-01-zstar-2001rerun/output001/20010101.ocean_month_z.nc,ocean.1mon.nv:2.xh:3600.xq:3601.yh:845.yq:846.z_i:76.z_l:75,1mon,"2001-01-01, 00:00:00","2001-03-01, 00:00:00","['T_advection_xy', 'T_adx', 'T_ady', 'Th_tendency_vert_remap', 'agessc', 'average_DT', 'average_T1', 'average_T2', 'boundary_forcing_heat_tendency', 'frazil_heat_tendency', 'nv', 'opottempdiff', 'opottemppmdiff', 'opottemptend', 'rhopot0', 'rhopot2', 'so', 'thetao', 'time', 'time_bnds', 'umo', 'uo', 'vmo', 'vo', 'volcello', 'xh', 'xq', 'yh', 'yq', 'z_i', 'z_l']","['Horizontal convergence of residual mean advective fluxes of heat', 'Advective (by residual mean) Zonal Flux of Heat', 'Advective (by residual mean) Meridional Flux of Heat', 'Vertical remapping tracer content tendency for Heat', 'Ideal Age Tracer', 'Length of average period', 'Start time for average period', 'End time for average period', 'Boundary forcing heat tendency', 'Heat tendency due to frazil formation', 'vertex number', 'Tendency of sea water potential temperature expressed as heat content due to parameterized dianeutral mixing', 'Tendency of sea water potential temperature expressed as heat content due to parameterized mesoscale neutral diffusion', 'Tendency of Sea Water Potential Temperature Expressed as Heat Content', 'Potential density referenced to surface', 'Potential density referenced to 2000 dbar', 'Sea Water Salinity', 'Sea Water Potential Temperature', 'time', 'time axis boundaries', 'Ocean Mass X Transport', 'Sea Water X Velocity', 'Ocean Mass Y Transport', 'Sea Water Y Velocity', 'Ocean grid-cell volume', 'h point nominal longitude', 'q point nominal longitude', 'h point nominal latitude', 'q point nominal latitude', 'Depth at interface', 'Depth at cell center']","['', '', '', '', 'ideal_age_tracer', '', '', '', '', '', '', 'tendency_of_sea_water_potential_temperature_expressed_as_heat_content_due_to_parameterized_dianeutral_mixing', 'tendency_of_sea_water_potential_temperature_expressed_as_heat_content_due_to_parameterized_mesoscale_neutral_diffusion', 'tendency_of_sea_water_potential_temperature_expressed_as_heat_content', '', '', 'sea_water_salinity', 'sea_water_potential_temperature', '', '', 'ocean_mass_x_transport', 'sea_water_x_velocity', 'ocean_mass_y_transport', 'sea_water_y_velocity', 'ocean_volume', '', '', '', '', '', '']","['area:mean z_l:sum yh:mean xh:mean time: mean', 'z_l:sum yh:sum xq:point time: mean', 'z_l:sum yq:point xh:sum time: mean', 'area:mean z_l:sum yh:mean xh:mean time: mean', 'area:mean z_l:mean yh:mean xh:mean time: mean', '', '', '', 'area:mean z_l:sum yh:mean xh:mean time: mean', 'area:mean z_l:sum yh:mean xh:mean time: mean', '', 'area:mean z_l:sum yh:mean xh:mean time: mean', 'area:sum z_l:sum yh:sum xh:sum time: mean', 'area:mean z_l:sum yh:mean xh:mean time: mean', 'area:mean z_l:mean yh:mean xh:mean time: mean', 'area:mean z_l:mean yh:mean xh:mean time: mean', 'area:mean z_l:mean yh:mean xh:mean time: mean', 'area:mean z_l:mean yh:mean xh:mean time: mean', '', '', 'z_l:sum yh:sum xq:point time: mean', 'z_l:mean yh:mean xq:point time: mean', 'z_l:sum yq:point xh:sum time: mean', 'z_l:mean yq:point xh:mean time: mean', 'area:sum z_l:sum yh:sum xh:sum time: mean', '', '', '', '', '', '']","['W m-2', 'W', 'W', 'W m-2', 'yr', 'days', 'days since 1991-01-01 00:00:00', 'days since 1991-01-01 00:00:00', 'W m-2', 'W m-2', '', 'W m-2', 'W m-2', 'W m-2', 'kg m-3', 'kg m-3', 'psu', 'degC', 'days since 1991-01-01 00:00:00', 'days', 'kg s-1', 'm s-1', 'kg s-1', 'm s-1', 'm3', 'degrees_east', 'degrees_east', 'degrees_north', 'degrees_north', 'meters', 'meters']",ocean
20010101.ocean_static.nc,/g/data/ik11/outputs/mom6-panan/panan-01-zstar-2001rerun/output001/20010101.ocean_static.nc,ocean.fx.xh:3600.xq:3601.yh:845.yq:846,fx,"1991-01-01, 00:00:00","1991-01-01, 00:00:00","['Coriolis', 'areacello', 'areacello_bu', 'areacello_cu', 'areacello_cv', 'deptho', 'dxCu', 'dxCv', 'dxt', 'dyCu', 'dyCv', 'dyt', 'geolat', 'geolat_c', 'geolat_u', 'geolat_v', 'geolon', 'geolon_c', 'geolon_u', 'geolon_v', 'time', 'wet', 'wet_c', 'wet_u', 'wet_v', 'xh', 'xq', 'yh', 'yq']","['Coriolis parameter at corner (Bu) points', 'Ocean Grid-Cell Area', 'Ocean Grid-Cell Area', 'Ocean Grid-Cell Area', 'Ocean Grid-Cell Area', 'Sea Floor Depth', 'Delta(x) at u points (meter)', 'Delta(x) at v points (meter)', 'Delta(x) at thickness/tracer points (meter)', 'Delta(y) at u points (meter)', 'Delta(y) at v points (meter)', 'Delta(y) at thickness/tracer points (meter)', 'Latitude of tracer (T) points', 'Latitude of corner (Bu) points', 'Latitude of zonal velocity (Cu) points', 'Latitude of meridional velocity (Cv) points', 'Longitude of tracer (T) points', 'Longitude of corner (Bu) points', 'Longitude of zonal velocity (Cu) points', 'Longitude of meridional velocity (Cv) points', 'time', '0 if land, 1 if ocean at tracer points', '0 if land, 1 if ocean at corner (Bu) points', '0 if land, 1 if ocean at zonal velocity (Cu) points', '0 if land, 1 if ocean at meridional velocity (Cv) points', 'h point nominal longitude', 'q point nominal longitude', 'h point nominal latitude', 'q point nominal latitude']","['', 'cell_area', 'cell_area', 'cell_area', 'cell_area', 'sea_floor_depth_below_geoid', '', '', '', '', '', '', '', '', '', '', '', '', '', '', '', '', '', '', '', '', '', '', '']","['time: point', 'area:sum yh:sum xh:sum time: point', 'area:sum yq:sum xq:sum time: point', 'area:sum yh:sum xq:sum time: point', 'area:sum yq:sum xh:sum time: point', 'area:mean yh:mean xh:mean time: point', 'time: point', 'time: point', 'time: point', 'time: point', 'time: point', 'time: point', 'time: point', 'time: point', 'time: point', 'time: point', 'time: point', 'time: point', 'time: point', 'time: point', '', 'time: point', 'time: point', 'time: point', 'time: point', '', '', '', '']","['s-1', 'm2', 'm2', 'm2', 'm2', 'm', 'm', 'm', 'm', 'm', 'm', 'm', 'degrees_north', 'degrees_north', 'degrees_north', 'degrees_north', 'degrees_east', 'degrees_east', 'degrees_east', 'degrees_east', 'days since 1991-01-01 00:00:00', '', '', '', '', 'degrees_east', 'degrees_east', 'degrees_north', 'degrees_north']",ocean
20010301.ice_daily.nc,/g/data/ik11/outputs/mom6-panan/panan-01-zstar-2001rerun/output002/20010301.ice_daily.nc,seaIce.1day.nv:2.xT:3600.xTe:3601.yT:845.yTe:846,1day,"2001-03-01, 00:00:00","2001-05-01, 00:00:00","['BHEAT', 'BMELT', 'E2MELT', 'average_DT', 'average_T1', 'average_T2', 'net_melt', 'nv', 'siconc', 'sithick', 'time', 'time_bnds', 'xT', 'xTe', 'yT', 'yTe']","['ocean to ice heat flux', 'bottom surface melting energy flux', 'heat needed to melt ice', 'Length of average period', 'Start time for average period', 'End time for average period', 'net mass flux from ice & snow to ocean due to melting & freezing', 'vertex number', 'ice concentration', 'ice thickness', 'time', 'time axis boundaries', 'T point nominal longitude', 'T-cell edge nominal longitude', 'T point nominal latitude', 'T-cell edge nominal latitude']","['', '', '', '', '', '', '', '', '', '', '', '', '', '', '', '']","['time: mean', 'time: mean', 'time: mean', '', '', '', 'time: mean', '', 'time: mean', 'time: mean', '', '', '', '', '', '']","['W/m^2', 'W/m^2', 'J/m^2', 'days', 'days since 1991-01-01 00:00:00', 'days since 1991-01-01 00:00:00', 'kg m-2 s-1', '', '0-1', 'm-ice', 'days since 1991-01-01 00:00:00', 'days', 'degrees_E', 'degrees_E', 'degrees_N', 'degrees_N']",seaIce
20010301.ice_month.nc,/g/data/ik11/outputs/mom6-panan/panan-01-zstar-2001rerun/output002/20010301.ice_month.nc,seaIce.1mon.nv:2.xB:3601.xT:3600.xTe:3601.yB:846.yT:845.yTe:846,1mon,"2001-03-01, 00:00:00","2001-05-01, 00:00:00","['BHEAT', 'BMELT', 'E2MELT', 'FA_X', 'FA_Y', 'TMELT', 'average_DT', 'average_T1', 'average_T2', 'fsitherm', 'net_melt', 'nv', 'siconc', 'sithick', 'time', 'time_bnds', 'xB', 'xT', 'xTe', 'yB', 'yT', 'yTe']","['ocean to ice heat flux', 'bottom surface melting energy flux', 'heat needed to melt ice', 'Air stress on ice on C-grid - x component', 'Air stress on ice on C-grid - y component', 'upper surface melting energy flux', 'Length of average period', 'Start time for average period', 'End time for average period', 'water_flux_into_sea_water_due_to_sea_ice_thermodynamics', 'net mass flux from ice & snow to ocean due to melting & freezing', 'vertex number', 'ice concentration', 'ice thickness', 'time', 'time axis boundaries', 'Boundary point nominal longitude', 'T point nominal longitude', 'T-cell edge nominal longitude', 'Boundary point nominal latitude', 'T point nominal latitude', 'T-cell edge nominal latitude']","['', '', '', '', '', '', '', '', '', '', '', '', '', '', '', '', '', '', '', '', '', '']","['time: mean', 'time: mean', 'time: mean', 'time: mean', 'time: mean', 'time: mean', '', '', '', 'time: mean', 'time: mean', '', 'time: mean', 'time: mean', '', '', '', '', '', '', '', '']","['W/m^2', 'W/m^2', 'J/m^2', 'Pa', 'Pa', 'W/m^2', 'days', 'days since 1991-01-01 00:00:00', 'days since 1991-01-01 00:00:00', 'kg m-2 s-1', 'kg m-2 s-1', '', '0-1', 'm-ice', 'days since 1991-01-01 00:00:00', 'days', 'degrees_E', 'degrees_E', 'degrees_E', 'degrees_N', 'degrees_N', 'degrees_N']",seaIce
20010301.ocean_daily_2001_060.nc,/g/data/ik11/outputs/mom6-panan/panan-01-zstar-2001rerun/output002/20010301.ocean_daily_2001_060.nc,ocean.1day.nv:2.xh:3600.yh:845,1day,"2001-03-01, 00:00:00","2001-03-02, 00:00:00","['average_DT', 'average_T1', 'average_T2', 'mlotst', 'nv', 'time', 'time_bnds', 'xh', 'yh', 'zos']","['Length of average period', 'Start time for average period', 'End time for average period', 'Ocean Mixed Layer Thickness Defined by Sigma T', 'vertex number', 'time', 'time axis boundaries', 'h point nominal longitude', 'h point nominal latitude', 'Sea surface height above geoid']","['', '', '', 'ocean_mixed_layer_thickness_defined_by_sigma_t', '', '', '', '', '', 'sea_surface_height_above_geoid']","['', '', '', 'area:mean yh:mean xh:mean time: mean', '', '', '', '', '', 'area:mean yh:mean xh:mean time: mean']","['days', 'days since 1991-01-01 00:00:00', 'days since 1991-01-01 00:00:00', 'm', '', 'days since 1991-01-01 00:00:00', 'days', 'degrees_east', 'degrees_north', 'm']",ocean
20010301.ocean_daily_2001_061.nc,/g/data/ik11/outputs/mom6-panan/panan-01-zstar-2001rerun/output002/20010301.ocean_daily_2001_061.nc,ocean.1day.nv:2.xh:3600.yh:845,1day,"2001-03-02, 00:00:00","2001-03-03, 00:00:00","['average_DT', 'average_T1', 'average_T2', 'mlotst', 'nv', 'time', 'time_bnds', 'xh', 'yh', 'zos']","['Length of average period', 'Start time for average period', 'End time for average period', 'Ocean Mixed Layer Thickness Defined by Sigma T', 'vertex number', 'time', 'time axis boundaries', 'h point nominal longitude', 'h point nominal latitude', 'Sea surface height above geoid']","['', '', '', 'ocean_mixed_layer_thickness_defined_by_sigma_t', '', '', '', '', '', 'sea_surface_height_above_geoid']","['', '', '', 'area:mean yh:mean xh:mean time: mean', '', '', '', '', '', 'area:mean yh:mean xh:mean time: mean']","['days', 'days since 1991-01-01 00:00:00', 'days since 1991-01-01 00:00:00', 'm', '', 'days since 1991-01-01 00:00:00', 'days', 'degrees_east', 'degrees_north', 'm']",ocean
20010301.ocean_daily_2001_062.nc,/g/data/ik11/outputs/mom6-panan/panan-01-zstar-2001rerun/output002/20010301.ocean_daily_2001_062.nc,ocean.1day.nv:2.xh:3600.yh:845,1day,"2001-03-03, 00:00:00","2001-03-04, 00:00:00","['average_DT', 'average_T1', 'average_T2', 'mlotst', 'nv', 'time', 'time_bnds', 'xh', 'yh', 'zos']","['Length of average period', 'Start time for average period', 'End time for average period', 'Ocean Mixed Layer Thickness Defined by Sigma T', 'vertex number', 'time', 'time axis boundaries', 'h point nominal longitude', 'h point nominal latitude', 'Sea surface height above geoid']","['', '', '', 'ocean_mixed_layer_thickness_defined_by_sigma_t', '', '', '', '', '', 'sea_surface_height_above_geoid']","['', '', '', 'area:mean yh:mean xh:mean time: mean', '', '', '', '', '', 'area:mean yh:mean xh:mean time: mean']","['days', 'days since 1991-01-01 00:00:00', 'days since 1991-01-01 00:00:00', 'm', '', 'days since 1991-01-01 00:00:00', 'days', 'degrees_east', 'degrees_north', 'm']",ocean
20010301.ocean_daily_2001_063.nc,/g/data/ik11/outputs/mom6-panan/panan-01-zstar-2001rerun/output002/20010301.ocean_daily_2001_063.nc,ocean.1day.nv:2.xh:3600.yh:845,1day,"2001-03-04, 00:00:00","2001-03-05, 00:00:00","['average_DT', 'average_T1', 'average_T2', 'mlotst', 'nv', 'time', 'time_bnds', 'xh', 'yh', 'zos']","['Length of average period', 'Start time for average period', 'End time for average period', 'Ocean Mixed Layer Thickness Defined by Sigma T', 'vertex number', 'time', 'time axis boundaries', 'h point nominal longitude', 'h point nominal latitude', 'Sea surface height above geoid']","['', '', '', 'ocean_mixed_layer_thickness_defined_by_sigma_t', '', '', '', '', '', 'sea_surface_height_above_geoid']","['', '', '', 'area:mean yh:mean xh:mean time: mean', '', '', '', '', '', 'area:mean yh:mean xh:mean time: mean']","['days', 'days since 1991-01-01 00:00:00', 'days since 1991-01-01 00:00:00', 'm', '', 'days since 1991-01-01 00:00:00', 'days', 'degrees_east', 'degrees_north', 'm']",ocean
20010301.ocean_daily_2001_064.nc,/g/data/ik11/outputs/mom6-panan/panan-01-zstar-2001rerun/output002/20010301.ocean_daily_2001_064.nc,ocean.1day.nv:2.xh:3600.yh:845,1day,"2001-03-05, 00:00:00","2001-03-06, 00:00:00","['average_DT', 'average_T1', 'average_T2', 'mlotst', 'nv', 'time', 'time_bnds', 'xh', 'yh', 'zos']","['Length of average period', 'Start time for average period', 'End time for average period', 'Ocean Mixed Layer Thickness Defined by Sigma T', 'vertex number', 'time', 'time axis boundaries', 'h point nominal longitude', 'h point nominal latitude', 'Sea surface height above geoid']","['', '', '', 'ocean_mixed_layer_thickness_defined_by_sigma_t', '', '', '', '', '', 'sea_surface_height_above_geoid']","['', '', '', 'area:mean yh:mean xh:mean time: mean', '', '', '', '', '', 'area:mean yh:mean xh:mean time: mean']","['days', 'days since 1991-01-01 00:00:00', 'days since 1991-01-01 00:00:00', 'm', '', 'days since 1991-01-01 00:00:00', 'days', 'degrees_east', 'degrees_north', 'm']",ocean
20010301.ocean_daily_2001_065.nc,/g/data/ik11/outputs/mom6-panan/panan-01-zstar-2001rerun/output002/20010301.ocean_daily_2001_065.nc,ocean.1day.nv:2.xh:3600.yh:845,1day,"2001-03-06, 00:00:00","2001-03-07, 00:00:00","['average_DT', 'average_T1', 'average_T2', 'mlotst', 'nv', 'time', 'time_bnds', 'xh', 'yh', 'zos']","['Length of average period', 'Start time for average period', 'End time for average period', 'Ocean Mixed Layer Thickness Defined by Sigma T', 'vertex number', 'time', 'time axis boundaries', 'h point nominal longitude', 'h point nominal latitude', 'Sea surface height above geoid']","['', '', '', 'ocean_mixed_layer_thickness_defined_by_sigma_t', '', '', '', '', '', 'sea_surface_height_above_geoid']","['', '', '', 'area:mean yh:mean xh:mean time: mean', '', '', '', '', '', 'area:mean yh:mean xh:mean time: mean']","['days', 'days since 1991-01-01 00:00:00', 'days since 1991-01-01 00:00:00', 'm', '', 'days since 1991-01-01 00:00:00', 'days', 'degrees_east', 'degrees_north', 'm']",ocean
20010301.ocean_daily_2001_066.nc,/g/data/ik11/outputs/mom6-panan/panan-01-zstar-2001rerun/output002/20010301.ocean_daily_2001_066.nc,ocean.1day.nv:2.xh:3600.yh:845,1day,"2001-03-07, 00:00:00","2001-03-08, 00:00:00","['average_DT', 'average_T1', 'average_T2', 'mlotst', 'nv', 'time', 'time_bnds', 'xh', 'yh', 'zos']","['Length of average period', 'Start time for average period', 'End time for average period', 'Ocean Mixed Layer Thickness Defined by Sigma T', 'vertex number', 'time', 'time axis boundaries', 'h point nominal longitude', 'h point nominal latitude', 'Sea surface height above geoid']","['', '', '', 'ocean_mixed_layer_thickness_defined_by_sigma_t', '', '', '', '', '', 'sea_surface_height_above_geoid']","['', '', '', 'area:mean yh:mean xh:mean time: mean', '', '', '', '', '', 'area:mean yh:mean xh:mean time: mean']","['days', 'days since 1991-01-01 00:00:00', 'days since 1991-01-01 00:00:00', 'm', '', 'days since 1991-01-01 00:00:00', 'days', 'degrees_east', 'degrees_north', 'm']",ocean
20010301.ocean_daily_2001_067.nc,/g/data/ik11/outputs/mom6-panan/panan-01-zstar-2001rerun/output002/20010301.ocean_daily_2001_067.nc,ocean.1day.nv:2.xh:3600.yh:845,1day,"2001-03-08, 00:00:00","2001-03-09, 00:00:00","['average_DT', 'average_T1', 'average_T2', 'mlotst', 'nv', 'time', 'time_bnds', 'xh', 'yh', 'zos']","['Length of average period', 'Start time for average period', 'End time for average period', 'Ocean Mixed Layer Thickness Defined by Sigma T', 'vertex number', 'time', 'time axis boundaries', 'h point nominal longitude', 'h point nominal latitude', 'Sea surface height above geoid']","['', '', '', 'ocean_mixed_layer_thickness_defined_by_sigma_t', '', '', '', '', '', 'sea_surface_height_above_geoid']","['', '', '', 'area:mean yh:mean xh:mean time: mean', '', '', '', '', '', 'area:mean yh:mean xh:mean time: mean']","['days', 'days since 1991-01-01 00:00:00', 'days since 1991-01-01 00:00:00', 'm', '', 'days since 1991-01-01 00:00:00', 'days', 'degrees_east', 'degrees_north', 'm']",ocean
20010301.ocean_daily_2001_068.nc,/g/data/ik11/outputs/mom6-panan/panan-01-zstar-2001rerun/output002/20010301.ocean_daily_2001_068.nc,ocean.1day.nv:2.xh:3600.yh:845,1day,"2001-03-09, 00:00:00","2001-03-10, 00:00:00","['average_DT', 'average_T1', 'average_T2', 'mlotst', 'nv', 'time', 'time_bnds', 'xh', 'yh', 'zos']","['Length of average period', 'Start time for average period', 'End time for average period', 'Ocean Mixed Layer Thickness Defined by Sigma T', 'vertex number', 'time', 'time axis boundaries', 'h point nominal longitude', 'h point nominal latitude', 'Sea surface height above geoid']","['', '', '', 'ocean_mixed_layer_thickness_defined_by_sigma_t', '', '', '', '', '', 'sea_surface_height_above_geoid']","['', '', '', 'area:mean yh:mean xh:mean time: mean', '', '', '', '', '', 'area:mean yh:mean xh:mean time: mean']","['days', 'days since 1991-01-01 00:00:00', 'days since 1991-01-01 00:00:00', 'm', '', 'days since 1991-01-01 00:00:00', 'days', 'degrees_east', 'degrees_north', 'm']",ocean
20010301.ocean_daily_2001_069.nc,/g/data/ik11/outputs/mom6-panan/panan-01-zstar-2001rerun/output002/20010301.ocean_daily_2001_069.nc,ocean.1day.nv:2.xh:3600.yh:845,1day,"2001-03-10, 00:00:00","2001-03-11, 00:00:00","['average_DT', 'average_T1', 'average_T2', 'mlotst', 'nv', 'time', 'time_bnds', 'xh', 'yh', 'zos']","['Length of average period', 'Start time for average period', 'End time for average period', 'Ocean Mixed Layer Thickness Defined by Sigma T', 'vertex number', 'time', 'time axis boundaries', 'h point nominal longitude', 'h point nominal latitude', 'Sea surface height above geoid']","['', '', '', 'ocean_mixed_layer_thickness_defined_by_sigma_t', '', '', '', '', '', 'sea_surface_height_above_geoid']","['', '', '', 'area:mean yh:mean xh:mean time: mean', '', '', '', '', '', 'area:mean yh:mean xh:mean time: mean']","['days', 'days since 1991-01-01 00:00:00', 'days since 1991-01-01 00:00:00', 'm', '', 'days since 1991-01-01 00:00:00', 'days', 'degrees_east', 'degrees_north', 'm']",ocean
20010301.ocean_daily_2001_070.nc,/g/data/ik11/outputs/mom6-panan/panan-01-zstar-2001rerun/output002/20010301.ocean_daily_2001_070.nc,ocean.1day.nv:2.xh:3600.yh:845,1day,"2001-03-11, 00:00:00","2001-03-12, 00:00:00","['average_DT', 'average_T1', 'average_T2', 'mlotst', 'nv', 'time', 'time_bnds', 'xh', 'yh', 'zos']","['Length of average period', 'Start time for average period', 'End time for average period', 'Ocean Mixed Layer Thickness Defined by Sigma T', 'vertex number', 'time', 'time axis boundaries', 'h point nominal longitude', 'h point nominal latitude', 'Sea surface height above geoid']","['', '', '', 'ocean_mixed_layer_thickness_defined_by_sigma_t', '', '', '', '', '', 'sea_surface_height_above_geoid']","['', '', '', 'area:mean yh:mean xh:mean time: mean', '', '', '', '', '', 'area:mean yh:mean xh:mean time: mean']","['days', 'days since 1991-01-01 00:00:00', 'days since 1991-01-01 00:00:00', 'm', '', 'days since 1991-01-01 00:00:00', 'days', 'degrees_east', 'degrees_north', 'm']",ocean
20010301.ocean_daily_2001_071.nc,/g/data/ik11/outputs/mom6-panan/panan-01-zstar-2001rerun/output002/20010301.ocean_daily_2001_071.nc,ocean.1day.nv:2.xh:3600.yh:845,1day,"2001-03-12, 00:00:00","2001-03-13, 00:00:00","['average_DT', 'average_T1', 'average_T2', 'mlotst', 'nv', 'time', 'time_bnds', 'xh', 'yh', 'zos']","['Length of average period', 'Start time for average period', 'End time for average period', 'Ocean Mixed Layer Thickness Defined by Sigma T', 'vertex number', 'time', 'time axis boundaries', 'h point nominal longitude', 'h point nominal latitude', 'Sea surface height above geoid']","['', '', '', 'ocean_mixed_layer_thickness_defined_by_sigma_t', '', '', '', '', '', 'sea_surface_height_above_geoid']","['', '', '', 'area:mean yh:mean xh:mean time: mean', '', '', '', '', '', 'area:mean yh:mean xh:mean time: mean']","['days', 'days since 1991-01-01 00:00:00', 'days since 1991-01-01 00:00:00', 'm', '', 'days since 1991-01-01 00:00:00', 'days', 'degrees_east', 'degrees_north', 'm']",ocean
20010301.ocean_daily_2001_072.nc,/g/data/ik11/outputs/mom6-panan/panan-01-zstar-2001rerun/output002/20010301.ocean_daily_2001_072.nc,ocean.1day.nv:2.xh:3600.yh:845,1day,"2001-03-13, 00:00:00","2001-03-14, 00:00:00","['average_DT', 'average_T1', 'average_T2', 'mlotst', 'nv', 'time', 'time_bnds', 'xh', 'yh', 'zos']","['Length of average period', 'Start time for average period', 'End time for average period', 'Ocean Mixed Layer Thickness Defined by Sigma T', 'vertex number', 'time', 'time axis boundaries', 'h point nominal longitude', 'h point nominal latitude', 'Sea surface height above geoid']","['', '', '', 'ocean_mixed_layer_thickness_defined_by_sigma_t', '', '', '', '', '', 'sea_surface_height_above_geoid']","['', '', '', 'area:mean yh:mean xh:mean time: mean', '', '', '', '', '', 'area:mean yh:mean xh:mean time: mean']","['days', 'days since 1991-01-01 00:00:00', 'days since 1991-01-01 00:00:00', 'm', '', 'days since 1991-01-01 00:00:00', 'days', 'degrees_east', 'degrees_north', 'm']",ocean
20010301.ocean_daily_2001_073.nc,/g/data/ik11/outputs/mom6-panan/panan-01-zstar-2001rerun/output002/20010301.ocean_daily_2001_073.nc,ocean.1day.nv:2.xh:3600.yh:845,1day,"2001-03-14, 00:00:00","2001-03-15, 00:00:00","['average_DT', 'average_T1', 'average_T2', 'mlotst', 'nv', 'time', 'time_bnds', 'xh', 'yh', 'zos']","['Length of average period', 'Start time for average period', 'End time for average period', 'Ocean Mixed Layer Thickness Defined by Sigma T', 'vertex number', 'time', 'time axis boundaries', 'h point nominal longitude', 'h point nominal latitude', 'Sea surface height above geoid']","['', '', '', 'ocean_mixed_layer_thickness_defined_by_sigma_t', '', '', '', '', '', 'sea_surface_height_above_geoid']","['', '', '', 'area:mean yh:mean xh:mean time: mean', '', '', '', '', '', 'area:mean yh:mean xh:mean time: mean']","['days', 'days since 1991-01-01 00:00:00', 'days since 1991-01-01 00:00:00', 'm', '', 'days since 1991-01-01 00:00:00', 'days', 'degrees_east', 'degrees_north', 'm']",ocean
20010301.ocean_daily_2001_074.nc,/g/data/ik11/outputs/mom6-panan/panan-01-zstar-2001rerun/output002/20010301.ocean_daily_2001_074.nc,ocean.1day.nv:2.xh:3600.yh:845,1day,"2001-03-15, 00:00:00","2001-03-16, 00:00:00","['average_DT', 'average_T1', 'average_T2', 'mlotst', 'nv', 'time', 'time_bnds', 'xh', 'yh', 'zos']","['Length of average period', 'Start time for average period', 'End time for average period', 'Ocean Mixed Layer Thickness Defined by Sigma T', 'vertex number', 'time', 'time axis boundaries', 'h point nominal longitude', 'h point nominal latitude', 'Sea surface height above geoid']","['', '', '', 'ocean_mixed_layer_thickness_defined_by_sigma_t', '', '', '', '', '', 'sea_surface_height_above_geoid']","['', '', '', 'area:mean yh:mean xh:mean time: mean', '', '', '', '', '', 'area:mean yh:mean xh:mean time: mean']","['days', 'days since 1991-01-01 00:00:00', 'days since 1991-01-01 00:00:00', 'm', '', 'days since 1991-01-01 00:00:00', 'days', 'degrees_east', 'degrees_north', 'm']",ocean
20010301.ocean_daily_2001_075.nc,/g/data/ik11/outputs/mom6-panan/panan-01-zstar-2001rerun/output002/20010301.ocean_daily_2001_075.nc,ocean.1day.nv:2.xh:3600.yh:845,1day,"2001-03-16, 00:00:00","2001-03-17, 00:00:00","['average_DT', 'average_T1', 'average_T2', 'mlotst', 'nv', 'time', 'time_bnds', 'xh', 'yh', 'zos']","['Length of average period', 'Start time for average period', 'End time for average period', 'Ocean Mixed Layer Thickness Defined by Sigma T', 'vertex number', 'time', 'time axis boundaries', 'h point nominal longitude', 'h point nominal latitude', 'Sea surface height above geoid']","['', '', '', 'ocean_mixed_layer_thickness_defined_by_sigma_t', '', '', '', '', '', 'sea_surface_height_above_geoid']","['', '', '', 'area:mean yh:mean xh:mean time: mean', '', '', '', '', '', 'area:mean yh:mean xh:mean time: mean']","['days', 'days since 1991-01-01 00:00:00', 'days since 1991-01-01 00:00:00', 'm', '', 'days since 1991-01-01 00:00:00', 'days', 'degrees_east', 'degrees_north', 'm']",ocean
20010301.ocean_daily_2001_076.nc,/g/data/ik11/outputs/mom6-panan/panan-01-zstar-2001rerun/output002/20010301.ocean_daily_2001_076.nc,ocean.1day.nv:2.xh:3600.yh:845,1day,"2001-03-17, 00:00:00","2001-03-18, 00:00:00","['average_DT', 'average_T1', 'average_T2', 'mlotst', 'nv', 'time', 'time_bnds', 'xh', 'yh', 'zos']","['Length of average period', 'Start time for average period', 'End time for average period', 'Ocean Mixed Layer Thickness Defined by Sigma T', 'vertex number', 'time', 'time axis boundaries', 'h point nominal longitude', 'h point nominal latitude', 'Sea surface height above geoid']","['', '', '', 'ocean_mixed_layer_thickness_defined_by_sigma_t', '', '', '', '', '', 'sea_surface_height_above_geoid']","['', '', '', 'area:mean yh:mean xh:mean time: mean', '', '', '', '', '', 'area:mean yh:mean xh:mean time: mean']","['days', 'days since 1991-01-01 00:00:00', 'days since 1991-01-01 00:00:00', 'm', '', 'days since 1991-01-01 00:00:00', 'days', 'degrees_east', 'degrees_north', 'm']",ocean
20010301.ocean_daily_2001_077.nc,/g/data/ik11/outputs/mom6-panan/panan-01-zstar-2001rerun/output002/20010301.ocean_daily_2001_077.nc,ocean.1day.nv:2.xh:3600.yh:845,1day,"2001-03-18, 00:00:00","2001-03-19, 00:00:00","['average_DT', 'average_T1', 'average_T2', 'mlotst', 'nv', 'time', 'time_bnds', 'xh', 'yh', 'zos']","['Length of average period', 'Start time for average period', 'End time for average period', 'Ocean Mixed Layer Thickness Defined by Sigma T', 'vertex number', 'time', 'time axis boundaries', 'h point nominal longitude', 'h point nominal latitude', 'Sea surface height above geoid']","['', '', '', 'ocean_mixed_layer_thickness_defined_by_sigma_t', '', '', '', '', '', 'sea_surface_height_above_geoid']","['', '', '', 'area:mean yh:mean xh:mean time: mean', '', '', '', '', '', 'area:mean yh:mean xh:mean time: mean']","['days', 'days since 1991-01-01 00:00:00', 'days since 1991-01-01 00:00:00', 'm', '', 'days since 1991-01-01 00:00:00', 'days', 'degrees_east', 'degrees_north', 'm']",ocean
20010301.ocean_daily_2001_078.nc,/g/data/ik11/outputs/mom6-panan/panan-01-zstar-2001rerun/output002/20010301.ocean_daily_2001_078.nc,ocean.1day.nv:2.xh:3600.yh:845,1day,"2001-03-19, 00:00:00","2001-03-20, 00:00:00","['average_DT', 'average_T1', 'average_T2', 'mlotst', 'nv', 'time', 'time_bnds', 'xh', 'yh', 'zos']","['Length of average period', 'Start time for average period', 'End time for average period', 'Ocean Mixed Layer Thickness Defined by Sigma T', 'vertex number', 'time', 'time axis boundaries', 'h point nominal longitude', 'h point nominal latitude', 'Sea surface height above geoid']","['', '', '', 'ocean_mixed_layer_thickness_defined_by_sigma_t', '', '', '', '', '', 'sea_surface_height_above_geoid']","['', '', '', 'area:mean yh:mean xh:mean time: mean', '', '', '', '', '', 'area:mean yh:mean xh:mean time: mean']","['days', 'days since 1991-01-01 00:00:00', 'days since 1991-01-01 00:00:00', 'm', '', 'days since 1991-01-01 00:00:00', 'days', 'degrees_east', 'degrees_north', 'm']",ocean
20010301.ocean_daily_2001_079.nc,/g/data/ik11/outputs/mom6-panan/panan-01-zstar-2001rerun/output002/20010301.ocean_daily_2001_079.nc,ocean.1day.nv:2.xh:3600.yh:845,1day,"2001-03-20, 00:00:00","2001-03-21, 00:00:00","['average_DT', 'average_T1', 'average_T2', 'mlotst', 'nv', 'time', 'time_bnds', 'xh', 'yh', 'zos']","['Length of average period', 'Start time for average period', 'End time for average period', 'Ocean Mixed Layer Thickness Defined by Sigma T', 'vertex number', 'time', 'time axis boundaries', 'h point nominal longitude', 'h point nominal latitude', 'Sea surface height above geoid']","['', '', '', 'ocean_mixed_layer_thickness_defined_by_sigma_t', '', '', '', '', '', 'sea_surface_height_above_geoid']","['', '', '', 'area:mean yh:mean xh:mean time: mean', '', '', '', '', '', 'area:mean yh:mean xh:mean time: mean']","['days', 'days since 1991-01-01 00:00:00', 'days since 1991-01-01 00:00:00', 'm', '', 'days since 1991-01-01 00:00:00', 'days', 'degrees_east', 'degrees_north', 'm']",ocean
20010301.ocean_daily_2001_080.nc,/g/data/ik11/outputs/mom6-panan/panan-01-zstar-2001rerun/output002/20010301.ocean_daily_2001_080.nc,ocean.1day.nv:2.xh:3600.yh:845,1day,"2001-03-21, 00:00:00","2001-03-22, 00:00:00","['average_DT', 'average_T1', 'average_T2', 'mlotst', 'nv', 'time', 'time_bnds', 'xh', 'yh', 'zos']","['Length of average period', 'Start time for average period', 'End time for average period', 'Ocean Mixed Layer Thickness Defined by Sigma T', 'vertex number', 'time', 'time axis boundaries', 'h point nominal longitude', 'h point nominal latitude', 'Sea surface height above geoid']","['', '', '', 'ocean_mixed_layer_thickness_defined_by_sigma_t', '', '', '', '', '', 'sea_surface_height_above_geoid']","['', '', '', 'area:mean yh:mean xh:mean time: mean', '', '', '', '', '', 'area:mean yh:mean xh:mean time: mean']","['days', 'days since 1991-01-01 00:00:00', 'days since 1991-01-01 00:00:00', 'm', '', 'days since 1991-01-01 00:00:00', 'days', 'degrees_east', 'degrees_north', 'm']",ocean
20010301.ocean_daily_2001_081.nc,/g/data/ik11/outputs/mom6-panan/panan-01-zstar-2001rerun/output002/20010301.ocean_daily_2001_081.nc,ocean.1day.nv:2.xh:3600.yh:845,1day,"2001-03-22, 00:00:00","2001-03-23, 00:00:00","['average_DT', 'average_T1', 'average_T2', 'mlotst', 'nv', 'time', 'time_bnds', 'xh', 'yh', 'zos']","['Length of average period', 'Start time for average period', 'End time for average period', 'Ocean Mixed Layer Thickness Defined by Sigma T', 'vertex number', 'time', 'time axis boundaries', 'h point nominal longitude', 'h point nominal latitude', 'Sea surface height above geoid']","['', '', '', 'ocean_mixed_layer_thickness_defined_by_sigma_t', '', '', '', '', '', 'sea_surface_height_above_geoid']","['', '', '', 'area:mean yh:mean xh:mean time: mean', '', '', '', '', '', 'area:mean yh:mean xh:mean time: mean']","['days', 'days since 1991-01-01 00:00:00', 'days since 1991-01-01 00:00:00', 'm', '', 'days since 1991-01-01 00:00:00', 'days', 'degrees_east', 'degrees_north', 'm']",ocean
20010301.ocean_daily_2001_082.nc,/g/data/ik11/outputs/mom6-panan/panan-01-zstar-2001rerun/output002/20010301.ocean_daily_2001_082.nc,ocean.1day.nv:2.xh:3600.yh:845,1day,"2001-03-23, 00:00:00","2001-03-24, 00:00:00","['average_DT', 'average_T1', 'average_T2', 'mlotst', 'nv', 'time', 'time_bnds', 'xh', 'yh', 'zos']","['Length of average period', 'Start time for average period', 'End time for average period', 'Ocean Mixed Layer Thickness Defined by Sigma T', 'vertex number', 'time', 'time axis boundaries', 'h point nominal longitude', 'h point nominal latitude', 'Sea surface height above geoid']","['', '', '', 'ocean_mixed_layer_thickness_defined_by_sigma_t', '', '', '', '', '', 'sea_surface_height_above_geoid']","['', '', '', 'area:mean yh:mean xh:mean time: mean', '', '', '', '', '', 'area:mean yh:mean xh:mean time: mean']","['days', 'days since 1991-01-01 00:00:00', 'days since 1991-01-01 00:00:00', 'm', '', 'days since 1991-01-01 00:00:00', 'days', 'degrees_east', 'degrees_north', 'm']",ocean
20010301.ocean_daily_2001_083.nc,/g/data/ik11/outputs/mom6-panan/panan-01-zstar-2001rerun/output002/20010301.ocean_daily_2001_083.nc,ocean.1day.nv:2.xh:3600.yh:845,1day,"2001-03-24, 00:00:00","2001-03-25, 00:00:00","['average_DT', 'average_T1', 'average_T2', 'mlotst', 'nv', 'time', 'time_bnds', 'xh', 'yh', 'zos']","['Length of average period', 'Start time for average period', 'End time for average period', 'Ocean Mixed Layer Thickness Defined by Sigma T', 'vertex number', 'time', 'time axis boundaries', 'h point nominal longitude', 'h point nominal latitude', 'Sea surface height above geoid']","['', '', '', 'ocean_mixed_layer_thickness_defined_by_sigma_t', '', '', '', '', '', 'sea_surface_height_above_geoid']","['', '', '', 'area:mean yh:mean xh:mean time: mean', '', '', '', '', '', 'area:mean yh:mean xh:mean time: mean']","['days', 'days since 1991-01-01 00:00:00', 'days since 1991-01-01 00:00:00', 'm', '', 'days since 1991-01-01 00:00:00', 'days', 'degrees_east', 'degrees_north', 'm']",ocean
20010301.ocean_daily_2001_084.nc,/g/data/ik11/outputs/mom6-panan/panan-01-zstar-2001rerun/output002/20010301.ocean_daily_2001_084.nc,ocean.1day.nv:2.xh:3600.yh:845,1day,"2001-03-25, 00:00:00","2001-03-26, 00:00:00","['average_DT', 'average_T1', 'average_T2', 'mlotst', 'nv', 'time', 'time_bnds', 'xh', 'yh', 'zos']","['Length of average period', 'Start time for average period', 'End time for average period', 'Ocean Mixed Layer Thickness Defined by Sigma T', 'vertex number', 'time', 'time axis boundaries', 'h point nominal longitude', 'h point nominal latitude', 'Sea surface height above geoid']","['', '', '', 'ocean_mixed_layer_thickness_defined_by_sigma_t', '', '', '', '', '', 'sea_surface_height_above_geoid']","['', '', '', 'area:mean yh:mean xh:mean time: mean', '', '', '', '', '', 'area:mean yh:mean xh:mean time: mean']","['days', 'days since 1991-01-01 00:00:00', 'days since 1991-01-01 00:00:00', 'm', '', 'days since 1991-01-01 00:00:00', 'days', 'degrees_east', 'degrees_north', 'm']",ocean
20010301.ocean_daily_2001_085.nc,/g/data/ik11/outputs/mom6-panan/panan-01-zstar-2001rerun/output002/20010301.ocean_daily_2001_085.nc,ocean.1day.nv:2.xh:3600.yh:845,1day,"2001-03-26, 00:00:00","2001-03-27, 00:00:00","['average_DT', 'average_T1', 'average_T2', 'mlotst', 'nv', 'time', 'time_bnds', 'xh', 'yh', 'zos']","['Length of average period', 'Start time for average period', 'End time for average period', 'Ocean Mixed Layer Thickness Defined by Sigma T', 'vertex number', 'time', 'time axis boundaries', 'h point nominal longitude', 'h point nominal latitude', 'Sea surface height above geoid']","['', '', '', 'ocean_mixed_layer_thickness_defined_by_sigma_t', '', '', '', '', '', 'sea_surface_height_above_geoid']","['', '', '', 'area:mean yh:mean xh:mean time: mean', '', '', '', '', '', 'area:mean yh:mean xh:mean time: mean']","['days', 'days since 1991-01-01 00:00:00', 'days since 1991-01-01 00:00:00', 'm', '', 'days since 1991-01-01 00:00:00', 'days', 'degrees_east', 'degrees_north', 'm']",ocean
20010301.ocean_daily_2001_086.nc,/g/data/ik11/outputs/mom6-panan/panan-01-zstar-2001rerun/output002/20010301.ocean_daily_2001_086.nc,ocean.1day.nv:2.xh:3600.yh:845,1day,"2001-03-27, 00:00:00","2001-03-28, 00:00:00","['average_DT', 'average_T1', 'average_T2', 'mlotst', 'nv', 'time', 'time_bnds', 'xh', 'yh', 'zos']","['Length of average period', 'Start time for average period', 'End time for average period', 'Ocean Mixed Layer Thickness Defined by Sigma T', 'vertex number', 'time', 'time axis boundaries', 'h point nominal longitude', 'h point nominal latitude', 'Sea surface height above geoid']","['', '', '', 'ocean_mixed_layer_thickness_defined_by_sigma_t', '', '', '', '', '', 'sea_surface_height_above_geoid']","['', '', '', 'area:mean yh:mean xh:mean time: mean', '', '', '', '', '', 'area:mean yh:mean xh:mean time: mean']","['days', 'days since 1991-01-01 00:00:00', 'days since 1991-01-01 00:00:00', 'm', '', 'days since 1991-01-01 00:00:00', 'days', 'degrees_east', 'degrees_north', 'm']",ocean
20010301.ocean_daily_2001_087.nc,/g/data/ik11/outputs/mom6-panan/panan-01-zstar-2001rerun/output002/20010301.ocean_daily_2001_087.nc,ocean.1day.nv:2.xh:3600.yh:845,1day,"2001-03-28, 00:00:00","2001-03-29, 00:00:00","['average_DT', 'average_T1', 'average_T2', 'mlotst', 'nv', 'time', 'time_bnds', 'xh', 'yh', 'zos']","['Length of average period', 'Start time for average period', 'End time for average period', 'Ocean Mixed Layer Thickness Defined by Sigma T', 'vertex number', 'time', 'time axis boundaries', 'h point nominal longitude', 'h point nominal latitude', 'Sea surface height above geoid']","['', '', '', 'ocean_mixed_layer_thickness_defined_by_sigma_t', '', '', '', '', '', 'sea_surface_height_above_geoid']","['', '', '', 'area:mean yh:mean xh:mean time: mean', '', '', '', '', '', 'area:mean yh:mean xh:mean time: mean']","['days', 'days since 1991-01-01 00:00:00', 'days since 1991-01-01 00:00:00', 'm', '', 'days since 1991-01-01 00:00:00', 'days', 'degrees_east', 'degrees_north', 'm']",ocean
20010301.ocean_daily_2001_088.nc,/g/data/ik11/outputs/mom6-panan/panan-01-zstar-2001rerun/output002/20010301.ocean_daily_2001_088.nc,ocean.1day.nv:2.xh:3600.yh:845,1day,"2001-03-29, 00:00:00","2001-03-30, 00:00:00","['average_DT', 'average_T1', 'average_T2', 'mlotst', 'nv', 'time', 'time_bnds', 'xh', 'yh', 'zos']","['Length of average period', 'Start time for average period', 'End time for average period', 'Ocean Mixed Layer Thickness Defined by Sigma T', 'vertex number', 'time', 'time axis boundaries', 'h point nominal longitude', 'h point nominal latitude', 'Sea surface height above geoid']","['', '', '', 'ocean_mixed_layer_thickness_defined_by_sigma_t', '', '', '', '', '', 'sea_surface_height_above_geoid']","['', '', '', 'area:mean yh:mean xh:mean time: mean', '', '', '', '', '', 'area:mean yh:mean xh:mean time: mean']","['days', 'days since 1991-01-01 00:00:00', 'days since 1991-01-01 00:00:00', 'm', '', 'days since 1991-01-01 00:00:00', 'days', 'degrees_east', 'degrees_north', 'm']",ocean
20010301.ocean_daily_2001_089.nc,/g/data/ik11/outputs/mom6-panan/panan-01-zstar-2001rerun/output002/20010301.ocean_daily_2001_089.nc,ocean.1day.nv:2.xh:3600.yh:845,1day,"2001-03-30, 00:00:00","2001-03-31, 00:00:00","['average_DT', 'average_T1', 'average_T2', 'mlotst', 'nv', 'time', 'time_bnds', 'xh', 'yh', 'zos']","['Length of average period', 'Start time for average period', 'End time for average period', 'Ocean Mixed Layer Thickness Defined by Sigma T', 'vertex number', 'time', 'time axis boundaries', 'h point nominal longitude', 'h point nominal latitude', 'Sea surface height above geoid']","['', '', '', 'ocean_mixed_layer_thickness_defined_by_sigma_t', '', '', '', '', '', 'sea_surface_height_above_geoid']","['', '', '', 'area:mean yh:mean xh:mean time: mean', '', '', '', '', '', 'area:mean yh:mean xh:mean time: mean']","['days', 'days since 1991-01-01 00:00:00', 'days since 1991-01-01 00:00:00', 'm', '', 'days since 1991-01-01 00:00:00', 'days', 'degrees_east', 'degrees_north', 'm']",ocean
20010301.ocean_daily_2001_090.nc,/g/data/ik11/outputs/mom6-panan/panan-01-zstar-2001rerun/output002/20010301.ocean_daily_2001_090.nc,ocean.1day.nv:2.xh:3600.yh:845,1day,"2001-03-31, 00:00:00","2001-04-01, 00:00:00","['average_DT', 'average_T1', 'average_T2', 'mlotst', 'nv', 'time', 'time_bnds', 'xh', 'yh', 'zos']","['Length of average period', 'Start time for average period', 'End time for average period', 'Ocean Mixed Layer Thickness Defined by Sigma T', 'vertex number', 'time', 'time axis boundaries', 'h point nominal longitude', 'h point nominal latitude', 'Sea surface height above geoid']","['', '', '', 'ocean_mixed_layer_thickness_defined_by_sigma_t', '', '', '', '', '', 'sea_surface_height_above_geoid']","['', '', '', 'area:mean yh:mean xh:mean time: mean', '', '', '', '', '', 'area:mean yh:mean xh:mean time: mean']","['days', 'days since 1991-01-01 00:00:00', 'days since 1991-01-01 00:00:00', 'm', '', 'days since 1991-01-01 00:00:00', 'days', 'degrees_east', 'degrees_north', 'm']",ocean
20010301.ocean_daily_2001_091.nc,/g/data/ik11/outputs/mom6-panan/panan-01-zstar-2001rerun/output002/20010301.ocean_daily_2001_091.nc,ocean.1day.nv:2.xh:3600.yh:845,1day,"2001-04-01, 00:00:00","2001-04-02, 00:00:00","['average_DT', 'average_T1', 'average_T2', 'mlotst', 'nv', 'time', 'time_bnds', 'xh', 'yh', 'zos']","['Length of average period', 'Start time for average period', 'End time for average period', 'Ocean Mixed Layer Thickness Defined by Sigma T', 'vertex number', 'time', 'time axis boundaries', 'h point nominal longitude', 'h point nominal latitude', 'Sea surface height above geoid']","['', '', '', 'ocean_mixed_layer_thickness_defined_by_sigma_t', '', '', '', '', '', 'sea_surface_height_above_geoid']","['', '', '', 'area:mean yh:mean xh:mean time: mean', '', '', '', '', '', 'area:mean yh:mean xh:mean time: mean']","['days', 'days since 1991-01-01 00:00:00', 'days since 1991-01-01 00:00:00', 'm', '', 'days since 1991-01-01 00:00:00', 'days', 'degrees_east', 'degrees_north', 'm']",ocean
20010301.ocean_daily_2001_092.nc,/g/data/ik11/outputs/mom6-panan/panan-01-zstar-2001rerun/output002/20010301.ocean_daily_2001_092.nc,ocean.1day.nv:2.xh:3600.yh:845,1day,"2001-04-02, 00:00:00","2001-04-03, 00:00:00","['average_DT', 'average_T1', 'average_T2', 'mlotst', 'nv', 'time', 'time_bnds', 'xh', 'yh', 'zos']","['Length of average period', 'Start time for average period', 'End time for average period', 'Ocean Mixed Layer Thickness Defined by Sigma T', 'vertex number', 'time', 'time axis boundaries', 'h point nominal longitude', 'h point nominal latitude', 'Sea surface height above geoid']","['', '', '', 'ocean_mixed_layer_thickness_defined_by_sigma_t', '', '', '', '', '', 'sea_surface_height_above_geoid']","['', '', '', 'area:mean yh:mean xh:mean time: mean', '', '', '', '', '', 'area:mean yh:mean xh:mean time: mean']","['days', 'days since 1991-01-01 00:00:00', 'days since 1991-01-01 00:00:00', 'm', '', 'days since 1991-01-01 00:00:00', 'days', 'degrees_east', 'degrees_north', 'm']",ocean
20010301.ocean_daily_2001_093.nc,/g/data/ik11/outputs/mom6-panan/panan-01-zstar-2001rerun/output002/20010301.ocean_daily_2001_093.nc,ocean.1day.nv:2.xh:3600.yh:845,1day,"2001-04-03, 00:00:00","2001-04-04, 00:00:00","['average_DT', 'average_T1', 'average_T2', 'mlotst', 'nv', 'time', 'time_bnds', 'xh', 'yh', 'zos']","['Length of average period', 'Start time for average period', 'End time for average period', 'Ocean Mixed Layer Thickness Defined by Sigma T', 'vertex number', 'time', 'time axis boundaries', 'h point nominal longitude', 'h point nominal latitude', 'Sea surface height above geoid']","['', '', '', 'ocean_mixed_layer_thickness_defined_by_sigma_t', '', '', '', '', '', 'sea_surface_height_above_geoid']","['', '', '', 'area:mean yh:mean xh:mean time: mean', '', '', '', '', '', 'area:mean yh:mean xh:mean time: mean']","['days', 'days since 1991-01-01 00:00:00', 'days since 1991-01-01 00:00:00', 'm', '', 'days since 1991-01-01 00:00:00', 'days', 'degrees_east', 'degrees_north', 'm']",ocean
20010301.ocean_daily_2001_094.nc,/g/data/ik11/outputs/mom6-panan/panan-01-zstar-2001rerun/output002/20010301.ocean_daily_2001_094.nc,ocean.1day.nv:2.xh:3600.yh:845,1day,"2001-04-04, 00:00:00","2001-04-05, 00:00:00","['average_DT', 'average_T1', 'average_T2', 'mlotst', 'nv', 'time', 'time_bnds', 'xh', 'yh', 'zos']","['Length of average period', 'Start time for average period', 'End time for average period', 'Ocean Mixed Layer Thickness Defined by Sigma T', 'vertex number', 'time', 'time axis boundaries', 'h point nominal longitude', 'h point nominal latitude', 'Sea surface height above geoid']","['', '', '', 'ocean_mixed_layer_thickness_defined_by_sigma_t', '', '', '', '', '', 'sea_surface_height_above_geoid']","['', '', '', 'area:mean yh:mean xh:mean time: mean', '', '', '', '', '', 'area:mean yh:mean xh:mean time: mean']","['days', 'days since 1991-01-01 00:00:00', 'days since 1991-01-01 00:00:00', 'm', '', 'days since 1991-01-01 00:00:00', 'days', 'degrees_east', 'degrees_north', 'm']",ocean
20010301.ocean_daily_2001_095.nc,/g/data/ik11/outputs/mom6-panan/panan-01-zstar-2001rerun/output002/20010301.ocean_daily_2001_095.nc,ocean.1day.nv:2.xh:3600.yh:845,1day,"2001-04-05, 00:00:00","2001-04-06, 00:00:00","['average_DT', 'average_T1', 'average_T2', 'mlotst', 'nv', 'time', 'time_bnds', 'xh', 'yh', 'zos']","['Length of average period', 'Start time for average period', 'End time for average period', 'Ocean Mixed Layer Thickness Defined by Sigma T', 'vertex number', 'time', 'time axis boundaries', 'h point nominal longitude', 'h point nominal latitude', 'Sea surface height above geoid']","['', '', '', 'ocean_mixed_layer_thickness_defined_by_sigma_t', '', '', '', '', '', 'sea_surface_height_above_geoid']","['', '', '', 'area:mean yh:mean xh:mean time: mean', '', '', '', '', '', 'area:mean yh:mean xh:mean time: mean']","['days', 'days since 1991-01-01 00:00:00', 'days since 1991-01-01 00:00:00', 'm', '', 'days since 1991-01-01 00:00:00', 'days', 'degrees_east', 'degrees_north', 'm']",ocean
20010301.ocean_daily_2001_096.nc,/g/data/ik11/outputs/mom6-panan/panan-01-zstar-2001rerun/output002/20010301.ocean_daily_2001_096.nc,ocean.1day.nv:2.xh:3600.yh:845,1day,"2001-04-06, 00:00:00","2001-04-07, 00:00:00","['average_DT', 'average_T1', 'average_T2', 'mlotst', 'nv', 'time', 'time_bnds', 'xh', 'yh', 'zos']","['Length of average period', 'Start time for average period', 'End time for average period', 'Ocean Mixed Layer Thickness Defined by Sigma T', 'vertex number', 'time', 'time axis boundaries', 'h point nominal longitude', 'h point nominal latitude', 'Sea surface height above geoid']","['', '', '', 'ocean_mixed_layer_thickness_defined_by_sigma_t', '', '', '', '', '', 'sea_surface_height_above_geoid']","['', '', '', 'area:mean yh:mean xh:mean time: mean', '', '', '', '', '', 'area:mean yh:mean xh:mean time: mean']","['days', 'days since 1991-01-01 00:00:00', 'days since 1991-01-01 00:00:00', 'm', '', 'days since 1991-01-01 00:00:00', 'days', 'degrees_east', 'degrees_north', 'm']",ocean
20010301.ocean_daily_2001_097.nc,/g/data/ik11/outputs/mom6-panan/panan-01-zstar-2001rerun/output002/20010301.ocean_daily_2001_097.nc,ocean.1day.nv:2.xh:3600.yh:845,1day,"2001-04-07, 00:00:00","2001-04-08, 00:00:00","['average_DT', 'average_T1', 'average_T2', 'mlotst', 'nv', 'time', 'time_bnds', 'xh', 'yh', 'zos']","['Length of average period', 'Start time for average period', 'End time for average period', 'Ocean Mixed Layer Thickness Defined by Sigma T', 'vertex number', 'time', 'time axis boundaries', 'h point nominal longitude', 'h point nominal latitude', 'Sea surface height above geoid']","['', '', '', 'ocean_mixed_layer_thickness_defined_by_sigma_t', '', '', '', '', '', 'sea_surface_height_above_geoid']","['', '', '', 'area:mean yh:mean xh:mean time: mean', '', '', '', '', '', 'area:mean yh:mean xh:mean time: mean']","['days', 'days since 1991-01-01 00:00:00', 'days since 1991-01-01 00:00:00', 'm', '', 'days since 1991-01-01 00:00:00', 'days', 'degrees_east', 'degrees_north', 'm']",ocean
20010301.ocean_daily_2001_098.nc,/g/data/ik11/outputs/mom6-panan/panan-01-zstar-2001rerun/output002/20010301.ocean_daily_2001_098.nc,ocean.1day.nv:2.xh:3600.yh:845,1day,"2001-04-08, 00:00:00","2001-04-09, 00:00:00","['average_DT', 'average_T1', 'average_T2', 'mlotst', 'nv', 'time', 'time_bnds', 'xh', 'yh', 'zos']","['Length of average period', 'Start time for average period', 'End time for average period', 'Ocean Mixed Layer Thickness Defined by Sigma T', 'vertex number', 'time', 'time axis boundaries', 'h point nominal longitude', 'h point nominal latitude', 'Sea surface height above geoid']","['', '', '', 'ocean_mixed_layer_thickness_defined_by_sigma_t', '', '', '', '', '', 'sea_surface_height_above_geoid']","['', '', '', 'area:mean yh:mean xh:mean time: mean', '', '', '', '', '', 'area:mean yh:mean xh:mean time: mean']","['days', 'days since 1991-01-01 00:00:00', 'days since 1991-01-01 00:00:00', 'm', '', 'days since 1991-01-01 00:00:00', 'days', 'degrees_east', 'degrees_north', 'm']",ocean
20010301.ocean_daily_2001_099.nc,/g/data/ik11/outputs/mom6-panan/panan-01-zstar-2001rerun/output002/20010301.ocean_daily_2001_099.nc,ocean.1day.nv:2.xh:3600.yh:845,1day,"2001-04-09, 00:00:00","2001-04-10, 00:00:00","['average_DT', 'average_T1', 'average_T2', 'mlotst', 'nv', 'time', 'time_bnds', 'xh', 'yh', 'zos']","['Length of average period', 'Start time for average period', 'End time for average period', 'Ocean Mixed Layer Thickness Defined by Sigma T', 'vertex number', 'time', 'time axis boundaries', 'h point nominal longitude', 'h point nominal latitude', 'Sea surface height above geoid']","['', '', '', 'ocean_mixed_layer_thickness_defined_by_sigma_t', '', '', '', '', '', 'sea_surface_height_above_geoid']","['', '', '', 'area:mean yh:mean xh:mean time: mean', '', '', '', '', '', 'area:mean yh:mean xh:mean time: mean']","['days', 'days since 1991-01-01 00:00:00', 'days since 1991-01-01 00:00:00', 'm', '', 'days since 1991-01-01 00:00:00', 'days', 'degrees_east', 'degrees_north', 'm']",ocean
20010301.ocean_daily_2001_100.nc,/g/data/ik11/outputs/mom6-panan/panan-01-zstar-2001rerun/output002/20010301.ocean_daily_2001_100.nc,ocean.1day.nv:2.xh:3600.yh:845,1day,"2001-04-10, 00:00:00","2001-04-11, 00:00:00","['average_DT', 'average_T1', 'average_T2', 'mlotst', 'nv', 'time', 'time_bnds', 'xh', 'yh', 'zos']","['Length of average period', 'Start time for average period', 'End time for average period', 'Ocean Mixed Layer Thickness Defined by Sigma T', 'vertex number', 'time', 'time axis boundaries', 'h point nominal longitude', 'h point nominal latitude', 'Sea surface height above geoid']","['', '', '', 'ocean_mixed_layer_thickness_defined_by_sigma_t', '', '', '', '', '', 'sea_surface_height_above_geoid']","['', '', '', 'area:mean yh:mean xh:mean time: mean', '', '', '', '', '', 'area:mean yh:mean xh:mean time: mean']","['days', 'days since 1991-01-01 00:00:00', 'days since 1991-01-01 00:00:00', 'm', '', 'days since 1991-01-01 00:00:00', 'days', 'degrees_east', 'degrees_north', 'm']",ocean
20010301.ocean_daily_2001_101.nc,/g/data/ik11/outputs/mom6-panan/panan-01-zstar-2001rerun/output002/20010301.ocean_daily_2001_101.nc,ocean.1day.nv:2.xh:3600.yh:845,1day,"2001-04-11, 00:00:00","2001-04-12, 00:00:00","['average_DT', 'average_T1', 'average_T2', 'mlotst', 'nv', 'time', 'time_bnds', 'xh', 'yh', 'zos']","['Length of average period', 'Start time for average period', 'End time for average period', 'Ocean Mixed Layer Thickness Defined by Sigma T', 'vertex number', 'time', 'time axis boundaries', 'h point nominal longitude', 'h point nominal latitude', 'Sea surface height above geoid']","['', '', '', 'ocean_mixed_layer_thickness_defined_by_sigma_t', '', '', '', '', '', 'sea_surface_height_above_geoid']","['', '', '', 'area:mean yh:mean xh:mean time: mean', '', '', '', '', '', 'area:mean yh:mean xh:mean time: mean']","['days', 'days since 1991-01-01 00:00:00', 'days since 1991-01-01 00:00:00', 'm', '', 'days since 1991-01-01 00:00:00', 'days', 'degrees_east', 'degrees_north', 'm']",ocean
20010301.ocean_daily_2001_102.nc,/g/data/ik11/outputs/mom6-panan/panan-01-zstar-2001rerun/output002/20010301.ocean_daily_2001_102.nc,ocean.1day.nv:2.xh:3600.yh:845,1day,"2001-04-12, 00:00:00","2001-04-13, 00:00:00","['average_DT', 'average_T1', 'average_T2', 'mlotst', 'nv', 'time', 'time_bnds', 'xh', 'yh', 'zos']","['Length of average period', 'Start time for average period', 'End time for average period', 'Ocean Mixed Layer Thickness Defined by Sigma T', 'vertex number', 'time', 'time axis boundaries', 'h point nominal longitude', 'h point nominal latitude', 'Sea surface height above geoid']","['', '', '', 'ocean_mixed_layer_thickness_defined_by_sigma_t', '', '', '', '', '', 'sea_surface_height_above_geoid']","['', '', '', 'area:mean yh:mean xh:mean time: mean', '', '', '', '', '', 'area:mean yh:mean xh:mean time: mean']","['days', 'days since 1991-01-01 00:00:00', 'days since 1991-01-01 00:00:00', 'm', '', 'days since 1991-01-01 00:00:00', 'days', 'degrees_east', 'degrees_north', 'm']",ocean
20010301.ocean_daily_2001_103.nc,/g/data/ik11/outputs/mom6-panan/panan-01-zstar-2001rerun/output002/20010301.ocean_daily_2001_103.nc,ocean.1day.nv:2.xh:3600.yh:845,1day,"2001-04-13, 00:00:00","2001-04-14, 00:00:00","['average_DT', 'average_T1', 'average_T2', 'mlotst', 'nv', 'time', 'time_bnds', 'xh', 'yh', 'zos']","['Length of average period', 'Start time for average period', 'End time for average period', 'Ocean Mixed Layer Thickness Defined by Sigma T', 'vertex number', 'time', 'time axis boundaries', 'h point nominal longitude', 'h point nominal latitude', 'Sea surface height above geoid']","['', '', '', 'ocean_mixed_layer_thickness_defined_by_sigma_t', '', '', '', '', '', 'sea_surface_height_above_geoid']","['', '', '', 'area:mean yh:mean xh:mean time: mean', '', '', '', '', '', 'area:mean yh:mean xh:mean time: mean']","['days', 'days since 1991-01-01 00:00:00', 'days since 1991-01-01 00:00:00', 'm', '', 'days since 1991-01-01 00:00:00', 'days', 'degrees_east', 'degrees_north', 'm']",ocean
20010301.ocean_daily_2001_104.nc,/g/data/ik11/outputs/mom6-panan/panan-01-zstar-2001rerun/output002/20010301.ocean_daily_2001_104.nc,ocean.1day.nv:2.xh:3600.yh:845,1day,"2001-04-14, 00:00:00","2001-04-15, 00:00:00","['average_DT', 'average_T1', 'average_T2', 'mlotst', 'nv', 'time', 'time_bnds', 'xh', 'yh', 'zos']","['Length of average period', 'Start time for average period', 'End time for average period', 'Ocean Mixed Layer Thickness Defined by Sigma T', 'vertex number', 'time', 'time axis boundaries', 'h point nominal longitude', 'h point nominal latitude', 'Sea surface height above geoid']","['', '', '', 'ocean_mixed_layer_thickness_defined_by_sigma_t', '', '', '', '', '', 'sea_surface_height_above_geoid']","['', '', '', 'area:mean yh:mean xh:mean time: mean', '', '', '', '', '', 'area:mean yh:mean xh:mean time: mean']","['days', 'days since 1991-01-01 00:00:00', 'days since 1991-01-01 00:00:00', 'm', '', 'days since 1991-01-01 00:00:00', 'days', 'degrees_east', 'degrees_north', 'm']",ocean
20010301.ocean_daily_2001_105.nc,/g/data/ik11/outputs/mom6-panan/panan-01-zstar-2001rerun/output002/20010301.ocean_daily_2001_105.nc,ocean.1day.nv:2.xh:3600.yh:845,1day,"2001-04-15, 00:00:00","2001-04-16, 00:00:00","['average_DT', 'average_T1', 'average_T2', 'mlotst', 'nv', 'time', 'time_bnds', 'xh', 'yh', 'zos']","['Length of average period', 'Start time for average period', 'End time for average period', 'Ocean Mixed Layer Thickness Defined by Sigma T', 'vertex number', 'time', 'time axis boundaries', 'h point nominal longitude', 'h point nominal latitude', 'Sea surface height above geoid']","['', '', '', 'ocean_mixed_layer_thickness_defined_by_sigma_t', '', '', '', '', '', 'sea_surface_height_above_geoid']","['', '', '', 'area:mean yh:mean xh:mean time: mean', '', '', '', '', '', 'area:mean yh:mean xh:mean time: mean']","['days', 'days since 1991-01-01 00:00:00', 'days since 1991-01-01 00:00:00', 'm', '', 'days since 1991-01-01 00:00:00', 'days', 'degrees_east', 'degrees_north', 'm']",ocean
20010301.ocean_daily_2001_106.nc,/g/data/ik11/outputs/mom6-panan/panan-01-zstar-2001rerun/output002/20010301.ocean_daily_2001_106.nc,ocean.1day.nv:2.xh:3600.yh:845,1day,"2001-04-16, 00:00:00","2001-04-17, 00:00:00","['average_DT', 'average_T1', 'average_T2', 'mlotst', 'nv', 'time', 'time_bnds', 'xh', 'yh', 'zos']","['Length of average period', 'Start time for average period', 'End time for average period', 'Ocean Mixed Layer Thickness Defined by Sigma T', 'vertex number', 'time', 'time axis boundaries', 'h point nominal longitude', 'h point nominal latitude', 'Sea surface height above geoid']","['', '', '', 'ocean_mixed_layer_thickness_defined_by_sigma_t', '', '', '', '', '', 'sea_surface_height_above_geoid']","['', '', '', 'area:mean yh:mean xh:mean time: mean', '', '', '', '', '', 'area:mean yh:mean xh:mean time: mean']","['days', 'days since 1991-01-01 00:00:00', 'days since 1991-01-01 00:00:00', 'm', '', 'days since 1991-01-01 00:00:00', 'days', 'degrees_east', 'degrees_north', 'm']",ocean
20010301.ocean_daily_2001_107.nc,/g/data/ik11/outputs/mom6-panan/panan-01-zstar-2001rerun/output002/20010301.ocean_daily_2001_107.nc,ocean.1day.nv:2.xh:3600.yh:845,1day,"2001-04-17, 00:00:00","2001-04-18, 00:00:00","['average_DT', 'average_T1', 'average_T2', 'mlotst', 'nv', 'time', 'time_bnds', 'xh', 'yh', 'zos']","['Length of average period', 'Start time for average period', 'End time for average period', 'Ocean Mixed Layer Thickness Defined by Sigma T', 'vertex number', 'time', 'time axis boundaries', 'h point nominal longitude', 'h point nominal latitude', 'Sea surface height above geoid']","['', '', '', 'ocean_mixed_layer_thickness_defined_by_sigma_t', '', '', '', '', '', 'sea_surface_height_above_geoid']","['', '', '', 'area:mean yh:mean xh:mean time: mean', '', '', '', '', '', 'area:mean yh:mean xh:mean time: mean']","['days', 'days since 1991-01-01 00:00:00', 'days since 1991-01-01 00:00:00', 'm', '', 'days since 1991-01-01 00:00:00', 'days', 'degrees_east', 'degrees_north', 'm']",ocean
20010301.ocean_daily_2001_108.nc,/g/data/ik11/outputs/mom6-panan/panan-01-zstar-2001rerun/output002/20010301.ocean_daily_2001_108.nc,ocean.1day.nv:2.xh:3600.yh:845,1day,"2001-04-18, 00:00:00","2001-04-19, 00:00:00","['average_DT', 'average_T1', 'average_T2', 'mlotst', 'nv', 'time', 'time_bnds', 'xh', 'yh', 'zos']","['Length of average period', 'Start time for average period', 'End time for average period', 'Ocean Mixed Layer Thickness Defined by Sigma T', 'vertex number', 'time', 'time axis boundaries', 'h point nominal longitude', 'h point nominal latitude', 'Sea surface height above geoid']","['', '', '', 'ocean_mixed_layer_thickness_defined_by_sigma_t', '', '', '', '', '', 'sea_surface_height_above_geoid']","['', '', '', 'area:mean yh:mean xh:mean time: mean', '', '', '', '', '', 'area:mean yh:mean xh:mean time: mean']","['days', 'days since 1991-01-01 00:00:00', 'days since 1991-01-01 00:00:00', 'm', '', 'days since 1991-01-01 00:00:00', 'days', 'degrees_east', 'degrees_north', 'm']",ocean
20010301.ocean_daily_2001_109.nc,/g/data/ik11/outputs/mom6-panan/panan-01-zstar-2001rerun/output002/20010301.ocean_daily_2001_109.nc,ocean.1day.nv:2.xh:3600.yh:845,1day,"2001-04-19, 00:00:00","2001-04-20, 00:00:00","['average_DT', 'average_T1', 'average_T2', 'mlotst', 'nv', 'time', 'time_bnds', 'xh', 'yh', 'zos']","['Length of average period', 'Start time for average period', 'End time for average period', 'Ocean Mixed Layer Thickness Defined by Sigma T', 'vertex number', 'time', 'time axis boundaries', 'h point nominal longitude', 'h point nominal latitude', 'Sea surface height above geoid']","['', '', '', 'ocean_mixed_layer_thickness_defined_by_sigma_t', '', '', '', '', '', 'sea_surface_height_above_geoid']","['', '', '', 'area:mean yh:mean xh:mean time: mean', '', '', '', '', '', 'area:mean yh:mean xh:mean time: mean']","['days', 'days since 1991-01-01 00:00:00', 'days since 1991-01-01 00:00:00', 'm', '', 'days since 1991-01-01 00:00:00', 'days', 'degrees_east', 'degrees_north', 'm']",ocean
20010301.ocean_daily_2001_110.nc,/g/data/ik11/outputs/mom6-panan/panan-01-zstar-2001rerun/output002/20010301.ocean_daily_2001_110.nc,ocean.1day.nv:2.xh:3600.yh:845,1day,"2001-04-20, 00:00:00","2001-04-21, 00:00:00","['average_DT', 'average_T1', 'average_T2', 'mlotst', 'nv', 'time', 'time_bnds', 'xh', 'yh', 'zos']","['Length of average period', 'Start time for average period', 'End time for average period', 'Ocean Mixed Layer Thickness Defined by Sigma T', 'vertex number', 'time', 'time axis boundaries', 'h point nominal longitude', 'h point nominal latitude', 'Sea surface height above geoid']","['', '', '', 'ocean_mixed_layer_thickness_defined_by_sigma_t', '', '', '', '', '', 'sea_surface_height_above_geoid']","['', '', '', 'area:mean yh:mean xh:mean time: mean', '', '', '', '', '', 'area:mean yh:mean xh:mean time: mean']","['days', 'days since 1991-01-01 00:00:00', 'days since 1991-01-01 00:00:00', 'm', '', 'days since 1991-01-01 00:00:00', 'days', 'degrees_east', 'degrees_north', 'm']",ocean
20010301.ocean_daily_2001_111.nc,/g/data/ik11/outputs/mom6-panan/panan-01-zstar-2001rerun/output002/20010301.ocean_daily_2001_111.nc,ocean.1day.nv:2.xh:3600.yh:845,1day,"2001-04-21, 00:00:00","2001-04-22, 00:00:00","['average_DT', 'average_T1', 'average_T2', 'mlotst', 'nv', 'time', 'time_bnds', 'xh', 'yh', 'zos']","['Length of average period', 'Start time for average period', 'End time for average period', 'Ocean Mixed Layer Thickness Defined by Sigma T', 'vertex number', 'time', 'time axis boundaries', 'h point nominal longitude', 'h point nominal latitude', 'Sea surface height above geoid']","['', '', '', 'ocean_mixed_layer_thickness_defined_by_sigma_t', '', '', '', '', '', 'sea_surface_height_above_geoid']","['', '', '', 'area:mean yh:mean xh:mean time: mean', '', '', '', '', '', 'area:mean yh:mean xh:mean time: mean']","['days', 'days since 1991-01-01 00:00:00', 'days since 1991-01-01 00:00:00', 'm', '', 'days since 1991-01-01 00:00:00', 'days', 'degrees_east', 'degrees_north', 'm']",ocean
20010301.ocean_daily_2001_112.nc,/g/data/ik11/outputs/mom6-panan/panan-01-zstar-2001rerun/output002/20010301.ocean_daily_2001_112.nc,ocean.1day.nv:2.xh:3600.yh:845,1day,"2001-04-22, 00:00:00","2001-04-23, 00:00:00","['average_DT', 'average_T1', 'average_T2', 'mlotst', 'nv', 'time', 'time_bnds', 'xh', 'yh', 'zos']","['Length of average period', 'Start time for average period', 'End time for average period', 'Ocean Mixed Layer Thickness Defined by Sigma T', 'vertex number', 'time', 'time axis boundaries', 'h point nominal longitude', 'h point nominal latitude', 'Sea surface height above geoid']","['', '', '', 'ocean_mixed_layer_thickness_defined_by_sigma_t', '', '', '', '', '', 'sea_surface_height_above_geoid']","['', '', '', 'area:mean yh:mean xh:mean time: mean', '', '', '', '', '', 'area:mean yh:mean xh:mean time: mean']","['days', 'days since 1991-01-01 00:00:00', 'days since 1991-01-01 00:00:00', 'm', '', 'days since 1991-01-01 00:00:00', 'days', 'degrees_east', 'degrees_north', 'm']",ocean
20010301.ocean_daily_2001_113.nc,/g/data/ik11/outputs/mom6-panan/panan-01-zstar-2001rerun/output002/20010301.ocean_daily_2001_113.nc,ocean.1day.nv:2.xh:3600.yh:845,1day,"2001-04-23, 00:00:00","2001-04-24, 00:00:00","['average_DT', 'average_T1', 'average_T2', 'mlotst', 'nv', 'time', 'time_bnds', 'xh', 'yh', 'zos']","['Length of average period', 'Start time for average period', 'End time for average period', 'Ocean Mixed Layer Thickness Defined by Sigma T', 'vertex number', 'time', 'time axis boundaries', 'h point nominal longitude', 'h point nominal latitude', 'Sea surface height above geoid']","['', '', '', 'ocean_mixed_layer_thickness_defined_by_sigma_t', '', '', '', '', '', 'sea_surface_height_above_geoid']","['', '', '', 'area:mean yh:mean xh:mean time: mean', '', '', '', '', '', 'area:mean yh:mean xh:mean time: mean']","['days', 'days since 1991-01-01 00:00:00', 'days since 1991-01-01 00:00:00', 'm', '', 'days since 1991-01-01 00:00:00', 'days', 'degrees_east', 'degrees_north', 'm']",ocean
20010301.ocean_daily_2001_114.nc,/g/data/ik11/outputs/mom6-panan/panan-01-zstar-2001rerun/output002/20010301.ocean_daily_2001_114.nc,ocean.1day.nv:2.xh:3600.yh:845,1day,"2001-04-24, 00:00:00","2001-04-25, 00:00:00","['average_DT', 'average_T1', 'average_T2', 'mlotst', 'nv', 'time', 'time_bnds', 'xh', 'yh', 'zos']","['Length of average period', 'Start time for average period', 'End time for average period', 'Ocean Mixed Layer Thickness Defined by Sigma T', 'vertex number', 'time', 'time axis boundaries', 'h point nominal longitude', 'h point nominal latitude', 'Sea surface height above geoid']","['', '', '', 'ocean_mixed_layer_thickness_defined_by_sigma_t', '', '', '', '', '', 'sea_surface_height_above_geoid']","['', '', '', 'area:mean yh:mean xh:mean time: mean', '', '', '', '', '', 'area:mean yh:mean xh:mean time: mean']","['days', 'days since 1991-01-01 00:00:00', 'days since 1991-01-01 00:00:00', 'm', '', 'days since 1991-01-01 00:00:00', 'days', 'degrees_east', 'degrees_north', 'm']",ocean
20010301.ocean_daily_2001_115.nc,/g/data/ik11/outputs/mom6-panan/panan-01-zstar-2001rerun/output002/20010301.ocean_daily_2001_115.nc,ocean.1day.nv:2.xh:3600.yh:845,1day,"2001-04-25, 00:00:00","2001-04-26, 00:00:00","['average_DT', 'average_T1', 'average_T2', 'mlotst', 'nv', 'time', 'time_bnds', 'xh', 'yh', 'zos']","['Length of average period', 'Start time for average period', 'End time for average period', 'Ocean Mixed Layer Thickness Defined by Sigma T', 'vertex number', 'time', 'time axis boundaries', 'h point nominal longitude', 'h point nominal latitude', 'Sea surface height above geoid']","['', '', '', 'ocean_mixed_layer_thickness_defined_by_sigma_t', '', '', '', '', '', 'sea_surface_height_above_geoid']","['', '', '', 'area:mean yh:mean xh:mean time: mean', '', '', '', '', '', 'area:mean yh:mean xh:mean time: mean']","['days', 'days since 1991-01-01 00:00:00', 'days since 1991-01-01 00:00:00', 'm', '', 'days since 1991-01-01 00:00:00', 'days', 'degrees_east', 'degrees_north', 'm']",ocean
20010301.ocean_daily_2001_116.nc,/g/data/ik11/outputs/mom6-panan/panan-01-zstar-2001rerun/output002/20010301.ocean_daily_2001_116.nc,ocean.1day.nv:2.xh:3600.yh:845,1day,"2001-04-26, 00:00:00","2001-04-27, 00:00:00","['average_DT', 'average_T1', 'average_T2', 'mlotst', 'nv', 'time', 'time_bnds', 'xh', 'yh', 'zos']","['Length of average period', 'Start time for average period', 'End time for average period', 'Ocean Mixed Layer Thickness Defined by Sigma T', 'vertex number', 'time', 'time axis boundaries', 'h point nominal longitude', 'h point nominal latitude', 'Sea surface height above geoid']","['', '', '', 'ocean_mixed_layer_thickness_defined_by_sigma_t', '', '', '', '', '', 'sea_surface_height_above_geoid']","['', '', '', 'area:mean yh:mean xh:mean time: mean', '', '', '', '', '', 'area:mean yh:mean xh:mean time: mean']","['days', 'days since 1991-01-01 00:00:00', 'days since 1991-01-01 00:00:00', 'm', '', 'days since 1991-01-01 00:00:00', 'days', 'degrees_east', 'degrees_north', 'm']",ocean
20010301.ocean_daily_2001_117.nc,/g/data/ik11/outputs/mom6-panan/panan-01-zstar-2001rerun/output002/20010301.ocean_daily_2001_117.nc,ocean.1day.nv:2.xh:3600.yh:845,1day,"2001-04-27, 00:00:00","2001-04-28, 00:00:00","['average_DT', 'average_T1', 'average_T2', 'mlotst', 'nv', 'time', 'time_bnds', 'xh', 'yh', 'zos']","['Length of average period', 'Start time for average period', 'End time for average period', 'Ocean Mixed Layer Thickness Defined by Sigma T', 'vertex number', 'time', 'time axis boundaries', 'h point nominal longitude', 'h point nominal latitude', 'Sea surface height above geoid']","['', '', '', 'ocean_mixed_layer_thickness_defined_by_sigma_t', '', '', '', '', '', 'sea_surface_height_above_geoid']","['', '', '', 'area:mean yh:mean xh:mean time: mean', '', '', '', '', '', 'area:mean yh:mean xh:mean time: mean']","['days', 'days since 1991-01-01 00:00:00', 'days since 1991-01-01 00:00:00', 'm', '', 'days since 1991-01-01 00:00:00', 'days', 'degrees_east', 'degrees_north', 'm']",ocean
20010301.ocean_daily_2001_118.nc,/g/data/ik11/outputs/mom6-panan/panan-01-zstar-2001rerun/output002/20010301.ocean_daily_2001_118.nc,ocean.1day.nv:2.xh:3600.yh:845,1day,"2001-04-28, 00:00:00","2001-04-29, 00:00:00","['average_DT', 'average_T1', 'average_T2', 'mlotst', 'nv', 'time', 'time_bnds', 'xh', 'yh', 'zos']","['Length of average period', 'Start time for average period', 'End time for average period', 'Ocean Mixed Layer Thickness Defined by Sigma T', 'vertex number', 'time', 'time axis boundaries', 'h point nominal longitude', 'h point nominal latitude', 'Sea surface height above geoid']","['', '', '', 'ocean_mixed_layer_thickness_defined_by_sigma_t', '', '', '', '', '', 'sea_surface_height_above_geoid']","['', '', '', 'area:mean yh:mean xh:mean time: mean', '', '', '', '', '', 'area:mean yh:mean xh:mean time: mean']","['days', 'days since 1991-01-01 00:00:00', 'days since 1991-01-01 00:00:00', 'm', '', 'days since 1991-01-01 00:00:00', 'days', 'degrees_east', 'degrees_north', 'm']",ocean
20010301.ocean_daily_2001_119.nc,/g/data/ik11/outputs/mom6-panan/panan-01-zstar-2001rerun/output002/20010301.ocean_daily_2001_119.nc,ocean.1day.nv:2.xh:3600.yh:845,1day,"2001-04-29, 00:00:00","2001-04-30, 00:00:00","['average_DT', 'average_T1', 'average_T2', 'mlotst', 'nv', 'time', 'time_bnds', 'xh', 'yh', 'zos']","['Length of average period', 'Start time for average period', 'End time for average period', 'Ocean Mixed Layer Thickness Defined by Sigma T', 'vertex number', 'time', 'time axis boundaries', 'h point nominal longitude', 'h point nominal latitude', 'Sea surface height above geoid']","['', '', '', 'ocean_mixed_layer_thickness_defined_by_sigma_t', '', '', '', '', '', 'sea_surface_height_above_geoid']","['', '', '', 'area:mean yh:mean xh:mean time: mean', '', '', '', '', '', 'area:mean yh:mean xh:mean time: mean']","['days', 'days since 1991-01-01 00:00:00', 'days since 1991-01-01 00:00:00', 'm', '', 'days since 1991-01-01 00:00:00', 'days', 'degrees_east', 'degrees_north', 'm']",ocean
20010301.ocean_daily_2001_120.nc,/g/data/ik11/outputs/mom6-panan/panan-01-zstar-2001rerun/output002/20010301.ocean_daily_2001_120.nc,ocean.1day.nv:2.xh:3600.yh:845,1day,"2001-04-30, 00:00:00","2001-05-01, 00:00:00","['average_DT', 'average_T1', 'average_T2', 'mlotst', 'nv', 'time', 'time_bnds', 'xh', 'yh', 'zos']","['Length of average period', 'Start time for average period', 'End time for average period', 'Ocean Mixed Layer Thickness Defined by Sigma T', 'vertex number', 'time', 'time axis boundaries', 'h point nominal longitude', 'h point nominal latitude', 'Sea surface height above geoid']","['', '', '', 'ocean_mixed_layer_thickness_defined_by_sigma_t', '', '', '', '', '', 'sea_surface_height_above_geoid']","['', '', '', 'area:mean yh:mean xh:mean time: mean', '', '', '', '', '', 'area:mean yh:mean xh:mean time: mean']","['days', 'days since 1991-01-01 00:00:00', 'days since 1991-01-01 00:00:00', 'm', '', 'days since 1991-01-01 00:00:00', 'days', 'degrees_east', 'degrees_north', 'm']",ocean
20010301.ocean_daily_z_2001_060.nc,/g/data/ik11/outputs/mom6-panan/panan-01-zstar-2001rerun/output002/20010301.ocean_daily_z_2001_060.nc,ocean.1day.nv:2.xh:3600.xq:3601.yh:845.yq:846.z_l_sub01:1,1day,"2001-03-01, 00:00:00","2001-03-02, 00:00:00","['average_DT', 'average_T1', 'average_T2', 'nv', 'time', 'time_bnds', 'uo', 'vo', 'xh', 'xq', 'yh', 'yq', 'z_l_sub01']","['Length of average period', 'Start time for average period', 'End time for average period', 'vertex number', 'time', 'time axis boundaries', 'Sea Water X Velocity', 'Sea Water Y Velocity', 'h point nominal longitude', 'q point nominal longitude', 'h point nominal latitude', 'q point nominal latitude', 'Depth at cell center']","['', '', '', '', '', '', 'sea_water_x_velocity', 'sea_water_y_velocity', '', '', '', '', '']","['', '', '', '', '', '', 'z_l:mean yh:mean xq:point time: mean', 'z_l:mean yq:point xh:mean time: mean', '', '', '', '', '']","['days', 'days since 1991-01-01 00:00:00', 'days since 1991-01-01 00:00:00', '', 'days since 1991-01-01 00:00:00', 'days', 'm s-1', 'm s-1', 'degrees_east', 'degrees_east', 'degrees_north', 'degrees_north', 'meters']",ocean
20010301.ocean_daily_z_2001_061.nc,/g/data/ik11/outputs/mom6-panan/panan-01-zstar-2001rerun/output002/20010301.ocean_daily_z_2001_061.nc,ocean.1day.nv:2.xh:3600.xq:3601.yh:845.yq:846.z_l_sub01:1,1day,"2001-03-02, 00:00:00","2001-03-03, 00:00:00","['average_DT', 'average_T1', 'average_T2', 'nv', 'time', 'time_bnds', 'uo', 'vo', 'xh', 'xq', 'yh', 'yq', 'z_l_sub01']","['Length of average period', 'Start time for average period', 'End time for average period', 'vertex number', 'time', 'time axis boundaries', 'Sea Water X Velocity', 'Sea Water Y Velocity', 'h point nominal longitude', 'q point nominal longitude', 'h point nominal latitude', 'q point nominal latitude', 'Depth at cell center']","['', '', '', '', '', '', 'sea_water_x_velocity', 'sea_water_y_velocity', '', '', '', '', '']","['', '', '', '', '', '', 'z_l:mean yh:mean xq:point time: mean', 'z_l:mean yq:point xh:mean time: mean', '', '', '', '', '']","['days', 'days since 1991-01-01 00:00:00', 'days since 1991-01-01 00:00:00', '', 'days since 1991-01-01 00:00:00', 'days', 'm s-1', 'm s-1', 'degrees_east', 'degrees_east', 'degrees_north', 'degrees_north', 'meters']",ocean
20010301.ocean_daily_z_2001_062.nc,/g/data/ik11/outputs/mom6-panan/panan-01-zstar-2001rerun/output002/20010301.ocean_daily_z_2001_062.nc,ocean.1day.nv:2.xh:3600.xq:3601.yh:845.yq:846.z_l_sub01:1,1day,"2001-03-03, 00:00:00","2001-03-04, 00:00:00","['average_DT', 'average_T1', 'average_T2', 'nv', 'time', 'time_bnds', 'uo', 'vo', 'xh', 'xq', 'yh', 'yq', 'z_l_sub01']","['Length of average period', 'Start time for average period', 'End time for average period', 'vertex number', 'time', 'time axis boundaries', 'Sea Water X Velocity', 'Sea Water Y Velocity', 'h point nominal longitude', 'q point nominal longitude', 'h point nominal latitude', 'q point nominal latitude', 'Depth at cell center']","['', '', '', '', '', '', 'sea_water_x_velocity', 'sea_water_y_velocity', '', '', '', '', '']","['', '', '', '', '', '', 'z_l:mean yh:mean xq:point time: mean', 'z_l:mean yq:point xh:mean time: mean', '', '', '', '', '']","['days', 'days since 1991-01-01 00:00:00', 'days since 1991-01-01 00:00:00', '', 'days since 1991-01-01 00:00:00', 'days', 'm s-1', 'm s-1', 'degrees_east', 'degrees_east', 'degrees_north', 'degrees_north', 'meters']",ocean
20010301.ocean_daily_z_2001_063.nc,/g/data/ik11/outputs/mom6-panan/panan-01-zstar-2001rerun/output002/20010301.ocean_daily_z_2001_063.nc,ocean.1day.nv:2.xh:3600.xq:3601.yh:845.yq:846.z_l_sub01:1,1day,"2001-03-04, 00:00:00","2001-03-05, 00:00:00","['average_DT', 'average_T1', 'average_T2', 'nv', 'time', 'time_bnds', 'uo', 'vo', 'xh', 'xq', 'yh', 'yq', 'z_l_sub01']","['Length of average period', 'Start time for average period', 'End time for average period', 'vertex number', 'time', 'time axis boundaries', 'Sea Water X Velocity', 'Sea Water Y Velocity', 'h point nominal longitude', 'q point nominal longitude', 'h point nominal latitude', 'q point nominal latitude', 'Depth at cell center']","['', '', '', '', '', '', 'sea_water_x_velocity', 'sea_water_y_velocity', '', '', '', '', '']","['', '', '', '', '', '', 'z_l:mean yh:mean xq:point time: mean', 'z_l:mean yq:point xh:mean time: mean', '', '', '', '', '']","['days', 'days since 1991-01-01 00:00:00', 'days since 1991-01-01 00:00:00', '', 'days since 1991-01-01 00:00:00', 'days', 'm s-1', 'm s-1', 'degrees_east', 'degrees_east', 'degrees_north', 'degrees_north', 'meters']",ocean
20010301.ocean_daily_z_2001_064.nc,/g/data/ik11/outputs/mom6-panan/panan-01-zstar-2001rerun/output002/20010301.ocean_daily_z_2001_064.nc,ocean.1day.nv:2.xh:3600.xq:3601.yh:845.yq:846.z_l_sub01:1,1day,"2001-03-05, 00:00:00","2001-03-06, 00:00:00","['average_DT', 'average_T1', 'average_T2', 'nv', 'time', 'time_bnds', 'uo', 'vo', 'xh', 'xq', 'yh', 'yq', 'z_l_sub01']","['Length of average period', 'Start time for average period', 'End time for average period', 'vertex number', 'time', 'time axis boundaries', 'Sea Water X Velocity', 'Sea Water Y Velocity', 'h point nominal longitude', 'q point nominal longitude', 'h point nominal latitude', 'q point nominal latitude', 'Depth at cell center']","['', '', '', '', '', '', 'sea_water_x_velocity', 'sea_water_y_velocity', '', '', '', '', '']","['', '', '', '', '', '', 'z_l:mean yh:mean xq:point time: mean', 'z_l:mean yq:point xh:mean time: mean', '', '', '', '', '']","['days', 'days since 1991-01-01 00:00:00', 'days since 1991-01-01 00:00:00', '', 'days since 1991-01-01 00:00:00', 'days', 'm s-1', 'm s-1', 'degrees_east', 'degrees_east', 'degrees_north', 'degrees_north', 'meters']",ocean
20010301.ocean_daily_z_2001_065.nc,/g/data/ik11/outputs/mom6-panan/panan-01-zstar-2001rerun/output002/20010301.ocean_daily_z_2001_065.nc,ocean.1day.nv:2.xh:3600.xq:3601.yh:845.yq:846.z_l_sub01:1,1day,"2001-03-06, 00:00:00","2001-03-07, 00:00:00","['average_DT', 'average_T1', 'average_T2', 'nv', 'time', 'time_bnds', 'uo', 'vo', 'xh', 'xq', 'yh', 'yq', 'z_l_sub01']","['Length of average period', 'Start time for average period', 'End time for average period', 'vertex number', 'time', 'time axis boundaries', 'Sea Water X Velocity', 'Sea Water Y Velocity', 'h point nominal longitude', 'q point nominal longitude', 'h point nominal latitude', 'q point nominal latitude', 'Depth at cell center']","['', '', '', '', '', '', 'sea_water_x_velocity', 'sea_water_y_velocity', '', '', '', '', '']","['', '', '', '', '', '', 'z_l:mean yh:mean xq:point time: mean', 'z_l:mean yq:point xh:mean time: mean', '', '', '', '', '']","['days', 'days since 1991-01-01 00:00:00', 'days since 1991-01-01 00:00:00', '', 'days since 1991-01-01 00:00:00', 'days', 'm s-1', 'm s-1', 'degrees_east', 'degrees_east', 'degrees_north', 'degrees_north', 'meters']",ocean
20010301.ocean_daily_z_2001_066.nc,/g/data/ik11/outputs/mom6-panan/panan-01-zstar-2001rerun/output002/20010301.ocean_daily_z_2001_066.nc,ocean.1day.nv:2.xh:3600.xq:3601.yh:845.yq:846.z_l_sub01:1,1day,"2001-03-07, 00:00:00","2001-03-08, 00:00:00","['average_DT', 'average_T1', 'average_T2', 'nv', 'time', 'time_bnds', 'uo', 'vo', 'xh', 'xq', 'yh', 'yq', 'z_l_sub01']","['Length of average period', 'Start time for average period', 'End time for average period', 'vertex number', 'time', 'time axis boundaries', 'Sea Water X Velocity', 'Sea Water Y Velocity', 'h point nominal longitude', 'q point nominal longitude', 'h point nominal latitude', 'q point nominal latitude', 'Depth at cell center']","['', '', '', '', '', '', 'sea_water_x_velocity', 'sea_water_y_velocity', '', '', '', '', '']","['', '', '', '', '', '', 'z_l:mean yh:mean xq:point time: mean', 'z_l:mean yq:point xh:mean time: mean', '', '', '', '', '']","['days', 'days since 1991-01-01 00:00:00', 'days since 1991-01-01 00:00:00', '', 'days since 1991-01-01 00:00:00', 'days', 'm s-1', 'm s-1', 'degrees_east', 'degrees_east', 'degrees_north', 'degrees_north', 'meters']",ocean
20010301.ocean_daily_z_2001_067.nc,/g/data/ik11/outputs/mom6-panan/panan-01-zstar-2001rerun/output002/20010301.ocean_daily_z_2001_067.nc,ocean.1day.nv:2.xh:3600.xq:3601.yh:845.yq:846.z_l_sub01:1,1day,"2001-03-08, 00:00:00","2001-03-09, 00:00:00","['average_DT', 'average_T1', 'average_T2', 'nv', 'time', 'time_bnds', 'uo', 'vo', 'xh', 'xq', 'yh', 'yq', 'z_l_sub01']","['Length of average period', 'Start time for average period', 'End time for average period', 'vertex number', 'time', 'time axis boundaries', 'Sea Water X Velocity', 'Sea Water Y Velocity', 'h point nominal longitude', 'q point nominal longitude', 'h point nominal latitude', 'q point nominal latitude', 'Depth at cell center']","['', '', '', '', '', '', 'sea_water_x_velocity', 'sea_water_y_velocity', '', '', '', '', '']","['', '', '', '', '', '', 'z_l:mean yh:mean xq:point time: mean', 'z_l:mean yq:point xh:mean time: mean', '', '', '', '', '']","['days', 'days since 1991-01-01 00:00:00', 'days since 1991-01-01 00:00:00', '', 'days since 1991-01-01 00:00:00', 'days', 'm s-1', 'm s-1', 'degrees_east', 'degrees_east', 'degrees_north', 'degrees_north', 'meters']",ocean
20010301.ocean_daily_z_2001_068.nc,/g/data/ik11/outputs/mom6-panan/panan-01-zstar-2001rerun/output002/20010301.ocean_daily_z_2001_068.nc,ocean.1day.nv:2.xh:3600.xq:3601.yh:845.yq:846.z_l_sub01:1,1day,"2001-03-09, 00:00:00","2001-03-10, 00:00:00","['average_DT', 'average_T1', 'average_T2', 'nv', 'time', 'time_bnds', 'uo', 'vo', 'xh', 'xq', 'yh', 'yq', 'z_l_sub01']","['Length of average period', 'Start time for average period', 'End time for average period', 'vertex number', 'time', 'time axis boundaries', 'Sea Water X Velocity', 'Sea Water Y Velocity', 'h point nominal longitude', 'q point nominal longitude', 'h point nominal latitude', 'q point nominal latitude', 'Depth at cell center']","['', '', '', '', '', '', 'sea_water_x_velocity', 'sea_water_y_velocity', '', '', '', '', '']","['', '', '', '', '', '', 'z_l:mean yh:mean xq:point time: mean', 'z_l:mean yq:point xh:mean time: mean', '', '', '', '', '']","['days', 'days since 1991-01-01 00:00:00', 'days since 1991-01-01 00:00:00', '', 'days since 1991-01-01 00:00:00', 'days', 'm s-1', 'm s-1', 'degrees_east', 'degrees_east', 'degrees_north', 'degrees_north', 'meters']",ocean
20010301.ocean_daily_z_2001_069.nc,/g/data/ik11/outputs/mom6-panan/panan-01-zstar-2001rerun/output002/20010301.ocean_daily_z_2001_069.nc,ocean.1day.nv:2.xh:3600.xq:3601.yh:845.yq:846.z_l_sub01:1,1day,"2001-03-10, 00:00:00","2001-03-11, 00:00:00","['average_DT', 'average_T1', 'average_T2', 'nv', 'time', 'time_bnds', 'uo', 'vo', 'xh', 'xq', 'yh', 'yq', 'z_l_sub01']","['Length of average period', 'Start time for average period', 'End time for average period', 'vertex number', 'time', 'time axis boundaries', 'Sea Water X Velocity', 'Sea Water Y Velocity', 'h point nominal longitude', 'q point nominal longitude', 'h point nominal latitude', 'q point nominal latitude', 'Depth at cell center']","['', '', '', '', '', '', 'sea_water_x_velocity', 'sea_water_y_velocity', '', '', '', '', '']","['', '', '', '', '', '', 'z_l:mean yh:mean xq:point time: mean', 'z_l:mean yq:point xh:mean time: mean', '', '', '', '', '']","['days', 'days since 1991-01-01 00:00:00', 'days since 1991-01-01 00:00:00', '', 'days since 1991-01-01 00:00:00', 'days', 'm s-1', 'm s-1', 'degrees_east', 'degrees_east', 'degrees_north', 'degrees_north', 'meters']",ocean
20010301.ocean_daily_z_2001_070.nc,/g/data/ik11/outputs/mom6-panan/panan-01-zstar-2001rerun/output002/20010301.ocean_daily_z_2001_070.nc,ocean.1day.nv:2.xh:3600.xq:3601.yh:845.yq:846.z_l_sub01:1,1day,"2001-03-11, 00:00:00","2001-03-12, 00:00:00","['average_DT', 'average_T1', 'average_T2', 'nv', 'time', 'time_bnds', 'uo', 'vo', 'xh', 'xq', 'yh', 'yq', 'z_l_sub01']","['Length of average period', 'Start time for average period', 'End time for average period', 'vertex number', 'time', 'time axis boundaries', 'Sea Water X Velocity', 'Sea Water Y Velocity', 'h point nominal longitude', 'q point nominal longitude', 'h point nominal latitude', 'q point nominal latitude', 'Depth at cell center']","['', '', '', '', '', '', 'sea_water_x_velocity', 'sea_water_y_velocity', '', '', '', '', '']","['', '', '', '', '', '', 'z_l:mean yh:mean xq:point time: mean', 'z_l:mean yq:point xh:mean time: mean', '', '', '', '', '']","['days', 'days since 1991-01-01 00:00:00', 'days since 1991-01-01 00:00:00', '', 'days since 1991-01-01 00:00:00', 'days', 'm s-1', 'm s-1', 'degrees_east', 'degrees_east', 'degrees_north', 'degrees_north', 'meters']",ocean
20010301.ocean_daily_z_2001_071.nc,/g/data/ik11/outputs/mom6-panan/panan-01-zstar-2001rerun/output002/20010301.ocean_daily_z_2001_071.nc,ocean.1day.nv:2.xh:3600.xq:3601.yh:845.yq:846.z_l_sub01:1,1day,"2001-03-12, 00:00:00","2001-03-13, 00:00:00","['average_DT', 'average_T1', 'average_T2', 'nv', 'time', 'time_bnds', 'uo', 'vo', 'xh', 'xq', 'yh', 'yq', 'z_l_sub01']","['Length of average period', 'Start time for average period', 'End time for average period', 'vertex number', 'time', 'time axis boundaries', 'Sea Water X Velocity', 'Sea Water Y Velocity', 'h point nominal longitude', 'q point nominal longitude', 'h point nominal latitude', 'q point nominal latitude', 'Depth at cell center']","['', '', '', '', '', '', 'sea_water_x_velocity', 'sea_water_y_velocity', '', '', '', '', '']","['', '', '', '', '', '', 'z_l:mean yh:mean xq:point time: mean', 'z_l:mean yq:point xh:mean time: mean', '', '', '', '', '']","['days', 'days since 1991-01-01 00:00:00', 'days since 1991-01-01 00:00:00', '', 'days since 1991-01-01 00:00:00', 'days', 'm s-1', 'm s-1', 'degrees_east', 'degrees_east', 'degrees_north', 'degrees_north', 'meters']",ocean
20010301.ocean_daily_z_2001_072.nc,/g/data/ik11/outputs/mom6-panan/panan-01-zstar-2001rerun/output002/20010301.ocean_daily_z_2001_072.nc,ocean.1day.nv:2.xh:3600.xq:3601.yh:845.yq:846.z_l_sub01:1,1day,"2001-03-13, 00:00:00","2001-03-14, 00:00:00","['average_DT', 'average_T1', 'average_T2', 'nv', 'time', 'time_bnds', 'uo', 'vo', 'xh', 'xq', 'yh', 'yq', 'z_l_sub01']","['Length of average period', 'Start time for average period', 'End time for average period', 'vertex number', 'time', 'time axis boundaries', 'Sea Water X Velocity', 'Sea Water Y Velocity', 'h point nominal longitude', 'q point nominal longitude', 'h point nominal latitude', 'q point nominal latitude', 'Depth at cell center']","['', '', '', '', '', '', 'sea_water_x_velocity', 'sea_water_y_velocity', '', '', '', '', '']","['', '', '', '', '', '', 'z_l:mean yh:mean xq:point time: mean', 'z_l:mean yq:point xh:mean time: mean', '', '', '', '', '']","['days', 'days since 1991-01-01 00:00:00', 'days since 1991-01-01 00:00:00', '', 'days since 1991-01-01 00:00:00', 'days', 'm s-1', 'm s-1', 'degrees_east', 'degrees_east', 'degrees_north', 'degrees_north', 'meters']",ocean
20010301.ocean_daily_z_2001_073.nc,/g/data/ik11/outputs/mom6-panan/panan-01-zstar-2001rerun/output002/20010301.ocean_daily_z_2001_073.nc,ocean.1day.nv:2.xh:3600.xq:3601.yh:845.yq:846.z_l_sub01:1,1day,"2001-03-14, 00:00:00","2001-03-15, 00:00:00","['average_DT', 'average_T1', 'average_T2', 'nv', 'time', 'time_bnds', 'uo', 'vo', 'xh', 'xq', 'yh', 'yq', 'z_l_sub01']","['Length of average period', 'Start time for average period', 'End time for average period', 'vertex number', 'time', 'time axis boundaries', 'Sea Water X Velocity', 'Sea Water Y Velocity', 'h point nominal longitude', 'q point nominal longitude', 'h point nominal latitude', 'q point nominal latitude', 'Depth at cell center']","['', '', '', '', '', '', 'sea_water_x_velocity', 'sea_water_y_velocity', '', '', '', '', '']","['', '', '', '', '', '', 'z_l:mean yh:mean xq:point time: mean', 'z_l:mean yq:point xh:mean time: mean', '', '', '', '', '']","['days', 'days since 1991-01-01 00:00:00', 'days since 1991-01-01 00:00:00', '', 'days since 1991-01-01 00:00:00', 'days', 'm s-1', 'm s-1', 'degrees_east', 'degrees_east', 'degrees_north', 'degrees_north', 'meters']",ocean
20010301.ocean_daily_z_2001_074.nc,/g/data/ik11/outputs/mom6-panan/panan-01-zstar-2001rerun/output002/20010301.ocean_daily_z_2001_074.nc,ocean.1day.nv:2.xh:3600.xq:3601.yh:845.yq:846.z_l_sub01:1,1day,"2001-03-15, 00:00:00","2001-03-16, 00:00:00","['average_DT', 'average_T1', 'average_T2', 'nv', 'time', 'time_bnds', 'uo', 'vo', 'xh', 'xq', 'yh', 'yq', 'z_l_sub01']","['Length of average period', 'Start time for average period', 'End time for average period', 'vertex number', 'time', 'time axis boundaries', 'Sea Water X Velocity', 'Sea Water Y Velocity', 'h point nominal longitude', 'q point nominal longitude', 'h point nominal latitude', 'q point nominal latitude', 'Depth at cell center']","['', '', '', '', '', '', 'sea_water_x_velocity', 'sea_water_y_velocity', '', '', '', '', '']","['', '', '', '', '', '', 'z_l:mean yh:mean xq:point time: mean', 'z_l:mean yq:point xh:mean time: mean', '', '', '', '', '']","['days', 'days since 1991-01-01 00:00:00', 'days since 1991-01-01 00:00:00', '', 'days since 1991-01-01 00:00:00', 'days', 'm s-1', 'm s-1', 'degrees_east', 'degrees_east', 'degrees_north', 'degrees_north', 'meters']",ocean
20010301.ocean_daily_z_2001_075.nc,/g/data/ik11/outputs/mom6-panan/panan-01-zstar-2001rerun/output002/20010301.ocean_daily_z_2001_075.nc,ocean.1day.nv:2.xh:3600.xq:3601.yh:845.yq:846.z_l_sub01:1,1day,"2001-03-16, 00:00:00","2001-03-17, 00:00:00","['average_DT', 'average_T1', 'average_T2', 'nv', 'time', 'time_bnds', 'uo', 'vo', 'xh', 'xq', 'yh', 'yq', 'z_l_sub01']","['Length of average period', 'Start time for average period', 'End time for average period', 'vertex number', 'time', 'time axis boundaries', 'Sea Water X Velocity', 'Sea Water Y Velocity', 'h point nominal longitude', 'q point nominal longitude', 'h point nominal latitude', 'q point nominal latitude', 'Depth at cell center']","['', '', '', '', '', '', 'sea_water_x_velocity', 'sea_water_y_velocity', '', '', '', '', '']","['', '', '', '', '', '', 'z_l:mean yh:mean xq:point time: mean', 'z_l:mean yq:point xh:mean time: mean', '', '', '', '', '']","['days', 'days since 1991-01-01 00:00:00', 'days since 1991-01-01 00:00:00', '', 'days since 1991-01-01 00:00:00', 'days', 'm s-1', 'm s-1', 'degrees_east', 'degrees_east', 'degrees_north', 'degrees_north', 'meters']",ocean
20010301.ocean_daily_z_2001_076.nc,/g/data/ik11/outputs/mom6-panan/panan-01-zstar-2001rerun/output002/20010301.ocean_daily_z_2001_076.nc,ocean.1day.nv:2.xh:3600.xq:3601.yh:845.yq:846.z_l_sub01:1,1day,"2001-03-17, 00:00:00","2001-03-18, 00:00:00","['average_DT', 'average_T1', 'average_T2', 'nv', 'time', 'time_bnds', 'uo', 'vo', 'xh', 'xq', 'yh', 'yq', 'z_l_sub01']","['Length of average period', 'Start time for average period', 'End time for average period', 'vertex number', 'time', 'time axis boundaries', 'Sea Water X Velocity', 'Sea Water Y Velocity', 'h point nominal longitude', 'q point nominal longitude', 'h point nominal latitude', 'q point nominal latitude', 'Depth at cell center']","['', '', '', '', '', '', 'sea_water_x_velocity', 'sea_water_y_velocity', '', '', '', '', '']","['', '', '', '', '', '', 'z_l:mean yh:mean xq:point time: mean', 'z_l:mean yq:point xh:mean time: mean', '', '', '', '', '']","['days', 'days since 1991-01-01 00:00:00', 'days since 1991-01-01 00:00:00', '', 'days since 1991-01-01 00:00:00', 'days', 'm s-1', 'm s-1', 'degrees_east', 'degrees_east', 'degrees_north', 'degrees_north', 'meters']",ocean
20010301.ocean_daily_z_2001_077.nc,/g/data/ik11/outputs/mom6-panan/panan-01-zstar-2001rerun/output002/20010301.ocean_daily_z_2001_077.nc,ocean.1day.nv:2.xh:3600.xq:3601.yh:845.yq:846.z_l_sub01:1,1day,"2001-03-18, 00:00:00","2001-03-19, 00:00:00","['average_DT', 'average_T1', 'average_T2', 'nv', 'time', 'time_bnds', 'uo', 'vo', 'xh', 'xq', 'yh', 'yq', 'z_l_sub01']","['Length of average period', 'Start time for average period', 'End time for average period', 'vertex number', 'time', 'time axis boundaries', 'Sea Water X Velocity', 'Sea Water Y Velocity', 'h point nominal longitude', 'q point nominal longitude', 'h point nominal latitude', 'q point nominal latitude', 'Depth at cell center']","['', '', '', '', '', '', 'sea_water_x_velocity', 'sea_water_y_velocity', '', '', '', '', '']","['', '', '', '', '', '', 'z_l:mean yh:mean xq:point time: mean', 'z_l:mean yq:point xh:mean time: mean', '', '', '', '', '']","['days', 'days since 1991-01-01 00:00:00', 'days since 1991-01-01 00:00:00', '', 'days since 1991-01-01 00:00:00', 'days', 'm s-1', 'm s-1', 'degrees_east', 'degrees_east', 'degrees_north', 'degrees_north', 'meters']",ocean
20010301.ocean_daily_z_2001_078.nc,/g/data/ik11/outputs/mom6-panan/panan-01-zstar-2001rerun/output002/20010301.ocean_daily_z_2001_078.nc,ocean.1day.nv:2.xh:3600.xq:3601.yh:845.yq:846.z_l_sub01:1,1day,"2001-03-19, 00:00:00","2001-03-20, 00:00:00","['average_DT', 'average_T1', 'average_T2', 'nv', 'time', 'time_bnds', 'uo', 'vo', 'xh', 'xq', 'yh', 'yq', 'z_l_sub01']","['Length of average period', 'Start time for average period', 'End time for average period', 'vertex number', 'time', 'time axis boundaries', 'Sea Water X Velocity', 'Sea Water Y Velocity', 'h point nominal longitude', 'q point nominal longitude', 'h point nominal latitude', 'q point nominal latitude', 'Depth at cell center']","['', '', '', '', '', '', 'sea_water_x_velocity', 'sea_water_y_velocity', '', '', '', '', '']","['', '', '', '', '', '', 'z_l:mean yh:mean xq:point time: mean', 'z_l:mean yq:point xh:mean time: mean', '', '', '', '', '']","['days', 'days since 1991-01-01 00:00:00', 'days since 1991-01-01 00:00:00', '', 'days since 1991-01-01 00:00:00', 'days', 'm s-1', 'm s-1', 'degrees_east', 'degrees_east', 'degrees_north', 'degrees_north', 'meters']",ocean
20010301.ocean_daily_z_2001_079.nc,/g/data/ik11/outputs/mom6-panan/panan-01-zstar-2001rerun/output002/20010301.ocean_daily_z_2001_079.nc,ocean.1day.nv:2.xh:3600.xq:3601.yh:845.yq:846.z_l_sub01:1,1day,"2001-03-20, 00:00:00","2001-03-21, 00:00:00","['average_DT', 'average_T1', 'average_T2', 'nv', 'time', 'time_bnds', 'uo', 'vo', 'xh', 'xq', 'yh', 'yq', 'z_l_sub01']","['Length of average period', 'Start time for average period', 'End time for average period', 'vertex number', 'time', 'time axis boundaries', 'Sea Water X Velocity', 'Sea Water Y Velocity', 'h point nominal longitude', 'q point nominal longitude', 'h point nominal latitude', 'q point nominal latitude', 'Depth at cell center']","['', '', '', '', '', '', 'sea_water_x_velocity', 'sea_water_y_velocity', '', '', '', '', '']","['', '', '', '', '', '', 'z_l:mean yh:mean xq:point time: mean', 'z_l:mean yq:point xh:mean time: mean', '', '', '', '', '']","['days', 'days since 1991-01-01 00:00:00', 'days since 1991-01-01 00:00:00', '', 'days since 1991-01-01 00:00:00', 'days', 'm s-1', 'm s-1', 'degrees_east', 'degrees_east', 'degrees_north', 'degrees_north', 'meters']",ocean
20010301.ocean_daily_z_2001_080.nc,/g/data/ik11/outputs/mom6-panan/panan-01-zstar-2001rerun/output002/20010301.ocean_daily_z_2001_080.nc,ocean.1day.nv:2.xh:3600.xq:3601.yh:845.yq:846.z_l_sub01:1,1day,"2001-03-21, 00:00:00","2001-03-22, 00:00:00","['average_DT', 'average_T1', 'average_T2', 'nv', 'time', 'time_bnds', 'uo', 'vo', 'xh', 'xq', 'yh', 'yq', 'z_l_sub01']","['Length of average period', 'Start time for average period', 'End time for average period', 'vertex number', 'time', 'time axis boundaries', 'Sea Water X Velocity', 'Sea Water Y Velocity', 'h point nominal longitude', 'q point nominal longitude', 'h point nominal latitude', 'q point nominal latitude', 'Depth at cell center']","['', '', '', '', '', '', 'sea_water_x_velocity', 'sea_water_y_velocity', '', '', '', '', '']","['', '', '', '', '', '', 'z_l:mean yh:mean xq:point time: mean', 'z_l:mean yq:point xh:mean time: mean', '', '', '', '', '']","['days', 'days since 1991-01-01 00:00:00', 'days since 1991-01-01 00:00:00', '', 'days since 1991-01-01 00:00:00', 'days', 'm s-1', 'm s-1', 'degrees_east', 'degrees_east', 'degrees_north', 'degrees_north', 'meters']",ocean
20010301.ocean_daily_z_2001_081.nc,/g/data/ik11/outputs/mom6-panan/panan-01-zstar-2001rerun/output002/20010301.ocean_daily_z_2001_081.nc,ocean.1day.nv:2.xh:3600.xq:3601.yh:845.yq:846.z_l_sub01:1,1day,"2001-03-22, 00:00:00","2001-03-23, 00:00:00","['average_DT', 'average_T1', 'average_T2', 'nv', 'time', 'time_bnds', 'uo', 'vo', 'xh', 'xq', 'yh', 'yq', 'z_l_sub01']","['Length of average period', 'Start time for average period', 'End time for average period', 'vertex number', 'time', 'time axis boundaries', 'Sea Water X Velocity', 'Sea Water Y Velocity', 'h point nominal longitude', 'q point nominal longitude', 'h point nominal latitude', 'q point nominal latitude', 'Depth at cell center']","['', '', '', '', '', '', 'sea_water_x_velocity', 'sea_water_y_velocity', '', '', '', '', '']","['', '', '', '', '', '', 'z_l:mean yh:mean xq:point time: mean', 'z_l:mean yq:point xh:mean time: mean', '', '', '', '', '']","['days', 'days since 1991-01-01 00:00:00', 'days since 1991-01-01 00:00:00', '', 'days since 1991-01-01 00:00:00', 'days', 'm s-1', 'm s-1', 'degrees_east', 'degrees_east', 'degrees_north', 'degrees_north', 'meters']",ocean
20010301.ocean_daily_z_2001_082.nc,/g/data/ik11/outputs/mom6-panan/panan-01-zstar-2001rerun/output002/20010301.ocean_daily_z_2001_082.nc,ocean.1day.nv:2.xh:3600.xq:3601.yh:845.yq:846.z_l_sub01:1,1day,"2001-03-23, 00:00:00","2001-03-24, 00:00:00","['average_DT', 'average_T1', 'average_T2', 'nv', 'time', 'time_bnds', 'uo', 'vo', 'xh', 'xq', 'yh', 'yq', 'z_l_sub01']","['Length of average period', 'Start time for average period', 'End time for average period', 'vertex number', 'time', 'time axis boundaries', 'Sea Water X Velocity', 'Sea Water Y Velocity', 'h point nominal longitude', 'q point nominal longitude', 'h point nominal latitude', 'q point nominal latitude', 'Depth at cell center']","['', '', '', '', '', '', 'sea_water_x_velocity', 'sea_water_y_velocity', '', '', '', '', '']","['', '', '', '', '', '', 'z_l:mean yh:mean xq:point time: mean', 'z_l:mean yq:point xh:mean time: mean', '', '', '', '', '']","['days', 'days since 1991-01-01 00:00:00', 'days since 1991-01-01 00:00:00', '', 'days since 1991-01-01 00:00:00', 'days', 'm s-1', 'm s-1', 'degrees_east', 'degrees_east', 'degrees_north', 'degrees_north', 'meters']",ocean
20010301.ocean_daily_z_2001_083.nc,/g/data/ik11/outputs/mom6-panan/panan-01-zstar-2001rerun/output002/20010301.ocean_daily_z_2001_083.nc,ocean.1day.nv:2.xh:3600.xq:3601.yh:845.yq:846.z_l_sub01:1,1day,"2001-03-24, 00:00:00","2001-03-25, 00:00:00","['average_DT', 'average_T1', 'average_T2', 'nv', 'time', 'time_bnds', 'uo', 'vo', 'xh', 'xq', 'yh', 'yq', 'z_l_sub01']","['Length of average period', 'Start time for average period', 'End time for average period', 'vertex number', 'time', 'time axis boundaries', 'Sea Water X Velocity', 'Sea Water Y Velocity', 'h point nominal longitude', 'q point nominal longitude', 'h point nominal latitude', 'q point nominal latitude', 'Depth at cell center']","['', '', '', '', '', '', 'sea_water_x_velocity', 'sea_water_y_velocity', '', '', '', '', '']","['', '', '', '', '', '', 'z_l:mean yh:mean xq:point time: mean', 'z_l:mean yq:point xh:mean time: mean', '', '', '', '', '']","['days', 'days since 1991-01-01 00:00:00', 'days since 1991-01-01 00:00:00', '', 'days since 1991-01-01 00:00:00', 'days', 'm s-1', 'm s-1', 'degrees_east', 'degrees_east', 'degrees_north', 'degrees_north', 'meters']",ocean
20010301.ocean_daily_z_2001_084.nc,/g/data/ik11/outputs/mom6-panan/panan-01-zstar-2001rerun/output002/20010301.ocean_daily_z_2001_084.nc,ocean.1day.nv:2.xh:3600.xq:3601.yh:845.yq:846.z_l_sub01:1,1day,"2001-03-25, 00:00:00","2001-03-26, 00:00:00","['average_DT', 'average_T1', 'average_T2', 'nv', 'time', 'time_bnds', 'uo', 'vo', 'xh', 'xq', 'yh', 'yq', 'z_l_sub01']","['Length of average period', 'Start time for average period', 'End time for average period', 'vertex number', 'time', 'time axis boundaries', 'Sea Water X Velocity', 'Sea Water Y Velocity', 'h point nominal longitude', 'q point nominal longitude', 'h point nominal latitude', 'q point nominal latitude', 'Depth at cell center']","['', '', '', '', '', '', 'sea_water_x_velocity', 'sea_water_y_velocity', '', '', '', '', '']","['', '', '', '', '', '', 'z_l:mean yh:mean xq:point time: mean', 'z_l:mean yq:point xh:mean time: mean', '', '', '', '', '']","['days', 'days since 1991-01-01 00:00:00', 'days since 1991-01-01 00:00:00', '', 'days since 1991-01-01 00:00:00', 'days', 'm s-1', 'm s-1', 'degrees_east', 'degrees_east', 'degrees_north', 'degrees_north', 'meters']",ocean
20010301.ocean_daily_z_2001_085.nc,/g/data/ik11/outputs/mom6-panan/panan-01-zstar-2001rerun/output002/20010301.ocean_daily_z_2001_085.nc,ocean.1day.nv:2.xh:3600.xq:3601.yh:845.yq:846.z_l_sub01:1,1day,"2001-03-26, 00:00:00","2001-03-27, 00:00:00","['average_DT', 'average_T1', 'average_T2', 'nv', 'time', 'time_bnds', 'uo', 'vo', 'xh', 'xq', 'yh', 'yq', 'z_l_sub01']","['Length of average period', 'Start time for average period', 'End time for average period', 'vertex number', 'time', 'time axis boundaries', 'Sea Water X Velocity', 'Sea Water Y Velocity', 'h point nominal longitude', 'q point nominal longitude', 'h point nominal latitude', 'q point nominal latitude', 'Depth at cell center']","['', '', '', '', '', '', 'sea_water_x_velocity', 'sea_water_y_velocity', '', '', '', '', '']","['', '', '', '', '', '', 'z_l:mean yh:mean xq:point time: mean', 'z_l:mean yq:point xh:mean time: mean', '', '', '', '', '']","['days', 'days since 1991-01-01 00:00:00', 'days since 1991-01-01 00:00:00', '', 'days since 1991-01-01 00:00:00', 'days', 'm s-1', 'm s-1', 'degrees_east', 'degrees_east', 'degrees_north', 'degrees_north', 'meters']",ocean
20010301.ocean_daily_z_2001_086.nc,/g/data/ik11/outputs/mom6-panan/panan-01-zstar-2001rerun/output002/20010301.ocean_daily_z_2001_086.nc,ocean.1day.nv:2.xh:3600.xq:3601.yh:845.yq:846.z_l_sub01:1,1day,"2001-03-27, 00:00:00","2001-03-28, 00:00:00","['average_DT', 'average_T1', 'average_T2', 'nv', 'time', 'time_bnds', 'uo', 'vo', 'xh', 'xq', 'yh', 'yq', 'z_l_sub01']","['Length of average period', 'Start time for average period', 'End time for average period', 'vertex number', 'time', 'time axis boundaries', 'Sea Water X Velocity', 'Sea Water Y Velocity', 'h point nominal longitude', 'q point nominal longitude', 'h point nominal latitude', 'q point nominal latitude', 'Depth at cell center']","['', '', '', '', '', '', 'sea_water_x_velocity', 'sea_water_y_velocity', '', '', '', '', '']","['', '', '', '', '', '', 'z_l:mean yh:mean xq:point time: mean', 'z_l:mean yq:point xh:mean time: mean', '', '', '', '', '']","['days', 'days since 1991-01-01 00:00:00', 'days since 1991-01-01 00:00:00', '', 'days since 1991-01-01 00:00:00', 'days', 'm s-1', 'm s-1', 'degrees_east', 'degrees_east', 'degrees_north', 'degrees_north', 'meters']",ocean
20010301.ocean_daily_z_2001_087.nc,/g/data/ik11/outputs/mom6-panan/panan-01-zstar-2001rerun/output002/20010301.ocean_daily_z_2001_087.nc,ocean.1day.nv:2.xh:3600.xq:3601.yh:845.yq:846.z_l_sub01:1,1day,"2001-03-28, 00:00:00","2001-03-29, 00:00:00","['average_DT', 'average_T1', 'average_T2', 'nv', 'time', 'time_bnds', 'uo', 'vo', 'xh', 'xq', 'yh', 'yq', 'z_l_sub01']","['Length of average period', 'Start time for average period', 'End time for average period', 'vertex number', 'time', 'time axis boundaries', 'Sea Water X Velocity', 'Sea Water Y Velocity', 'h point nominal longitude', 'q point nominal longitude', 'h point nominal latitude', 'q point nominal latitude', 'Depth at cell center']","['', '', '', '', '', '', 'sea_water_x_velocity', 'sea_water_y_velocity', '', '', '', '', '']","['', '', '', '', '', '', 'z_l:mean yh:mean xq:point time: mean', 'z_l:mean yq:point xh:mean time: mean', '', '', '', '', '']","['days', 'days since 1991-01-01 00:00:00', 'days since 1991-01-01 00:00:00', '', 'days since 1991-01-01 00:00:00', 'days', 'm s-1', 'm s-1', 'degrees_east', 'degrees_east', 'degrees_north', 'degrees_north', 'meters']",ocean
20010301.ocean_daily_z_2001_088.nc,/g/data/ik11/outputs/mom6-panan/panan-01-zstar-2001rerun/output002/20010301.ocean_daily_z_2001_088.nc,ocean.1day.nv:2.xh:3600.xq:3601.yh:845.yq:846.z_l_sub01:1,1day,"2001-03-29, 00:00:00","2001-03-30, 00:00:00","['average_DT', 'average_T1', 'average_T2', 'nv', 'time', 'time_bnds', 'uo', 'vo', 'xh', 'xq', 'yh', 'yq', 'z_l_sub01']","['Length of average period', 'Start time for average period', 'End time for average period', 'vertex number', 'time', 'time axis boundaries', 'Sea Water X Velocity', 'Sea Water Y Velocity', 'h point nominal longitude', 'q point nominal longitude', 'h point nominal latitude', 'q point nominal latitude', 'Depth at cell center']","['', '', '', '', '', '', 'sea_water_x_velocity', 'sea_water_y_velocity', '', '', '', '', '']","['', '', '', '', '', '', 'z_l:mean yh:mean xq:point time: mean', 'z_l:mean yq:point xh:mean time: mean', '', '', '', '', '']","['days', 'days since 1991-01-01 00:00:00', 'days since 1991-01-01 00:00:00', '', 'days since 1991-01-01 00:00:00', 'days', 'm s-1', 'm s-1', 'degrees_east', 'degrees_east', 'degrees_north', 'degrees_north', 'meters']",ocean
20010301.ocean_daily_z_2001_089.nc,/g/data/ik11/outputs/mom6-panan/panan-01-zstar-2001rerun/output002/20010301.ocean_daily_z_2001_089.nc,ocean.1day.nv:2.xh:3600.xq:3601.yh:845.yq:846.z_l_sub01:1,1day,"2001-03-30, 00:00:00","2001-03-31, 00:00:00","['average_DT', 'average_T1', 'average_T2', 'nv', 'time', 'time_bnds', 'uo', 'vo', 'xh', 'xq', 'yh', 'yq', 'z_l_sub01']","['Length of average period', 'Start time for average period', 'End time for average period', 'vertex number', 'time', 'time axis boundaries', 'Sea Water X Velocity', 'Sea Water Y Velocity', 'h point nominal longitude', 'q point nominal longitude', 'h point nominal latitude', 'q point nominal latitude', 'Depth at cell center']","['', '', '', '', '', '', 'sea_water_x_velocity', 'sea_water_y_velocity', '', '', '', '', '']","['', '', '', '', '', '', 'z_l:mean yh:mean xq:point time: mean', 'z_l:mean yq:point xh:mean time: mean', '', '', '', '', '']","['days', 'days since 1991-01-01 00:00:00', 'days since 1991-01-01 00:00:00', '', 'days since 1991-01-01 00:00:00', 'days', 'm s-1', 'm s-1', 'degrees_east', 'degrees_east', 'degrees_north', 'degrees_north', 'meters']",ocean
20010301.ocean_daily_z_2001_090.nc,/g/data/ik11/outputs/mom6-panan/panan-01-zstar-2001rerun/output002/20010301.ocean_daily_z_2001_090.nc,ocean.1day.nv:2.xh:3600.xq:3601.yh:845.yq:846.z_l_sub01:1,1day,"2001-03-31, 00:00:00","2001-04-01, 00:00:00","['average_DT', 'average_T1', 'average_T2', 'nv', 'time', 'time_bnds', 'uo', 'vo', 'xh', 'xq', 'yh', 'yq', 'z_l_sub01']","['Length of average period', 'Start time for average period', 'End time for average period', 'vertex number', 'time', 'time axis boundaries', 'Sea Water X Velocity', 'Sea Water Y Velocity', 'h point nominal longitude', 'q point nominal longitude', 'h point nominal latitude', 'q point nominal latitude', 'Depth at cell center']","['', '', '', '', '', '', 'sea_water_x_velocity', 'sea_water_y_velocity', '', '', '', '', '']","['', '', '', '', '', '', 'z_l:mean yh:mean xq:point time: mean', 'z_l:mean yq:point xh:mean time: mean', '', '', '', '', '']","['days', 'days since 1991-01-01 00:00:00', 'days since 1991-01-01 00:00:00', '', 'days since 1991-01-01 00:00:00', 'days', 'm s-1', 'm s-1', 'degrees_east', 'degrees_east', 'degrees_north', 'degrees_north', 'meters']",ocean
20010301.ocean_daily_z_2001_091.nc,/g/data/ik11/outputs/mom6-panan/panan-01-zstar-2001rerun/output002/20010301.ocean_daily_z_2001_091.nc,ocean.1day.nv:2.xh:3600.xq:3601.yh:845.yq:846.z_l_sub01:1,1day,"2001-04-01, 00:00:00","2001-04-02, 00:00:00","['average_DT', 'average_T1', 'average_T2', 'nv', 'time', 'time_bnds', 'uo', 'vo', 'xh', 'xq', 'yh', 'yq', 'z_l_sub01']","['Length of average period', 'Start time for average period', 'End time for average period', 'vertex number', 'time', 'time axis boundaries', 'Sea Water X Velocity', 'Sea Water Y Velocity', 'h point nominal longitude', 'q point nominal longitude', 'h point nominal latitude', 'q point nominal latitude', 'Depth at cell center']","['', '', '', '', '', '', 'sea_water_x_velocity', 'sea_water_y_velocity', '', '', '', '', '']","['', '', '', '', '', '', 'z_l:mean yh:mean xq:point time: mean', 'z_l:mean yq:point xh:mean time: mean', '', '', '', '', '']","['days', 'days since 1991-01-01 00:00:00', 'days since 1991-01-01 00:00:00', '', 'days since 1991-01-01 00:00:00', 'days', 'm s-1', 'm s-1', 'degrees_east', 'degrees_east', 'degrees_north', 'degrees_north', 'meters']",ocean
20010301.ocean_daily_z_2001_092.nc,/g/data/ik11/outputs/mom6-panan/panan-01-zstar-2001rerun/output002/20010301.ocean_daily_z_2001_092.nc,ocean.1day.nv:2.xh:3600.xq:3601.yh:845.yq:846.z_l_sub01:1,1day,"2001-04-02, 00:00:00","2001-04-03, 00:00:00","['average_DT', 'average_T1', 'average_T2', 'nv', 'time', 'time_bnds', 'uo', 'vo', 'xh', 'xq', 'yh', 'yq', 'z_l_sub01']","['Length of average period', 'Start time for average period', 'End time for average period', 'vertex number', 'time', 'time axis boundaries', 'Sea Water X Velocity', 'Sea Water Y Velocity', 'h point nominal longitude', 'q point nominal longitude', 'h point nominal latitude', 'q point nominal latitude', 'Depth at cell center']","['', '', '', '', '', '', 'sea_water_x_velocity', 'sea_water_y_velocity', '', '', '', '', '']","['', '', '', '', '', '', 'z_l:mean yh:mean xq:point time: mean', 'z_l:mean yq:point xh:mean time: mean', '', '', '', '', '']","['days', 'days since 1991-01-01 00:00:00', 'days since 1991-01-01 00:00:00', '', 'days since 1991-01-01 00:00:00', 'days', 'm s-1', 'm s-1', 'degrees_east', 'degrees_east', 'degrees_north', 'degrees_north', 'meters']",ocean
20010301.ocean_daily_z_2001_093.nc,/g/data/ik11/outputs/mom6-panan/panan-01-zstar-2001rerun/output002/20010301.ocean_daily_z_2001_093.nc,ocean.1day.nv:2.xh:3600.xq:3601.yh:845.yq:846.z_l_sub01:1,1day,"2001-04-03, 00:00:00","2001-04-04, 00:00:00","['average_DT', 'average_T1', 'average_T2', 'nv', 'time', 'time_bnds', 'uo', 'vo', 'xh', 'xq', 'yh', 'yq', 'z_l_sub01']","['Length of average period', 'Start time for average period', 'End time for average period', 'vertex number', 'time', 'time axis boundaries', 'Sea Water X Velocity', 'Sea Water Y Velocity', 'h point nominal longitude', 'q point nominal longitude', 'h point nominal latitude', 'q point nominal latitude', 'Depth at cell center']","['', '', '', '', '', '', 'sea_water_x_velocity', 'sea_water_y_velocity', '', '', '', '', '']","['', '', '', '', '', '', 'z_l:mean yh:mean xq:point time: mean', 'z_l:mean yq:point xh:mean time: mean', '', '', '', '', '']","['days', 'days since 1991-01-01 00:00:00', 'days since 1991-01-01 00:00:00', '', 'days since 1991-01-01 00:00:00', 'days', 'm s-1', 'm s-1', 'degrees_east', 'degrees_east', 'degrees_north', 'degrees_north', 'meters']",ocean
20010301.ocean_daily_z_2001_094.nc,/g/data/ik11/outputs/mom6-panan/panan-01-zstar-2001rerun/output002/20010301.ocean_daily_z_2001_094.nc,ocean.1day.nv:2.xh:3600.xq:3601.yh:845.yq:846.z_l_sub01:1,1day,"2001-04-04, 00:00:00","2001-04-05, 00:00:00","['average_DT', 'average_T1', 'average_T2', 'nv', 'time', 'time_bnds', 'uo', 'vo', 'xh', 'xq', 'yh', 'yq', 'z_l_sub01']","['Length of average period', 'Start time for average period', 'End time for average period', 'vertex number', 'time', 'time axis boundaries', 'Sea Water X Velocity', 'Sea Water Y Velocity', 'h point nominal longitude', 'q point nominal longitude', 'h point nominal latitude', 'q point nominal latitude', 'Depth at cell center']","['', '', '', '', '', '', 'sea_water_x_velocity', 'sea_water_y_velocity', '', '', '', '', '']","['', '', '', '', '', '', 'z_l:mean yh:mean xq:point time: mean', 'z_l:mean yq:point xh:mean time: mean', '', '', '', '', '']","['days', 'days since 1991-01-01 00:00:00', 'days since 1991-01-01 00:00:00', '', 'days since 1991-01-01 00:00:00', 'days', 'm s-1', 'm s-1', 'degrees_east', 'degrees_east', 'degrees_north', 'degrees_north', 'meters']",ocean
20010301.ocean_daily_z_2001_095.nc,/g/data/ik11/outputs/mom6-panan/panan-01-zstar-2001rerun/output002/20010301.ocean_daily_z_2001_095.nc,ocean.1day.nv:2.xh:3600.xq:3601.yh:845.yq:846.z_l_sub01:1,1day,"2001-04-05, 00:00:00","2001-04-06, 00:00:00","['average_DT', 'average_T1', 'average_T2', 'nv', 'time', 'time_bnds', 'uo', 'vo', 'xh', 'xq', 'yh', 'yq', 'z_l_sub01']","['Length of average period', 'Start time for average period', 'End time for average period', 'vertex number', 'time', 'time axis boundaries', 'Sea Water X Velocity', 'Sea Water Y Velocity', 'h point nominal longitude', 'q point nominal longitude', 'h point nominal latitude', 'q point nominal latitude', 'Depth at cell center']","['', '', '', '', '', '', 'sea_water_x_velocity', 'sea_water_y_velocity', '', '', '', '', '']","['', '', '', '', '', '', 'z_l:mean yh:mean xq:point time: mean', 'z_l:mean yq:point xh:mean time: mean', '', '', '', '', '']","['days', 'days since 1991-01-01 00:00:00', 'days since 1991-01-01 00:00:00', '', 'days since 1991-01-01 00:00:00', 'days', 'm s-1', 'm s-1', 'degrees_east', 'degrees_east', 'degrees_north', 'degrees_north', 'meters']",ocean
20010301.ocean_daily_z_2001_096.nc,/g/data/ik11/outputs/mom6-panan/panan-01-zstar-2001rerun/output002/20010301.ocean_daily_z_2001_096.nc,ocean.1day.nv:2.xh:3600.xq:3601.yh:845.yq:846.z_l_sub01:1,1day,"2001-04-06, 00:00:00","2001-04-07, 00:00:00","['average_DT', 'average_T1', 'average_T2', 'nv', 'time', 'time_bnds', 'uo', 'vo', 'xh', 'xq', 'yh', 'yq', 'z_l_sub01']","['Length of average period', 'Start time for average period', 'End time for average period', 'vertex number', 'time', 'time axis boundaries', 'Sea Water X Velocity', 'Sea Water Y Velocity', 'h point nominal longitude', 'q point nominal longitude', 'h point nominal latitude', 'q point nominal latitude', 'Depth at cell center']","['', '', '', '', '', '', 'sea_water_x_velocity', 'sea_water_y_velocity', '', '', '', '', '']","['', '', '', '', '', '', 'z_l:mean yh:mean xq:point time: mean', 'z_l:mean yq:point xh:mean time: mean', '', '', '', '', '']","['days', 'days since 1991-01-01 00:00:00', 'days since 1991-01-01 00:00:00', '', 'days since 1991-01-01 00:00:00', 'days', 'm s-1', 'm s-1', 'degrees_east', 'degrees_east', 'degrees_north', 'degrees_north', 'meters']",ocean
20010301.ocean_daily_z_2001_097.nc,/g/data/ik11/outputs/mom6-panan/panan-01-zstar-2001rerun/output002/20010301.ocean_daily_z_2001_097.nc,ocean.1day.nv:2.xh:3600.xq:3601.yh:845.yq:846.z_l_sub01:1,1day,"2001-04-07, 00:00:00","2001-04-08, 00:00:00","['average_DT', 'average_T1', 'average_T2', 'nv', 'time', 'time_bnds', 'uo', 'vo', 'xh', 'xq', 'yh', 'yq', 'z_l_sub01']","['Length of average period', 'Start time for average period', 'End time for average period', 'vertex number', 'time', 'time axis boundaries', 'Sea Water X Velocity', 'Sea Water Y Velocity', 'h point nominal longitude', 'q point nominal longitude', 'h point nominal latitude', 'q point nominal latitude', 'Depth at cell center']","['', '', '', '', '', '', 'sea_water_x_velocity', 'sea_water_y_velocity', '', '', '', '', '']","['', '', '', '', '', '', 'z_l:mean yh:mean xq:point time: mean', 'z_l:mean yq:point xh:mean time: mean', '', '', '', '', '']","['days', 'days since 1991-01-01 00:00:00', 'days since 1991-01-01 00:00:00', '', 'days since 1991-01-01 00:00:00', 'days', 'm s-1', 'm s-1', 'degrees_east', 'degrees_east', 'degrees_north', 'degrees_north', 'meters']",ocean
20010301.ocean_daily_z_2001_098.nc,/g/data/ik11/outputs/mom6-panan/panan-01-zstar-2001rerun/output002/20010301.ocean_daily_z_2001_098.nc,ocean.1day.nv:2.xh:3600.xq:3601.yh:845.yq:846.z_l_sub01:1,1day,"2001-04-08, 00:00:00","2001-04-09, 00:00:00","['average_DT', 'average_T1', 'average_T2', 'nv', 'time', 'time_bnds', 'uo', 'vo', 'xh', 'xq', 'yh', 'yq', 'z_l_sub01']","['Length of average period', 'Start time for average period', 'End time for average period', 'vertex number', 'time', 'time axis boundaries', 'Sea Water X Velocity', 'Sea Water Y Velocity', 'h point nominal longitude', 'q point nominal longitude', 'h point nominal latitude', 'q point nominal latitude', 'Depth at cell center']","['', '', '', '', '', '', 'sea_water_x_velocity', 'sea_water_y_velocity', '', '', '', '', '']","['', '', '', '', '', '', 'z_l:mean yh:mean xq:point time: mean', 'z_l:mean yq:point xh:mean time: mean', '', '', '', '', '']","['days', 'days since 1991-01-01 00:00:00', 'days since 1991-01-01 00:00:00', '', 'days since 1991-01-01 00:00:00', 'days', 'm s-1', 'm s-1', 'degrees_east', 'degrees_east', 'degrees_north', 'degrees_north', 'meters']",ocean
20010301.ocean_daily_z_2001_099.nc,/g/data/ik11/outputs/mom6-panan/panan-01-zstar-2001rerun/output002/20010301.ocean_daily_z_2001_099.nc,ocean.1day.nv:2.xh:3600.xq:3601.yh:845.yq:846.z_l_sub01:1,1day,"2001-04-09, 00:00:00","2001-04-10, 00:00:00","['average_DT', 'average_T1', 'average_T2', 'nv', 'time', 'time_bnds', 'uo', 'vo', 'xh', 'xq', 'yh', 'yq', 'z_l_sub01']","['Length of average period', 'Start time for average period', 'End time for average period', 'vertex number', 'time', 'time axis boundaries', 'Sea Water X Velocity', 'Sea Water Y Velocity', 'h point nominal longitude', 'q point nominal longitude', 'h point nominal latitude', 'q point nominal latitude', 'Depth at cell center']","['', '', '', '', '', '', 'sea_water_x_velocity', 'sea_water_y_velocity', '', '', '', '', '']","['', '', '', '', '', '', 'z_l:mean yh:mean xq:point time: mean', 'z_l:mean yq:point xh:mean time: mean', '', '', '', '', '']","['days', 'days since 1991-01-01 00:00:00', 'days since 1991-01-01 00:00:00', '', 'days since 1991-01-01 00:00:00', 'days', 'm s-1', 'm s-1', 'degrees_east', 'degrees_east', 'degrees_north', 'degrees_north', 'meters']",ocean
20010301.ocean_daily_z_2001_100.nc,/g/data/ik11/outputs/mom6-panan/panan-01-zstar-2001rerun/output002/20010301.ocean_daily_z_2001_100.nc,ocean.1day.nv:2.xh:3600.xq:3601.yh:845.yq:846.z_l_sub01:1,1day,"2001-04-10, 00:00:00","2001-04-11, 00:00:00","['average_DT', 'average_T1', 'average_T2', 'nv', 'time', 'time_bnds', 'uo', 'vo', 'xh', 'xq', 'yh', 'yq', 'z_l_sub01']","['Length of average period', 'Start time for average period', 'End time for average period', 'vertex number', 'time', 'time axis boundaries', 'Sea Water X Velocity', 'Sea Water Y Velocity', 'h point nominal longitude', 'q point nominal longitude', 'h point nominal latitude', 'q point nominal latitude', 'Depth at cell center']","['', '', '', '', '', '', 'sea_water_x_velocity', 'sea_water_y_velocity', '', '', '', '', '']","['', '', '', '', '', '', 'z_l:mean yh:mean xq:point time: mean', 'z_l:mean yq:point xh:mean time: mean', '', '', '', '', '']","['days', 'days since 1991-01-01 00:00:00', 'days since 1991-01-01 00:00:00', '', 'days since 1991-01-01 00:00:00', 'days', 'm s-1', 'm s-1', 'degrees_east', 'degrees_east', 'degrees_north', 'degrees_north', 'meters']",ocean
20010301.ocean_daily_z_2001_101.nc,/g/data/ik11/outputs/mom6-panan/panan-01-zstar-2001rerun/output002/20010301.ocean_daily_z_2001_101.nc,ocean.1day.nv:2.xh:3600.xq:3601.yh:845.yq:846.z_l_sub01:1,1day,"2001-04-11, 00:00:00","2001-04-12, 00:00:00","['average_DT', 'average_T1', 'average_T2', 'nv', 'time', 'time_bnds', 'uo', 'vo', 'xh', 'xq', 'yh', 'yq', 'z_l_sub01']","['Length of average period', 'Start time for average period', 'End time for average period', 'vertex number', 'time', 'time axis boundaries', 'Sea Water X Velocity', 'Sea Water Y Velocity', 'h point nominal longitude', 'q point nominal longitude', 'h point nominal latitude', 'q point nominal latitude', 'Depth at cell center']","['', '', '', '', '', '', 'sea_water_x_velocity', 'sea_water_y_velocity', '', '', '', '', '']","['', '', '', '', '', '', 'z_l:mean yh:mean xq:point time: mean', 'z_l:mean yq:point xh:mean time: mean', '', '', '', '', '']","['days', 'days since 1991-01-01 00:00:00', 'days since 1991-01-01 00:00:00', '', 'days since 1991-01-01 00:00:00', 'days', 'm s-1', 'm s-1', 'degrees_east', 'degrees_east', 'degrees_north', 'degrees_north', 'meters']",ocean
20010301.ocean_daily_z_2001_102.nc,/g/data/ik11/outputs/mom6-panan/panan-01-zstar-2001rerun/output002/20010301.ocean_daily_z_2001_102.nc,ocean.1day.nv:2.xh:3600.xq:3601.yh:845.yq:846.z_l_sub01:1,1day,"2001-04-12, 00:00:00","2001-04-13, 00:00:00","['average_DT', 'average_T1', 'average_T2', 'nv', 'time', 'time_bnds', 'uo', 'vo', 'xh', 'xq', 'yh', 'yq', 'z_l_sub01']","['Length of average period', 'Start time for average period', 'End time for average period', 'vertex number', 'time', 'time axis boundaries', 'Sea Water X Velocity', 'Sea Water Y Velocity', 'h point nominal longitude', 'q point nominal longitude', 'h point nominal latitude', 'q point nominal latitude', 'Depth at cell center']","['', '', '', '', '', '', 'sea_water_x_velocity', 'sea_water_y_velocity', '', '', '', '', '']","['', '', '', '', '', '', 'z_l:mean yh:mean xq:point time: mean', 'z_l:mean yq:point xh:mean time: mean', '', '', '', '', '']","['days', 'days since 1991-01-01 00:00:00', 'days since 1991-01-01 00:00:00', '', 'days since 1991-01-01 00:00:00', 'days', 'm s-1', 'm s-1', 'degrees_east', 'degrees_east', 'degrees_north', 'degrees_north', 'meters']",ocean
20010301.ocean_daily_z_2001_103.nc,/g/data/ik11/outputs/mom6-panan/panan-01-zstar-2001rerun/output002/20010301.ocean_daily_z_2001_103.nc,ocean.1day.nv:2.xh:3600.xq:3601.yh:845.yq:846.z_l_sub01:1,1day,"2001-04-13, 00:00:00","2001-04-14, 00:00:00","['average_DT', 'average_T1', 'average_T2', 'nv', 'time', 'time_bnds', 'uo', 'vo', 'xh', 'xq', 'yh', 'yq', 'z_l_sub01']","['Length of average period', 'Start time for average period', 'End time for average period', 'vertex number', 'time', 'time axis boundaries', 'Sea Water X Velocity', 'Sea Water Y Velocity', 'h point nominal longitude', 'q point nominal longitude', 'h point nominal latitude', 'q point nominal latitude', 'Depth at cell center']","['', '', '', '', '', '', 'sea_water_x_velocity', 'sea_water_y_velocity', '', '', '', '', '']","['', '', '', '', '', '', 'z_l:mean yh:mean xq:point time: mean', 'z_l:mean yq:point xh:mean time: mean', '', '', '', '', '']","['days', 'days since 1991-01-01 00:00:00', 'days since 1991-01-01 00:00:00', '', 'days since 1991-01-01 00:00:00', 'days', 'm s-1', 'm s-1', 'degrees_east', 'degrees_east', 'degrees_north', 'degrees_north', 'meters']",ocean
20010301.ocean_daily_z_2001_104.nc,/g/data/ik11/outputs/mom6-panan/panan-01-zstar-2001rerun/output002/20010301.ocean_daily_z_2001_104.nc,ocean.1day.nv:2.xh:3600.xq:3601.yh:845.yq:846.z_l_sub01:1,1day,"2001-04-14, 00:00:00","2001-04-15, 00:00:00","['average_DT', 'average_T1', 'average_T2', 'nv', 'time', 'time_bnds', 'uo', 'vo', 'xh', 'xq', 'yh', 'yq', 'z_l_sub01']","['Length of average period', 'Start time for average period', 'End time for average period', 'vertex number', 'time', 'time axis boundaries', 'Sea Water X Velocity', 'Sea Water Y Velocity', 'h point nominal longitude', 'q point nominal longitude', 'h point nominal latitude', 'q point nominal latitude', 'Depth at cell center']","['', '', '', '', '', '', 'sea_water_x_velocity', 'sea_water_y_velocity', '', '', '', '', '']","['', '', '', '', '', '', 'z_l:mean yh:mean xq:point time: mean', 'z_l:mean yq:point xh:mean time: mean', '', '', '', '', '']","['days', 'days since 1991-01-01 00:00:00', 'days since 1991-01-01 00:00:00', '', 'days since 1991-01-01 00:00:00', 'days', 'm s-1', 'm s-1', 'degrees_east', 'degrees_east', 'degrees_north', 'degrees_north', 'meters']",ocean
20010301.ocean_daily_z_2001_105.nc,/g/data/ik11/outputs/mom6-panan/panan-01-zstar-2001rerun/output002/20010301.ocean_daily_z_2001_105.nc,ocean.1day.nv:2.xh:3600.xq:3601.yh:845.yq:846.z_l_sub01:1,1day,"2001-04-15, 00:00:00","2001-04-16, 00:00:00","['average_DT', 'average_T1', 'average_T2', 'nv', 'time', 'time_bnds', 'uo', 'vo', 'xh', 'xq', 'yh', 'yq', 'z_l_sub01']","['Length of average period', 'Start time for average period', 'End time for average period', 'vertex number', 'time', 'time axis boundaries', 'Sea Water X Velocity', 'Sea Water Y Velocity', 'h point nominal longitude', 'q point nominal longitude', 'h point nominal latitude', 'q point nominal latitude', 'Depth at cell center']","['', '', '', '', '', '', 'sea_water_x_velocity', 'sea_water_y_velocity', '', '', '', '', '']","['', '', '', '', '', '', 'z_l:mean yh:mean xq:point time: mean', 'z_l:mean yq:point xh:mean time: mean', '', '', '', '', '']","['days', 'days since 1991-01-01 00:00:00', 'days since 1991-01-01 00:00:00', '', 'days since 1991-01-01 00:00:00', 'days', 'm s-1', 'm s-1', 'degrees_east', 'degrees_east', 'degrees_north', 'degrees_north', 'meters']",ocean
20010301.ocean_daily_z_2001_106.nc,/g/data/ik11/outputs/mom6-panan/panan-01-zstar-2001rerun/output002/20010301.ocean_daily_z_2001_106.nc,ocean.1day.nv:2.xh:3600.xq:3601.yh:845.yq:846.z_l_sub01:1,1day,"2001-04-16, 00:00:00","2001-04-17, 00:00:00","['average_DT', 'average_T1', 'average_T2', 'nv', 'time', 'time_bnds', 'uo', 'vo', 'xh', 'xq', 'yh', 'yq', 'z_l_sub01']","['Length of average period', 'Start time for average period', 'End time for average period', 'vertex number', 'time', 'time axis boundaries', 'Sea Water X Velocity', 'Sea Water Y Velocity', 'h point nominal longitude', 'q point nominal longitude', 'h point nominal latitude', 'q point nominal latitude', 'Depth at cell center']","['', '', '', '', '', '', 'sea_water_x_velocity', 'sea_water_y_velocity', '', '', '', '', '']","['', '', '', '', '', '', 'z_l:mean yh:mean xq:point time: mean', 'z_l:mean yq:point xh:mean time: mean', '', '', '', '', '']","['days', 'days since 1991-01-01 00:00:00', 'days since 1991-01-01 00:00:00', '', 'days since 1991-01-01 00:00:00', 'days', 'm s-1', 'm s-1', 'degrees_east', 'degrees_east', 'degrees_north', 'degrees_north', 'meters']",ocean
20010301.ocean_daily_z_2001_107.nc,/g/data/ik11/outputs/mom6-panan/panan-01-zstar-2001rerun/output002/20010301.ocean_daily_z_2001_107.nc,ocean.1day.nv:2.xh:3600.xq:3601.yh:845.yq:846.z_l_sub01:1,1day,"2001-04-17, 00:00:00","2001-04-18, 00:00:00","['average_DT', 'average_T1', 'average_T2', 'nv', 'time', 'time_bnds', 'uo', 'vo', 'xh', 'xq', 'yh', 'yq', 'z_l_sub01']","['Length of average period', 'Start time for average period', 'End time for average period', 'vertex number', 'time', 'time axis boundaries', 'Sea Water X Velocity', 'Sea Water Y Velocity', 'h point nominal longitude', 'q point nominal longitude', 'h point nominal latitude', 'q point nominal latitude', 'Depth at cell center']","['', '', '', '', '', '', 'sea_water_x_velocity', 'sea_water_y_velocity', '', '', '', '', '']","['', '', '', '', '', '', 'z_l:mean yh:mean xq:point time: mean', 'z_l:mean yq:point xh:mean time: mean', '', '', '', '', '']","['days', 'days since 1991-01-01 00:00:00', 'days since 1991-01-01 00:00:00', '', 'days since 1991-01-01 00:00:00', 'days', 'm s-1', 'm s-1', 'degrees_east', 'degrees_east', 'degrees_north', 'degrees_north', 'meters']",ocean
20010301.ocean_daily_z_2001_108.nc,/g/data/ik11/outputs/mom6-panan/panan-01-zstar-2001rerun/output002/20010301.ocean_daily_z_2001_108.nc,ocean.1day.nv:2.xh:3600.xq:3601.yh:845.yq:846.z_l_sub01:1,1day,"2001-04-18, 00:00:00","2001-04-19, 00:00:00","['average_DT', 'average_T1', 'average_T2', 'nv', 'time', 'time_bnds', 'uo', 'vo', 'xh', 'xq', 'yh', 'yq', 'z_l_sub01']","['Length of average period', 'Start time for average period', 'End time for average period', 'vertex number', 'time', 'time axis boundaries', 'Sea Water X Velocity', 'Sea Water Y Velocity', 'h point nominal longitude', 'q point nominal longitude', 'h point nominal latitude', 'q point nominal latitude', 'Depth at cell center']","['', '', '', '', '', '', 'sea_water_x_velocity', 'sea_water_y_velocity', '', '', '', '', '']","['', '', '', '', '', '', 'z_l:mean yh:mean xq:point time: mean', 'z_l:mean yq:point xh:mean time: mean', '', '', '', '', '']","['days', 'days since 1991-01-01 00:00:00', 'days since 1991-01-01 00:00:00', '', 'days since 1991-01-01 00:00:00', 'days', 'm s-1', 'm s-1', 'degrees_east', 'degrees_east', 'degrees_north', 'degrees_north', 'meters']",ocean
20010301.ocean_daily_z_2001_109.nc,/g/data/ik11/outputs/mom6-panan/panan-01-zstar-2001rerun/output002/20010301.ocean_daily_z_2001_109.nc,ocean.1day.nv:2.xh:3600.xq:3601.yh:845.yq:846.z_l_sub01:1,1day,"2001-04-19, 00:00:00","2001-04-20, 00:00:00","['average_DT', 'average_T1', 'average_T2', 'nv', 'time', 'time_bnds', 'uo', 'vo', 'xh', 'xq', 'yh', 'yq', 'z_l_sub01']","['Length of average period', 'Start time for average period', 'End time for average period', 'vertex number', 'time', 'time axis boundaries', 'Sea Water X Velocity', 'Sea Water Y Velocity', 'h point nominal longitude', 'q point nominal longitude', 'h point nominal latitude', 'q point nominal latitude', 'Depth at cell center']","['', '', '', '', '', '', 'sea_water_x_velocity', 'sea_water_y_velocity', '', '', '', '', '']","['', '', '', '', '', '', 'z_l:mean yh:mean xq:point time: mean', 'z_l:mean yq:point xh:mean time: mean', '', '', '', '', '']","['days', 'days since 1991-01-01 00:00:00', 'days since 1991-01-01 00:00:00', '', 'days since 1991-01-01 00:00:00', 'days', 'm s-1', 'm s-1', 'degrees_east', 'degrees_east', 'degrees_north', 'degrees_north', 'meters']",ocean
20010301.ocean_daily_z_2001_110.nc,/g/data/ik11/outputs/mom6-panan/panan-01-zstar-2001rerun/output002/20010301.ocean_daily_z_2001_110.nc,ocean.1day.nv:2.xh:3600.xq:3601.yh:845.yq:846.z_l_sub01:1,1day,"2001-04-20, 00:00:00","2001-04-21, 00:00:00","['average_DT', 'average_T1', 'average_T2', 'nv', 'time', 'time_bnds', 'uo', 'vo', 'xh', 'xq', 'yh', 'yq', 'z_l_sub01']","['Length of average period', 'Start time for average period', 'End time for average period', 'vertex number', 'time', 'time axis boundaries', 'Sea Water X Velocity', 'Sea Water Y Velocity', 'h point nominal longitude', 'q point nominal longitude', 'h point nominal latitude', 'q point nominal latitude', 'Depth at cell center']","['', '', '', '', '', '', 'sea_water_x_velocity', 'sea_water_y_velocity', '', '', '', '', '']","['', '', '', '', '', '', 'z_l:mean yh:mean xq:point time: mean', 'z_l:mean yq:point xh:mean time: mean', '', '', '', '', '']","['days', 'days since 1991-01-01 00:00:00', 'days since 1991-01-01 00:00:00', '', 'days since 1991-01-01 00:00:00', 'days', 'm s-1', 'm s-1', 'degrees_east', 'degrees_east', 'degrees_north', 'degrees_north', 'meters']",ocean
20010301.ocean_daily_z_2001_111.nc,/g/data/ik11/outputs/mom6-panan/panan-01-zstar-2001rerun/output002/20010301.ocean_daily_z_2001_111.nc,ocean.1day.nv:2.xh:3600.xq:3601.yh:845.yq:846.z_l_sub01:1,1day,"2001-04-21, 00:00:00","2001-04-22, 00:00:00","['average_DT', 'average_T1', 'average_T2', 'nv', 'time', 'time_bnds', 'uo', 'vo', 'xh', 'xq', 'yh', 'yq', 'z_l_sub01']","['Length of average period', 'Start time for average period', 'End time for average period', 'vertex number', 'time', 'time axis boundaries', 'Sea Water X Velocity', 'Sea Water Y Velocity', 'h point nominal longitude', 'q point nominal longitude', 'h point nominal latitude', 'q point nominal latitude', 'Depth at cell center']","['', '', '', '', '', '', 'sea_water_x_velocity', 'sea_water_y_velocity', '', '', '', '', '']","['', '', '', '', '', '', 'z_l:mean yh:mean xq:point time: mean', 'z_l:mean yq:point xh:mean time: mean', '', '', '', '', '']","['days', 'days since 1991-01-01 00:00:00', 'days since 1991-01-01 00:00:00', '', 'days since 1991-01-01 00:00:00', 'days', 'm s-1', 'm s-1', 'degrees_east', 'degrees_east', 'degrees_north', 'degrees_north', 'meters']",ocean
20010301.ocean_daily_z_2001_112.nc,/g/data/ik11/outputs/mom6-panan/panan-01-zstar-2001rerun/output002/20010301.ocean_daily_z_2001_112.nc,ocean.1day.nv:2.xh:3600.xq:3601.yh:845.yq:846.z_l_sub01:1,1day,"2001-04-22, 00:00:00","2001-04-23, 00:00:00","['average_DT', 'average_T1', 'average_T2', 'nv', 'time', 'time_bnds', 'uo', 'vo', 'xh', 'xq', 'yh', 'yq', 'z_l_sub01']","['Length of average period', 'Start time for average period', 'End time for average period', 'vertex number', 'time', 'time axis boundaries', 'Sea Water X Velocity', 'Sea Water Y Velocity', 'h point nominal longitude', 'q point nominal longitude', 'h point nominal latitude', 'q point nominal latitude', 'Depth at cell center']","['', '', '', '', '', '', 'sea_water_x_velocity', 'sea_water_y_velocity', '', '', '', '', '']","['', '', '', '', '', '', 'z_l:mean yh:mean xq:point time: mean', 'z_l:mean yq:point xh:mean time: mean', '', '', '', '', '']","['days', 'days since 1991-01-01 00:00:00', 'days since 1991-01-01 00:00:00', '', 'days since 1991-01-01 00:00:00', 'days', 'm s-1', 'm s-1', 'degrees_east', 'degrees_east', 'degrees_north', 'degrees_north', 'meters']",ocean
20010301.ocean_daily_z_2001_113.nc,/g/data/ik11/outputs/mom6-panan/panan-01-zstar-2001rerun/output002/20010301.ocean_daily_z_2001_113.nc,ocean.1day.nv:2.xh:3600.xq:3601.yh:845.yq:846.z_l_sub01:1,1day,"2001-04-23, 00:00:00","2001-04-24, 00:00:00","['average_DT', 'average_T1', 'average_T2', 'nv', 'time', 'time_bnds', 'uo', 'vo', 'xh', 'xq', 'yh', 'yq', 'z_l_sub01']","['Length of average period', 'Start time for average period', 'End time for average period', 'vertex number', 'time', 'time axis boundaries', 'Sea Water X Velocity', 'Sea Water Y Velocity', 'h point nominal longitude', 'q point nominal longitude', 'h point nominal latitude', 'q point nominal latitude', 'Depth at cell center']","['', '', '', '', '', '', 'sea_water_x_velocity', 'sea_water_y_velocity', '', '', '', '', '']","['', '', '', '', '', '', 'z_l:mean yh:mean xq:point time: mean', 'z_l:mean yq:point xh:mean time: mean', '', '', '', '', '']","['days', 'days since 1991-01-01 00:00:00', 'days since 1991-01-01 00:00:00', '', 'days since 1991-01-01 00:00:00', 'days', 'm s-1', 'm s-1', 'degrees_east', 'degrees_east', 'degrees_north', 'degrees_north', 'meters']",ocean
20010301.ocean_daily_z_2001_114.nc,/g/data/ik11/outputs/mom6-panan/panan-01-zstar-2001rerun/output002/20010301.ocean_daily_z_2001_114.nc,ocean.1day.nv:2.xh:3600.xq:3601.yh:845.yq:846.z_l_sub01:1,1day,"2001-04-24, 00:00:00","2001-04-25, 00:00:00","['average_DT', 'average_T1', 'average_T2', 'nv', 'time', 'time_bnds', 'uo', 'vo', 'xh', 'xq', 'yh', 'yq', 'z_l_sub01']","['Length of average period', 'Start time for average period', 'End time for average period', 'vertex number', 'time', 'time axis boundaries', 'Sea Water X Velocity', 'Sea Water Y Velocity', 'h point nominal longitude', 'q point nominal longitude', 'h point nominal latitude', 'q point nominal latitude', 'Depth at cell center']","['', '', '', '', '', '', 'sea_water_x_velocity', 'sea_water_y_velocity', '', '', '', '', '']","['', '', '', '', '', '', 'z_l:mean yh:mean xq:point time: mean', 'z_l:mean yq:point xh:mean time: mean', '', '', '', '', '']","['days', 'days since 1991-01-01 00:00:00', 'days since 1991-01-01 00:00:00', '', 'days since 1991-01-01 00:00:00', 'days', 'm s-1', 'm s-1', 'degrees_east', 'degrees_east', 'degrees_north', 'degrees_north', 'meters']",ocean
20010301.ocean_daily_z_2001_115.nc,/g/data/ik11/outputs/mom6-panan/panan-01-zstar-2001rerun/output002/20010301.ocean_daily_z_2001_115.nc,ocean.1day.nv:2.xh:3600.xq:3601.yh:845.yq:846.z_l_sub01:1,1day,"2001-04-25, 00:00:00","2001-04-26, 00:00:00","['average_DT', 'average_T1', 'average_T2', 'nv', 'time', 'time_bnds', 'uo', 'vo', 'xh', 'xq', 'yh', 'yq', 'z_l_sub01']","['Length of average period', 'Start time for average period', 'End time for average period', 'vertex number', 'time', 'time axis boundaries', 'Sea Water X Velocity', 'Sea Water Y Velocity', 'h point nominal longitude', 'q point nominal longitude', 'h point nominal latitude', 'q point nominal latitude', 'Depth at cell center']","['', '', '', '', '', '', 'sea_water_x_velocity', 'sea_water_y_velocity', '', '', '', '', '']","['', '', '', '', '', '', 'z_l:mean yh:mean xq:point time: mean', 'z_l:mean yq:point xh:mean time: mean', '', '', '', '', '']","['days', 'days since 1991-01-01 00:00:00', 'days since 1991-01-01 00:00:00', '', 'days since 1991-01-01 00:00:00', 'days', 'm s-1', 'm s-1', 'degrees_east', 'degrees_east', 'degrees_north', 'degrees_north', 'meters']",ocean
20010301.ocean_daily_z_2001_116.nc,/g/data/ik11/outputs/mom6-panan/panan-01-zstar-2001rerun/output002/20010301.ocean_daily_z_2001_116.nc,ocean.1day.nv:2.xh:3600.xq:3601.yh:845.yq:846.z_l_sub01:1,1day,"2001-04-26, 00:00:00","2001-04-27, 00:00:00","['average_DT', 'average_T1', 'average_T2', 'nv', 'time', 'time_bnds', 'uo', 'vo', 'xh', 'xq', 'yh', 'yq', 'z_l_sub01']","['Length of average period', 'Start time for average period', 'End time for average period', 'vertex number', 'time', 'time axis boundaries', 'Sea Water X Velocity', 'Sea Water Y Velocity', 'h point nominal longitude', 'q point nominal longitude', 'h point nominal latitude', 'q point nominal latitude', 'Depth at cell center']","['', '', '', '', '', '', 'sea_water_x_velocity', 'sea_water_y_velocity', '', '', '', '', '']","['', '', '', '', '', '', 'z_l:mean yh:mean xq:point time: mean', 'z_l:mean yq:point xh:mean time: mean', '', '', '', '', '']","['days', 'days since 1991-01-01 00:00:00', 'days since 1991-01-01 00:00:00', '', 'days since 1991-01-01 00:00:00', 'days', 'm s-1', 'm s-1', 'degrees_east', 'degrees_east', 'degrees_north', 'degrees_north', 'meters']",ocean
20010301.ocean_daily_z_2001_117.nc,/g/data/ik11/outputs/mom6-panan/panan-01-zstar-2001rerun/output002/20010301.ocean_daily_z_2001_117.nc,ocean.1day.nv:2.xh:3600.xq:3601.yh:845.yq:846.z_l_sub01:1,1day,"2001-04-27, 00:00:00","2001-04-28, 00:00:00","['average_DT', 'average_T1', 'average_T2', 'nv', 'time', 'time_bnds', 'uo', 'vo', 'xh', 'xq', 'yh', 'yq', 'z_l_sub01']","['Length of average period', 'Start time for average period', 'End time for average period', 'vertex number', 'time', 'time axis boundaries', 'Sea Water X Velocity', 'Sea Water Y Velocity', 'h point nominal longitude', 'q point nominal longitude', 'h point nominal latitude', 'q point nominal latitude', 'Depth at cell center']","['', '', '', '', '', '', 'sea_water_x_velocity', 'sea_water_y_velocity', '', '', '', '', '']","['', '', '', '', '', '', 'z_l:mean yh:mean xq:point time: mean', 'z_l:mean yq:point xh:mean time: mean', '', '', '', '', '']","['days', 'days since 1991-01-01 00:00:00', 'days since 1991-01-01 00:00:00', '', 'days since 1991-01-01 00:00:00', 'days', 'm s-1', 'm s-1', 'degrees_east', 'degrees_east', 'degrees_north', 'degrees_north', 'meters']",ocean
20010301.ocean_daily_z_2001_118.nc,/g/data/ik11/outputs/mom6-panan/panan-01-zstar-2001rerun/output002/20010301.ocean_daily_z_2001_118.nc,ocean.1day.nv:2.xh:3600.xq:3601.yh:845.yq:846.z_l_sub01:1,1day,"2001-04-28, 00:00:00","2001-04-29, 00:00:00","['average_DT', 'average_T1', 'average_T2', 'nv', 'time', 'time_bnds', 'uo', 'vo', 'xh', 'xq', 'yh', 'yq', 'z_l_sub01']","['Length of average period', 'Start time for average period', 'End time for average period', 'vertex number', 'time', 'time axis boundaries', 'Sea Water X Velocity', 'Sea Water Y Velocity', 'h point nominal longitude', 'q point nominal longitude', 'h point nominal latitude', 'q point nominal latitude', 'Depth at cell center']","['', '', '', '', '', '', 'sea_water_x_velocity', 'sea_water_y_velocity', '', '', '', '', '']","['', '', '', '', '', '', 'z_l:mean yh:mean xq:point time: mean', 'z_l:mean yq:point xh:mean time: mean', '', '', '', '', '']","['days', 'days since 1991-01-01 00:00:00', 'days since 1991-01-01 00:00:00', '', 'days since 1991-01-01 00:00:00', 'days', 'm s-1', 'm s-1', 'degrees_east', 'degrees_east', 'degrees_north', 'degrees_north', 'meters']",ocean
20010301.ocean_daily_z_2001_119.nc,/g/data/ik11/outputs/mom6-panan/panan-01-zstar-2001rerun/output002/20010301.ocean_daily_z_2001_119.nc,ocean.1day.nv:2.xh:3600.xq:3601.yh:845.yq:846.z_l_sub01:1,1day,"2001-04-29, 00:00:00","2001-04-30, 00:00:00","['average_DT', 'average_T1', 'average_T2', 'nv', 'time', 'time_bnds', 'uo', 'vo', 'xh', 'xq', 'yh', 'yq', 'z_l_sub01']","['Length of average period', 'Start time for average period', 'End time for average period', 'vertex number', 'time', 'time axis boundaries', 'Sea Water X Velocity', 'Sea Water Y Velocity', 'h point nominal longitude', 'q point nominal longitude', 'h point nominal latitude', 'q point nominal latitude', 'Depth at cell center']","['', '', '', '', '', '', 'sea_water_x_velocity', 'sea_water_y_velocity', '', '', '', '', '']","['', '', '', '', '', '', 'z_l:mean yh:mean xq:point time: mean', 'z_l:mean yq:point xh:mean time: mean', '', '', '', '', '']","['days', 'days since 1991-01-01 00:00:00', 'days since 1991-01-01 00:00:00', '', 'days since 1991-01-01 00:00:00', 'days', 'm s-1', 'm s-1', 'degrees_east', 'degrees_east', 'degrees_north', 'degrees_north', 'meters']",ocean
20010301.ocean_daily_z_2001_120.nc,/g/data/ik11/outputs/mom6-panan/panan-01-zstar-2001rerun/output002/20010301.ocean_daily_z_2001_120.nc,ocean.1day.nv:2.xh:3600.xq:3601.yh:845.yq:846.z_l_sub01:1,1day,"2001-04-30, 00:00:00","2001-05-01, 00:00:00","['average_DT', 'average_T1', 'average_T2', 'nv', 'time', 'time_bnds', 'uo', 'vo', 'xh', 'xq', 'yh', 'yq', 'z_l_sub01']","['Length of average period', 'Start time for average period', 'End time for average period', 'vertex number', 'time', 'time axis boundaries', 'Sea Water X Velocity', 'Sea Water Y Velocity', 'h point nominal longitude', 'q point nominal longitude', 'h point nominal latitude', 'q point nominal latitude', 'Depth at cell center']","['', '', '', '', '', '', 'sea_water_x_velocity', 'sea_water_y_velocity', '', '', '', '', '']","['', '', '', '', '', '', 'z_l:mean yh:mean xq:point time: mean', 'z_l:mean yq:point xh:mean time: mean', '', '', '', '', '']","['days', 'days since 1991-01-01 00:00:00', 'days since 1991-01-01 00:00:00', '', 'days since 1991-01-01 00:00:00', 'days', 'm s-1', 'm s-1', 'degrees_east', 'degrees_east', 'degrees_north', 'degrees_north', 'meters']",ocean
20010301.ocean_month.nc,/g/data/ik11/outputs/mom6-panan/panan-01-zstar-2001rerun/output002/20010301.ocean_month.nc,ocean.1mon.nv:2.scalar_axis:1.xh:3600.xq:3601.yh:845.yq:846.zi:76,1mon,"2001-03-01, 00:00:00","2001-05-01, 00:00:00","['Heat_PmE', 'LW', 'SW', 'T_advection_xy_2d', 'Th_tendency_vert_remap_2d', 'average_DT', 'average_T1', 'average_T2', 'boundary_forcing_heat_tendency_2d', 'evap', 'frazil', 'frazil_heat_tendency_2d', 'frunoff', 'heat_added', 'heat_content_fprec', 'heat_content_frunoff', 'heat_content_icemelt', 'heat_content_lprec', 'heat_content_lrunoff', 'heat_content_massin', 'heat_content_massout', 'hfds', 'hfrainds', 'hfrunoffds', 'latent', 'latent_evap', 'latent_fprec_diag', 'latent_frunoff', 'lrunoff', 'mlotst', 'net_heat_coupler', 'net_massin', 'net_massout', 'nv', 'opottempdiff_2d', 'opottemppmdiff_2d', 'opottemptend_2d', 'precip', 'rsdo', 'salt_flux', 'salt_flux_added', 'salt_flux_in', 'scalar_axis', 'seaice_melt', 'seaice_melt_heat', 'sensible', 'sob', 'sos', 'tauuo', 'tauvo', 'time', 'time_bnds', 'tob', 'tos', 'total_icemelt', 'umo_2d', 'vmo_2d', 'wfo', 'xh', 'xq', 'yh', 'yq', 'zi', 'zos']","['Heat flux into ocean from mass flux into ocean', 'Longwave radiation flux into ocean', 'Shortwave radiation flux into ocean', 'Vertical sum of horizontal convergence of residual mean advective fluxes of heat', 'Vertical sum of vertical remapping tracer content tendency for Heat', 'Length of average period', 'Start time for average period', 'End time for average period', 'Depth integrated boundary forcing of ocean heat', 'Evaporation/condensation at ocean surface (evaporation is negative)', 'Heat from frazil formation', 'Depth integrated heat tendency due to frazil formation', 'Frozen runoff (calving) and iceberg melt into ocean', 'Flux Adjustment or restoring surface heat flux into ocean', 'Heat content (relative to 0degC) of frozen prec entering ocean', 'Heat content (relative to 0C) of solid runoff into ocean', 'Heat content (relative to 0degC) of water flux due to sea ice melting/freezing', 'Heat content (relative to 0degC) of liquid precip entering ocean', 'Heat content (relative to 0C) of liquid runoff into ocean', 'Heat content (relative to 0degC) of net mass entering ocean ocean', 'Heat content (relative to 0degC) of net mass leaving ocean ocean via evap and ice form', 'Surface ocean heat flux from SW+LW+latent+sensible+masstransfer+frazil+seaice_melt_heat', 'Heat content (relative to 0degC) of liquid+frozen precip entering ocean', 'Heat content (relative to 0C) of liquid+solid runoff into ocean', 'Latent heat flux into ocean due to fusion and evaporation (negative means ocean heat loss)', 'Latent heat flux into ocean due to evaporation/condensation', 'Latent heat flux into ocean due to melting of frozen precipitation', 'Latent heat flux into ocean due to melting of icebergs', 'Liquid runoff (rivers) into ocean', 'Ocean Mixed Layer Thickness Defined by Sigma T', 'Surface ocean heat flux from SW+LW+latent+sensible+seaice_melt_heat (via the coupler)', 'Net mass entering ocean due to precip, runoff, ice melt', 'Net mass leaving the ocean due to evaporation, seaice formation', 'vertex number', 'Tendency of sea water potential temperature expressed as heat content due to parameterized dianeutral mixing depth integrated', 'Tendency of sea water potential temperature expressed as heat content due to parameterized mesoscale neutral diffusion', 'Tendency of Sea Water Potential Temperature Expressed as Heat Content Vertical Sum', 'Liquid + frozen precipitation into ocean', 'Downwelling Shortwave Flux in Sea Water at Grid Cell Upper Interface', 'Net salt flux into ocean at surface (restoring + sea-ice)', 'Salt flux into ocean at surface due to restoring or flux adjustment', 'Salt flux into ocean at surface from coupler', 'none', 'water flux to ocean from snow/sea ice melting(> 0) or formation(< 0)', 'Heat flux into ocean due to snow and sea ice melt/freeze', 'Sensible heat flux into ocean', 'Sea Water Salinity at Sea Floor', 'Sea Surface Salinity', 'Surface Downward X Stress', 'Surface Downward Y Stress', 'time', 'time axis boundaries', 'Sea Water Potential Temperature at Sea Floor', 'Sea Surface Temperature', 'Area integrated sea ice melt (>0) or form (<0)', 'Ocean Mass X Transport Vertical Sum', 'Ocean Mass Y Transport Vertical Sum', 'Water Flux Into Sea Water', 'h point nominal longitude', 'q point nominal longitude', 'h point nominal latitude', 'q point nominal latitude', 'Interface pseudo-depth, -z*', 'Sea surface height above geoid']","['', 'surface_net_downward_longwave_flux', 'net_downward_shortwave_flux_at_sea_water_surface', '', '', '', '', '', '', 'water_evaporation_flux', '', '', 'water_flux_into_sea_water_from_icebergs', '', '', 'temperature_flux_due_to_solid_runoff_expressed_as_heat_flux_into_sea_water', '', '', 'temperature_flux_due_to_runoff_expressed_as_heat_flux_into_sea_water', '', '', 'surface_downward_heat_flux_in_sea_water', 'temperature_flux_due_to_rainfall_expressed_as_heat_flux_into_sea_water', 'temperature_flux_due_to_runoff_expressed_as_heat_flux_into_sea_water', '', '', '', '', 'water_flux_into_sea_water_from_rivers', 'ocean_mixed_layer_thickness_defined_by_sigma_t', '', '', '', '', 'tendency_of_sea_water_potential_temperature_expressed_as_heat_content_due_to_parameterized_dianeutral_mixing_depth_integrated', 'tendency_of_sea_water_potential_temperature_expressed_as_heat_content_due_to_parameterized_mesoscale_neutral_diffusion', 'tendency_of_sea_water_potential_temperature_expressed_as_heat_content_vertical_sum', '', 'downwelling_shortwave_flux_in_sea_water', '', '', '', '', 'water_flux_into_sea_water_due_to_sea_ice_thermodynamics', 'snow_ice_melt_heat_flux', 'surface_downward_sensible_heat_flux', 'sea_water_salinity_at_sea_floor', 'sea_surface_salinity', 'surface_downward_x_stress', 'surface_downward_y_stress', '', '', 'sea_water_potential_temperature_at_sea_floor', 'sea_surface_temperature', 'water_flux_into_sea_water_due_to_sea_ice_thermodynamics_area_integrated', 'ocean_mass_x_transport_vertical_sum', 'ocean_mass_y_transport_vertical_sum', 'water_flux_into_sea_water', '', '', '', '', '', 'sea_surface_height_above_geoid']","['area:mean yh:mean xh:mean time: mean', 'area:mean yh:mean xh:mean time: mean', 'area:mean yh:mean xh:mean time: mean', 'area:mean yh:mean xh:mean time: mean', 'area:mean yh:mean xh:mean time: mean', '', '', '', 'area:mean yh:mean xh:mean time: mean', 'area:mean yh:mean xh:mean time: mean', 'area:mean yh:mean xh:mean time: mean', 'area:mean yh:mean xh:mean time: mean', 'area:mean yh:mean xh:mean time: mean', 'area:mean yh:mean xh:mean time: mean', 'area:mean yh:mean xh:mean time: mean', 'area:mean yh:mean xh:mean time: mean', 'area:mean yh:mean xh:mean time: mean', 'area:mean yh:mean xh:mean time: mean', 'area:mean yh:mean xh:mean time: mean', 'area:mean yh:mean xh:mean time: mean', 'area:mean yh:mean xh:mean time: mean', 'area:mean yh:mean xh:mean time: mean', 'area:mean yh:mean xh:mean time: mean', 'area:mean yh:mean xh:mean time: mean', 'area:mean yh:mean xh:mean time: mean', 'area:mean yh:mean xh:mean time: mean', 'area:mean yh:mean xh:mean time: mean', 'area:mean yh:mean xh:mean time: mean', 'area:mean yh:mean xh:mean time: mean', 'area:mean yh:mean xh:mean time: mean', 'area:mean yh:mean xh:mean time: mean', 'area:mean yh:mean xh:mean time: mean', 'area:mean yh:mean xh:mean time: mean', '', 'area:mean yh:mean xh:mean time: mean', 'area:sum yh:sum xh:sum time: mean', 'area:mean yh:mean xh:mean time: mean', 'area:mean yh:mean xh:mean time: mean', 'area:mean zi:point yh:mean xh:mean time: mean', 'area:mean yh:mean xh:mean time: mean', 'area:mean yh:mean xh:mean time: mean', 'area:mean yh:mean xh:mean time: mean', '', 'area:mean yh:mean xh:mean time: mean', 'area:mean yh:mean xh:mean time: mean', 'area:mean yh:mean xh:mean time: mean', 'area:mean yh:mean xh:mean time: mean', 'area:mean yh:mean xh:mean time: mean', 'yh:mean xq:point time: mean', 'yq:point xh:mean time: mean', '', '', 'area:mean yh:mean xh:mean time: mean', 'area:mean yh:mean xh:mean time: mean', 'time: mean', 'yh:sum xq:point time: mean', 'yq:point xh:sum time: mean', 'area:mean yh:mean xh:mean time: mean', '', '', '', '', '', 'area:mean yh:mean xh:mean time: mean']","['W m-2', 'W m-2', 'W m-2', 'W m-2', 'W m-2', 'days', 'days since 1991-01-01 00:00:00', 'days since 1991-01-01 00:00:00', 'W m-2', 'kg m-2 s-1', 'W m-2', 'W m-2', 'kg m-2 s-1', 'W m-2', 'W m-2', 'W m-2', 'W m-2', 'W m-2', 'W m-2', 'W m-2', 'W m-2', 'W m-2', 'W m-2', 'W m-2', 'W m-2', 'W m-2', 'W m-2', 'W m-2', 'kg m-2 s-1', 'm', 'W m-2', 'kg m-2 s-1', 'kg m-2 s-1', '', 'W m-2', 'W m-2', 'W m-2', 'kg m-2 s-1', 'W m-2', 'kg m-2 s-1', 'kg m-2 s-1', 'kg m-2 s-1', '', 'kg m-2 s-1', 'W m-2', 'W m-2', 'psu', 'psu', 'N m-2', 'N m-2', 'days since 1991-01-01 00:00:00', 'days', 'degC', 'degC', 'kg s-1', 'kg s-1', 'kg s-1', 'kg m-2 s-1', 'degrees_east', 'degrees_east', 'degrees_north', 'degrees_north', 'meter', 'm']",ocean
20010301.ocean_month_rho2.nc,/g/data/ik11/outputs/mom6-panan/panan-01-zstar-2001rerun/output002/20010301.ocean_month_rho2.nc,ocean.1mon.nv:2.rho2_i:100.rho2_l:99.xh:3600.xq:3601.yh:845.yq:846,1mon,"2001-03-01, 00:00:00","2001-05-01, 00:00:00","['T_advection_xy', 'T_adx', 'T_ady', 'Th_tendency_vert_remap', 'average_DT', 'average_T1', 'average_T2', 'boundary_forcing_heat_tendency', 'frazil_heat_tendency', 'nv', 'opottempdiff', 'opottemppmdiff', 'opottemptend', 'rho2_i', 'rho2_l', 'thetao', 'time', 'time_bnds', 'umo', 'uo', 'vmo', 'vo', 'volcello', 'xh', 'xq', 'yh', 'yq']","['Horizontal convergence of residual mean advective fluxes of heat', 'Advective (by residual mean) Zonal Flux of Heat', 'Advective (by residual mean) Meridional Flux of Heat', 'Vertical remapping tracer content tendency for Heat', 'Length of average period', 'Start time for average period', 'End time for average period', 'Boundary forcing heat tendency', 'Heat tendency due to frazil formation', 'vertex number', 'Tendency of sea water potential temperature expressed as heat content due to parameterized dianeutral mixing', 'Tendency of sea water potential temperature expressed as heat content due to parameterized mesoscale neutral diffusion', 'Tendency of Sea Water Potential Temperature Expressed as Heat Content', 'Target Potential Density at interface', 'Target Potential Density at cell center', 'Sea Water Potential Temperature', 'time', 'time axis boundaries', 'Ocean Mass X Transport', 'Sea Water X Velocity', 'Ocean Mass Y Transport', 'Sea Water Y Velocity', 'Ocean grid-cell volume', 'h point nominal longitude', 'q point nominal longitude', 'h point nominal latitude', 'q point nominal latitude']","['', '', '', '', '', '', '', '', '', '', 'tendency_of_sea_water_potential_temperature_expressed_as_heat_content_due_to_parameterized_dianeutral_mixing', 'tendency_of_sea_water_potential_temperature_expressed_as_heat_content_due_to_parameterized_mesoscale_neutral_diffusion', 'tendency_of_sea_water_potential_temperature_expressed_as_heat_content', '', '', 'sea_water_potential_temperature', '', '', 'ocean_mass_x_transport', 'sea_water_x_velocity', 'ocean_mass_y_transport', 'sea_water_y_velocity', 'ocean_volume', '', '', '', '']","['area:mean rho2_l:sum yh:mean xh:mean time: mean', 'rho2_l:sum yh:sum xq:point time: mean', 'rho2_l:sum yq:point xh:sum time: mean', 'area:mean rho2_l:sum yh:mean xh:mean time: mean', '', '', '', 'area:mean rho2_l:sum yh:mean xh:mean time: mean', 'area:mean rho2_l:sum yh:mean xh:mean time: mean', '', 'area:mean rho2_l:sum yh:mean xh:mean time: mean', 'area:sum rho2_l:sum yh:sum xh:sum time: mean', 'area:mean rho2_l:sum yh:mean xh:mean time: mean', '', '', 'area:mean rho2_l:mean yh:mean xh:mean time: mean', '', '', 'rho2_l:sum yh:sum xq:point time: mean', 'rho2_l:mean yh:mean xq:point time: mean', 'rho2_l:sum yq:point xh:sum time: mean', 'rho2_l:mean yq:point xh:mean time: mean', 'area:sum rho2_l:sum yh:sum xh:sum time: mean', '', '', '', '']","['W m-2', 'W', 'W', 'W m-2', 'days', 'days since 1991-01-01 00:00:00', 'days since 1991-01-01 00:00:00', 'W m-2', 'W m-2', '', 'W m-2', 'W m-2', 'W m-2', 'kg m-3', 'kg m-3', 'degC', 'days since 1991-01-01 00:00:00', 'days', 'kg s-1', 'm s-1', 'kg s-1', 'm s-1', 'm3', 'degrees_east', 'degrees_east', 'degrees_north', 'degrees_north']",ocean
20010301.ocean_month_z.nc,/g/data/ik11/outputs/mom6-panan/panan-01-zstar-2001rerun/output002/20010301.ocean_month_z.nc,ocean.1mon.nv:2.xh:3600.xq:3601.yh:845.yq:846.z_i:76.z_l:75,1mon,"2001-03-01, 00:00:00","2001-05-01, 00:00:00","['T_advection_xy', 'T_adx', 'T_ady', 'Th_tendency_vert_remap', 'agessc', 'average_DT', 'average_T1', 'average_T2', 'boundary_forcing_heat_tendency', 'frazil_heat_tendency', 'nv', 'opottempdiff', 'opottemppmdiff', 'opottemptend', 'rhopot0', 'rhopot2', 'so', 'thetao', 'time', 'time_bnds', 'umo', 'uo', 'vmo', 'vo', 'volcello', 'xh', 'xq', 'yh', 'yq', 'z_i', 'z_l']","['Horizontal convergence of residual mean advective fluxes of heat', 'Advective (by residual mean) Zonal Flux of Heat', 'Advective (by residual mean) Meridional Flux of Heat', 'Vertical remapping tracer content tendency for Heat', 'Ideal Age Tracer', 'Length of average period', 'Start time for average period', 'End time for average period', 'Boundary forcing heat tendency', 'Heat tendency due to frazil formation', 'vertex number', 'Tendency of sea water potential temperature expressed as heat content due to parameterized dianeutral mixing', 'Tendency of sea water potential temperature expressed as heat content due to parameterized mesoscale neutral diffusion', 'Tendency of Sea Water Potential Temperature Expressed as Heat Content', 'Potential density referenced to surface', 'Potential density referenced to 2000 dbar', 'Sea Water Salinity', 'Sea Water Potential Temperature', 'time', 'time axis boundaries', 'Ocean Mass X Transport', 'Sea Water X Velocity', 'Ocean Mass Y Transport', 'Sea Water Y Velocity', 'Ocean grid-cell volume', 'h point nominal longitude', 'q point nominal longitude', 'h point nominal latitude', 'q point nominal latitude', 'Depth at interface', 'Depth at cell center']","['', '', '', '', 'ideal_age_tracer', '', '', '', '', '', '', 'tendency_of_sea_water_potential_temperature_expressed_as_heat_content_due_to_parameterized_dianeutral_mixing', 'tendency_of_sea_water_potential_temperature_expressed_as_heat_content_due_to_parameterized_mesoscale_neutral_diffusion', 'tendency_of_sea_water_potential_temperature_expressed_as_heat_content', '', '', 'sea_water_salinity', 'sea_water_potential_temperature', '', '', 'ocean_mass_x_transport', 'sea_water_x_velocity', 'ocean_mass_y_transport', 'sea_water_y_velocity', 'ocean_volume', '', '', '', '', '', '']","['area:mean z_l:sum yh:mean xh:mean time: mean', 'z_l:sum yh:sum xq:point time: mean', 'z_l:sum yq:point xh:sum time: mean', 'area:mean z_l:sum yh:mean xh:mean time: mean', 'area:mean z_l:mean yh:mean xh:mean time: mean', '', '', '', 'area:mean z_l:sum yh:mean xh:mean time: mean', 'area:mean z_l:sum yh:mean xh:mean time: mean', '', 'area:mean z_l:sum yh:mean xh:mean time: mean', 'area:sum z_l:sum yh:sum xh:sum time: mean', 'area:mean z_l:sum yh:mean xh:mean time: mean', 'area:mean z_l:mean yh:mean xh:mean time: mean', 'area:mean z_l:mean yh:mean xh:mean time: mean', 'area:mean z_l:mean yh:mean xh:mean time: mean', 'area:mean z_l:mean yh:mean xh:mean time: mean', '', '', 'z_l:sum yh:sum xq:point time: mean', 'z_l:mean yh:mean xq:point time: mean', 'z_l:sum yq:point xh:sum time: mean', 'z_l:mean yq:point xh:mean time: mean', 'area:sum z_l:sum yh:sum xh:sum time: mean', '', '', '', '', '', '']","['W m-2', 'W', 'W', 'W m-2', 'yr', 'days', 'days since 1991-01-01 00:00:00', 'days since 1991-01-01 00:00:00', 'W m-2', 'W m-2', '', 'W m-2', 'W m-2', 'W m-2', 'kg m-3', 'kg m-3', 'psu', 'degC', 'days since 1991-01-01 00:00:00', 'days', 'kg s-1', 'm s-1', 'kg s-1', 'm s-1', 'm3', 'degrees_east', 'degrees_east', 'degrees_north', 'degrees_north', 'meters', 'meters']",ocean
20010301.ocean_static.nc,/g/data/ik11/outputs/mom6-panan/panan-01-zstar-2001rerun/output002/20010301.ocean_static.nc,ocean.fx.xh:3600.xq:3601.yh:845.yq:846,fx,"1991-01-01, 00:00:00","1991-01-01, 00:00:00","['Coriolis', 'areacello', 'areacello_bu', 'areacello_cu', 'areacello_cv', 'deptho', 'dxCu', 'dxCv', 'dxt', 'dyCu', 'dyCv', 'dyt', 'geolat', 'geolat_c', 'geolat_u', 'geolat_v', 'geolon', 'geolon_c', 'geolon_u', 'geolon_v', 'time', 'wet', 'wet_c', 'wet_u', 'wet_v', 'xh', 'xq', 'yh', 'yq']","['Coriolis parameter at corner (Bu) points', 'Ocean Grid-Cell Area', 'Ocean Grid-Cell Area', 'Ocean Grid-Cell Area', 'Ocean Grid-Cell Area', 'Sea Floor Depth', 'Delta(x) at u points (meter)', 'Delta(x) at v points (meter)', 'Delta(x) at thickness/tracer points (meter)', 'Delta(y) at u points (meter)', 'Delta(y) at v points (meter)', 'Delta(y) at thickness/tracer points (meter)', 'Latitude of tracer (T) points', 'Latitude of corner (Bu) points', 'Latitude of zonal velocity (Cu) points', 'Latitude of meridional velocity (Cv) points', 'Longitude of tracer (T) points', 'Longitude of corner (Bu) points', 'Longitude of zonal velocity (Cu) points', 'Longitude of meridional velocity (Cv) points', 'time', '0 if land, 1 if ocean at tracer points', '0 if land, 1 if ocean at corner (Bu) points', '0 if land, 1 if ocean at zonal velocity (Cu) points', '0 if land, 1 if ocean at meridional velocity (Cv) points', 'h point nominal longitude', 'q point nominal longitude', 'h point nominal latitude', 'q point nominal latitude']","['', 'cell_area', 'cell_area', 'cell_area', 'cell_area', 'sea_floor_depth_below_geoid', '', '', '', '', '', '', '', '', '', '', '', '', '', '', '', '', '', '', '', '', '', '', '']","['time: point', 'area:sum yh:sum xh:sum time: point', 'area:sum yq:sum xq:sum time: point', 'area:sum yh:sum xq:sum time: point', 'area:sum yq:sum xh:sum time: point', 'area:mean yh:mean xh:mean time: point', 'time: point', 'time: point', 'time: point', 'time: point', 'time: point', 'time: point', 'time: point', 'time: point', 'time: point', 'time: point', 'time: point', 'time: point', 'time: point', 'time: point', '', 'time: point', 'time: point', 'time: point', 'time: point', '', '', '', '']","['s-1', 'm2', 'm2', 'm2', 'm2', 'm', 'm', 'm', 'm', 'm', 'm', 'm', 'degrees_north', 'degrees_north', 'degrees_north', 'degrees_north', 'degrees_east', 'degrees_east', 'degrees_east', 'degrees_east', 'days since 1991-01-01 00:00:00', '', '', '', '', 'degrees_east', 'degrees_east', 'degrees_north', 'degrees_north']",ocean
20010501.ice_daily.nc,/g/data/ik11/outputs/mom6-panan/panan-01-zstar-2001rerun/output003/20010501.ice_daily.nc,seaIce.1day.nv:2.xT:3600.xTe:3601.yT:845.yTe:846,1day,"2001-05-01, 00:00:00","2001-07-01, 00:00:00","['BHEAT', 'BMELT', 'E2MELT', 'average_DT', 'average_T1', 'average_T2', 'net_melt', 'nv', 'siconc', 'sithick', 'time', 'time_bnds', 'xT', 'xTe', 'yT', 'yTe']","['ocean to ice heat flux', 'bottom surface melting energy flux', 'heat needed to melt ice', 'Length of average period', 'Start time for average period', 'End time for average period', 'net mass flux from ice & snow to ocean due to melting & freezing', 'vertex number', 'ice concentration', 'ice thickness', 'time', 'time axis boundaries', 'T point nominal longitude', 'T-cell edge nominal longitude', 'T point nominal latitude', 'T-cell edge nominal latitude']","['', '', '', '', '', '', '', '', '', '', '', '', '', '', '', '']","['time: mean', 'time: mean', 'time: mean', '', '', '', 'time: mean', '', 'time: mean', 'time: mean', '', '', '', '', '', '']","['W/m^2', 'W/m^2', 'J/m^2', 'days', 'days since 1991-01-01 00:00:00', 'days since 1991-01-01 00:00:00', 'kg m-2 s-1', '', '0-1', 'm-ice', 'days since 1991-01-01 00:00:00', 'days', 'degrees_E', 'degrees_E', 'degrees_N', 'degrees_N']",seaIce
20010501.ice_month.nc,/g/data/ik11/outputs/mom6-panan/panan-01-zstar-2001rerun/output003/20010501.ice_month.nc,seaIce.1mon.nv:2.xB:3601.xT:3600.xTe:3601.yB:846.yT:845.yTe:846,1mon,"2001-05-01, 00:00:00","2001-07-01, 00:00:00","['BHEAT', 'BMELT', 'E2MELT', 'FA_X', 'FA_Y', 'TMELT', 'average_DT', 'average_T1', 'average_T2', 'fsitherm', 'net_melt', 'nv', 'siconc', 'sithick', 'time', 'time_bnds', 'xB', 'xT', 'xTe', 'yB', 'yT', 'yTe']","['ocean to ice heat flux', 'bottom surface melting energy flux', 'heat needed to melt ice', 'Air stress on ice on C-grid - x component', 'Air stress on ice on C-grid - y component', 'upper surface melting energy flux', 'Length of average period', 'Start time for average period', 'End time for average period', 'water_flux_into_sea_water_due_to_sea_ice_thermodynamics', 'net mass flux from ice & snow to ocean due to melting & freezing', 'vertex number', 'ice concentration', 'ice thickness', 'time', 'time axis boundaries', 'Boundary point nominal longitude', 'T point nominal longitude', 'T-cell edge nominal longitude', 'Boundary point nominal latitude', 'T point nominal latitude', 'T-cell edge nominal latitude']","['', '', '', '', '', '', '', '', '', '', '', '', '', '', '', '', '', '', '', '', '', '']","['time: mean', 'time: mean', 'time: mean', 'time: mean', 'time: mean', 'time: mean', '', '', '', 'time: mean', 'time: mean', '', 'time: mean', 'time: mean', '', '', '', '', '', '', '', '']","['W/m^2', 'W/m^2', 'J/m^2', 'Pa', 'Pa', 'W/m^2', 'days', 'days since 1991-01-01 00:00:00', 'days since 1991-01-01 00:00:00', 'kg m-2 s-1', 'kg m-2 s-1', '', '0-1', 'm-ice', 'days since 1991-01-01 00:00:00', 'days', 'degrees_E', 'degrees_E', 'degrees_E', 'degrees_N', 'degrees_N', 'degrees_N']",seaIce
20010501.ocean_daily_2001_121.nc,/g/data/ik11/outputs/mom6-panan/panan-01-zstar-2001rerun/output003/20010501.ocean_daily_2001_121.nc,ocean.1day.nv:2.xh:3600.yh:845,1day,"2001-05-01, 00:00:00","2001-05-02, 00:00:00","['average_DT', 'average_T1', 'average_T2', 'mlotst', 'nv', 'time', 'time_bnds', 'xh', 'yh', 'zos']","['Length of average period', 'Start time for average period', 'End time for average period', 'Ocean Mixed Layer Thickness Defined by Sigma T', 'vertex number', 'time', 'time axis boundaries', 'h point nominal longitude', 'h point nominal latitude', 'Sea surface height above geoid']","['', '', '', 'ocean_mixed_layer_thickness_defined_by_sigma_t', '', '', '', '', '', 'sea_surface_height_above_geoid']","['', '', '', 'area:mean yh:mean xh:mean time: mean', '', '', '', '', '', 'area:mean yh:mean xh:mean time: mean']","['days', 'days since 1991-01-01 00:00:00', 'days since 1991-01-01 00:00:00', 'm', '', 'days since 1991-01-01 00:00:00', 'days', 'degrees_east', 'degrees_north', 'm']",ocean
20010501.ocean_daily_2001_122.nc,/g/data/ik11/outputs/mom6-panan/panan-01-zstar-2001rerun/output003/20010501.ocean_daily_2001_122.nc,ocean.1day.nv:2.xh:3600.yh:845,1day,"2001-05-02, 00:00:00","2001-05-03, 00:00:00","['average_DT', 'average_T1', 'average_T2', 'mlotst', 'nv', 'time', 'time_bnds', 'xh', 'yh', 'zos']","['Length of average period', 'Start time for average period', 'End time for average period', 'Ocean Mixed Layer Thickness Defined by Sigma T', 'vertex number', 'time', 'time axis boundaries', 'h point nominal longitude', 'h point nominal latitude', 'Sea surface height above geoid']","['', '', '', 'ocean_mixed_layer_thickness_defined_by_sigma_t', '', '', '', '', '', 'sea_surface_height_above_geoid']","['', '', '', 'area:mean yh:mean xh:mean time: mean', '', '', '', '', '', 'area:mean yh:mean xh:mean time: mean']","['days', 'days since 1991-01-01 00:00:00', 'days since 1991-01-01 00:00:00', 'm', '', 'days since 1991-01-01 00:00:00', 'days', 'degrees_east', 'degrees_north', 'm']",ocean
20010501.ocean_daily_2001_123.nc,/g/data/ik11/outputs/mom6-panan/panan-01-zstar-2001rerun/output003/20010501.ocean_daily_2001_123.nc,ocean.1day.nv:2.xh:3600.yh:845,1day,"2001-05-03, 00:00:00","2001-05-04, 00:00:00","['average_DT', 'average_T1', 'average_T2', 'mlotst', 'nv', 'time', 'time_bnds', 'xh', 'yh', 'zos']","['Length of average period', 'Start time for average period', 'End time for average period', 'Ocean Mixed Layer Thickness Defined by Sigma T', 'vertex number', 'time', 'time axis boundaries', 'h point nominal longitude', 'h point nominal latitude', 'Sea surface height above geoid']","['', '', '', 'ocean_mixed_layer_thickness_defined_by_sigma_t', '', '', '', '', '', 'sea_surface_height_above_geoid']","['', '', '', 'area:mean yh:mean xh:mean time: mean', '', '', '', '', '', 'area:mean yh:mean xh:mean time: mean']","['days', 'days since 1991-01-01 00:00:00', 'days since 1991-01-01 00:00:00', 'm', '', 'days since 1991-01-01 00:00:00', 'days', 'degrees_east', 'degrees_north', 'm']",ocean
20010501.ocean_daily_2001_124.nc,/g/data/ik11/outputs/mom6-panan/panan-01-zstar-2001rerun/output003/20010501.ocean_daily_2001_124.nc,ocean.1day.nv:2.xh:3600.yh:845,1day,"2001-05-04, 00:00:00","2001-05-05, 00:00:00","['average_DT', 'average_T1', 'average_T2', 'mlotst', 'nv', 'time', 'time_bnds', 'xh', 'yh', 'zos']","['Length of average period', 'Start time for average period', 'End time for average period', 'Ocean Mixed Layer Thickness Defined by Sigma T', 'vertex number', 'time', 'time axis boundaries', 'h point nominal longitude', 'h point nominal latitude', 'Sea surface height above geoid']","['', '', '', 'ocean_mixed_layer_thickness_defined_by_sigma_t', '', '', '', '', '', 'sea_surface_height_above_geoid']","['', '', '', 'area:mean yh:mean xh:mean time: mean', '', '', '', '', '', 'area:mean yh:mean xh:mean time: mean']","['days', 'days since 1991-01-01 00:00:00', 'days since 1991-01-01 00:00:00', 'm', '', 'days since 1991-01-01 00:00:00', 'days', 'degrees_east', 'degrees_north', 'm']",ocean
20010501.ocean_daily_2001_125.nc,/g/data/ik11/outputs/mom6-panan/panan-01-zstar-2001rerun/output003/20010501.ocean_daily_2001_125.nc,ocean.1day.nv:2.xh:3600.yh:845,1day,"2001-05-05, 00:00:00","2001-05-06, 00:00:00","['average_DT', 'average_T1', 'average_T2', 'mlotst', 'nv', 'time', 'time_bnds', 'xh', 'yh', 'zos']","['Length of average period', 'Start time for average period', 'End time for average period', 'Ocean Mixed Layer Thickness Defined by Sigma T', 'vertex number', 'time', 'time axis boundaries', 'h point nominal longitude', 'h point nominal latitude', 'Sea surface height above geoid']","['', '', '', 'ocean_mixed_layer_thickness_defined_by_sigma_t', '', '', '', '', '', 'sea_surface_height_above_geoid']","['', '', '', 'area:mean yh:mean xh:mean time: mean', '', '', '', '', '', 'area:mean yh:mean xh:mean time: mean']","['days', 'days since 1991-01-01 00:00:00', 'days since 1991-01-01 00:00:00', 'm', '', 'days since 1991-01-01 00:00:00', 'days', 'degrees_east', 'degrees_north', 'm']",ocean
20010501.ocean_daily_2001_126.nc,/g/data/ik11/outputs/mom6-panan/panan-01-zstar-2001rerun/output003/20010501.ocean_daily_2001_126.nc,ocean.1day.nv:2.xh:3600.yh:845,1day,"2001-05-06, 00:00:00","2001-05-07, 00:00:00","['average_DT', 'average_T1', 'average_T2', 'mlotst', 'nv', 'time', 'time_bnds', 'xh', 'yh', 'zos']","['Length of average period', 'Start time for average period', 'End time for average period', 'Ocean Mixed Layer Thickness Defined by Sigma T', 'vertex number', 'time', 'time axis boundaries', 'h point nominal longitude', 'h point nominal latitude', 'Sea surface height above geoid']","['', '', '', 'ocean_mixed_layer_thickness_defined_by_sigma_t', '', '', '', '', '', 'sea_surface_height_above_geoid']","['', '', '', 'area:mean yh:mean xh:mean time: mean', '', '', '', '', '', 'area:mean yh:mean xh:mean time: mean']","['days', 'days since 1991-01-01 00:00:00', 'days since 1991-01-01 00:00:00', 'm', '', 'days since 1991-01-01 00:00:00', 'days', 'degrees_east', 'degrees_north', 'm']",ocean
20010501.ocean_daily_2001_127.nc,/g/data/ik11/outputs/mom6-panan/panan-01-zstar-2001rerun/output003/20010501.ocean_daily_2001_127.nc,ocean.1day.nv:2.xh:3600.yh:845,1day,"2001-05-07, 00:00:00","2001-05-08, 00:00:00","['average_DT', 'average_T1', 'average_T2', 'mlotst', 'nv', 'time', 'time_bnds', 'xh', 'yh', 'zos']","['Length of average period', 'Start time for average period', 'End time for average period', 'Ocean Mixed Layer Thickness Defined by Sigma T', 'vertex number', 'time', 'time axis boundaries', 'h point nominal longitude', 'h point nominal latitude', 'Sea surface height above geoid']","['', '', '', 'ocean_mixed_layer_thickness_defined_by_sigma_t', '', '', '', '', '', 'sea_surface_height_above_geoid']","['', '', '', 'area:mean yh:mean xh:mean time: mean', '', '', '', '', '', 'area:mean yh:mean xh:mean time: mean']","['days', 'days since 1991-01-01 00:00:00', 'days since 1991-01-01 00:00:00', 'm', '', 'days since 1991-01-01 00:00:00', 'days', 'degrees_east', 'degrees_north', 'm']",ocean
20010501.ocean_daily_2001_128.nc,/g/data/ik11/outputs/mom6-panan/panan-01-zstar-2001rerun/output003/20010501.ocean_daily_2001_128.nc,ocean.1day.nv:2.xh:3600.yh:845,1day,"2001-05-08, 00:00:00","2001-05-09, 00:00:00","['average_DT', 'average_T1', 'average_T2', 'mlotst', 'nv', 'time', 'time_bnds', 'xh', 'yh', 'zos']","['Length of average period', 'Start time for average period', 'End time for average period', 'Ocean Mixed Layer Thickness Defined by Sigma T', 'vertex number', 'time', 'time axis boundaries', 'h point nominal longitude', 'h point nominal latitude', 'Sea surface height above geoid']","['', '', '', 'ocean_mixed_layer_thickness_defined_by_sigma_t', '', '', '', '', '', 'sea_surface_height_above_geoid']","['', '', '', 'area:mean yh:mean xh:mean time: mean', '', '', '', '', '', 'area:mean yh:mean xh:mean time: mean']","['days', 'days since 1991-01-01 00:00:00', 'days since 1991-01-01 00:00:00', 'm', '', 'days since 1991-01-01 00:00:00', 'days', 'degrees_east', 'degrees_north', 'm']",ocean
20010501.ocean_daily_2001_129.nc,/g/data/ik11/outputs/mom6-panan/panan-01-zstar-2001rerun/output003/20010501.ocean_daily_2001_129.nc,ocean.1day.nv:2.xh:3600.yh:845,1day,"2001-05-09, 00:00:00","2001-05-10, 00:00:00","['average_DT', 'average_T1', 'average_T2', 'mlotst', 'nv', 'time', 'time_bnds', 'xh', 'yh', 'zos']","['Length of average period', 'Start time for average period', 'End time for average period', 'Ocean Mixed Layer Thickness Defined by Sigma T', 'vertex number', 'time', 'time axis boundaries', 'h point nominal longitude', 'h point nominal latitude', 'Sea surface height above geoid']","['', '', '', 'ocean_mixed_layer_thickness_defined_by_sigma_t', '', '', '', '', '', 'sea_surface_height_above_geoid']","['', '', '', 'area:mean yh:mean xh:mean time: mean', '', '', '', '', '', 'area:mean yh:mean xh:mean time: mean']","['days', 'days since 1991-01-01 00:00:00', 'days since 1991-01-01 00:00:00', 'm', '', 'days since 1991-01-01 00:00:00', 'days', 'degrees_east', 'degrees_north', 'm']",ocean
20010501.ocean_daily_2001_130.nc,/g/data/ik11/outputs/mom6-panan/panan-01-zstar-2001rerun/output003/20010501.ocean_daily_2001_130.nc,ocean.1day.nv:2.xh:3600.yh:845,1day,"2001-05-10, 00:00:00","2001-05-11, 00:00:00","['average_DT', 'average_T1', 'average_T2', 'mlotst', 'nv', 'time', 'time_bnds', 'xh', 'yh', 'zos']","['Length of average period', 'Start time for average period', 'End time for average period', 'Ocean Mixed Layer Thickness Defined by Sigma T', 'vertex number', 'time', 'time axis boundaries', 'h point nominal longitude', 'h point nominal latitude', 'Sea surface height above geoid']","['', '', '', 'ocean_mixed_layer_thickness_defined_by_sigma_t', '', '', '', '', '', 'sea_surface_height_above_geoid']","['', '', '', 'area:mean yh:mean xh:mean time: mean', '', '', '', '', '', 'area:mean yh:mean xh:mean time: mean']","['days', 'days since 1991-01-01 00:00:00', 'days since 1991-01-01 00:00:00', 'm', '', 'days since 1991-01-01 00:00:00', 'days', 'degrees_east', 'degrees_north', 'm']",ocean
20010501.ocean_daily_2001_131.nc,/g/data/ik11/outputs/mom6-panan/panan-01-zstar-2001rerun/output003/20010501.ocean_daily_2001_131.nc,ocean.1day.nv:2.xh:3600.yh:845,1day,"2001-05-11, 00:00:00","2001-05-12, 00:00:00","['average_DT', 'average_T1', 'average_T2', 'mlotst', 'nv', 'time', 'time_bnds', 'xh', 'yh', 'zos']","['Length of average period', 'Start time for average period', 'End time for average period', 'Ocean Mixed Layer Thickness Defined by Sigma T', 'vertex number', 'time', 'time axis boundaries', 'h point nominal longitude', 'h point nominal latitude', 'Sea surface height above geoid']","['', '', '', 'ocean_mixed_layer_thickness_defined_by_sigma_t', '', '', '', '', '', 'sea_surface_height_above_geoid']","['', '', '', 'area:mean yh:mean xh:mean time: mean', '', '', '', '', '', 'area:mean yh:mean xh:mean time: mean']","['days', 'days since 1991-01-01 00:00:00', 'days since 1991-01-01 00:00:00', 'm', '', 'days since 1991-01-01 00:00:00', 'days', 'degrees_east', 'degrees_north', 'm']",ocean
20010501.ocean_daily_2001_132.nc,/g/data/ik11/outputs/mom6-panan/panan-01-zstar-2001rerun/output003/20010501.ocean_daily_2001_132.nc,ocean.1day.nv:2.xh:3600.yh:845,1day,"2001-05-12, 00:00:00","2001-05-13, 00:00:00","['average_DT', 'average_T1', 'average_T2', 'mlotst', 'nv', 'time', 'time_bnds', 'xh', 'yh', 'zos']","['Length of average period', 'Start time for average period', 'End time for average period', 'Ocean Mixed Layer Thickness Defined by Sigma T', 'vertex number', 'time', 'time axis boundaries', 'h point nominal longitude', 'h point nominal latitude', 'Sea surface height above geoid']","['', '', '', 'ocean_mixed_layer_thickness_defined_by_sigma_t', '', '', '', '', '', 'sea_surface_height_above_geoid']","['', '', '', 'area:mean yh:mean xh:mean time: mean', '', '', '', '', '', 'area:mean yh:mean xh:mean time: mean']","['days', 'days since 1991-01-01 00:00:00', 'days since 1991-01-01 00:00:00', 'm', '', 'days since 1991-01-01 00:00:00', 'days', 'degrees_east', 'degrees_north', 'm']",ocean
20010501.ocean_daily_2001_133.nc,/g/data/ik11/outputs/mom6-panan/panan-01-zstar-2001rerun/output003/20010501.ocean_daily_2001_133.nc,ocean.1day.nv:2.xh:3600.yh:845,1day,"2001-05-13, 00:00:00","2001-05-14, 00:00:00","['average_DT', 'average_T1', 'average_T2', 'mlotst', 'nv', 'time', 'time_bnds', 'xh', 'yh', 'zos']","['Length of average period', 'Start time for average period', 'End time for average period', 'Ocean Mixed Layer Thickness Defined by Sigma T', 'vertex number', 'time', 'time axis boundaries', 'h point nominal longitude', 'h point nominal latitude', 'Sea surface height above geoid']","['', '', '', 'ocean_mixed_layer_thickness_defined_by_sigma_t', '', '', '', '', '', 'sea_surface_height_above_geoid']","['', '', '', 'area:mean yh:mean xh:mean time: mean', '', '', '', '', '', 'area:mean yh:mean xh:mean time: mean']","['days', 'days since 1991-01-01 00:00:00', 'days since 1991-01-01 00:00:00', 'm', '', 'days since 1991-01-01 00:00:00', 'days', 'degrees_east', 'degrees_north', 'm']",ocean
20010501.ocean_daily_2001_134.nc,/g/data/ik11/outputs/mom6-panan/panan-01-zstar-2001rerun/output003/20010501.ocean_daily_2001_134.nc,ocean.1day.nv:2.xh:3600.yh:845,1day,"2001-05-14, 00:00:00","2001-05-15, 00:00:00","['average_DT', 'average_T1', 'average_T2', 'mlotst', 'nv', 'time', 'time_bnds', 'xh', 'yh', 'zos']","['Length of average period', 'Start time for average period', 'End time for average period', 'Ocean Mixed Layer Thickness Defined by Sigma T', 'vertex number', 'time', 'time axis boundaries', 'h point nominal longitude', 'h point nominal latitude', 'Sea surface height above geoid']","['', '', '', 'ocean_mixed_layer_thickness_defined_by_sigma_t', '', '', '', '', '', 'sea_surface_height_above_geoid']","['', '', '', 'area:mean yh:mean xh:mean time: mean', '', '', '', '', '', 'area:mean yh:mean xh:mean time: mean']","['days', 'days since 1991-01-01 00:00:00', 'days since 1991-01-01 00:00:00', 'm', '', 'days since 1991-01-01 00:00:00', 'days', 'degrees_east', 'degrees_north', 'm']",ocean
20010501.ocean_daily_2001_135.nc,/g/data/ik11/outputs/mom6-panan/panan-01-zstar-2001rerun/output003/20010501.ocean_daily_2001_135.nc,ocean.1day.nv:2.xh:3600.yh:845,1day,"2001-05-15, 00:00:00","2001-05-16, 00:00:00","['average_DT', 'average_T1', 'average_T2', 'mlotst', 'nv', 'time', 'time_bnds', 'xh', 'yh', 'zos']","['Length of average period', 'Start time for average period', 'End time for average period', 'Ocean Mixed Layer Thickness Defined by Sigma T', 'vertex number', 'time', 'time axis boundaries', 'h point nominal longitude', 'h point nominal latitude', 'Sea surface height above geoid']","['', '', '', 'ocean_mixed_layer_thickness_defined_by_sigma_t', '', '', '', '', '', 'sea_surface_height_above_geoid']","['', '', '', 'area:mean yh:mean xh:mean time: mean', '', '', '', '', '', 'area:mean yh:mean xh:mean time: mean']","['days', 'days since 1991-01-01 00:00:00', 'days since 1991-01-01 00:00:00', 'm', '', 'days since 1991-01-01 00:00:00', 'days', 'degrees_east', 'degrees_north', 'm']",ocean
20010501.ocean_daily_2001_136.nc,/g/data/ik11/outputs/mom6-panan/panan-01-zstar-2001rerun/output003/20010501.ocean_daily_2001_136.nc,ocean.1day.nv:2.xh:3600.yh:845,1day,"2001-05-16, 00:00:00","2001-05-17, 00:00:00","['average_DT', 'average_T1', 'average_T2', 'mlotst', 'nv', 'time', 'time_bnds', 'xh', 'yh', 'zos']","['Length of average period', 'Start time for average period', 'End time for average period', 'Ocean Mixed Layer Thickness Defined by Sigma T', 'vertex number', 'time', 'time axis boundaries', 'h point nominal longitude', 'h point nominal latitude', 'Sea surface height above geoid']","['', '', '', 'ocean_mixed_layer_thickness_defined_by_sigma_t', '', '', '', '', '', 'sea_surface_height_above_geoid']","['', '', '', 'area:mean yh:mean xh:mean time: mean', '', '', '', '', '', 'area:mean yh:mean xh:mean time: mean']","['days', 'days since 1991-01-01 00:00:00', 'days since 1991-01-01 00:00:00', 'm', '', 'days since 1991-01-01 00:00:00', 'days', 'degrees_east', 'degrees_north', 'm']",ocean
20010501.ocean_daily_2001_137.nc,/g/data/ik11/outputs/mom6-panan/panan-01-zstar-2001rerun/output003/20010501.ocean_daily_2001_137.nc,ocean.1day.nv:2.xh:3600.yh:845,1day,"2001-05-17, 00:00:00","2001-05-18, 00:00:00","['average_DT', 'average_T1', 'average_T2', 'mlotst', 'nv', 'time', 'time_bnds', 'xh', 'yh', 'zos']","['Length of average period', 'Start time for average period', 'End time for average period', 'Ocean Mixed Layer Thickness Defined by Sigma T', 'vertex number', 'time', 'time axis boundaries', 'h point nominal longitude', 'h point nominal latitude', 'Sea surface height above geoid']","['', '', '', 'ocean_mixed_layer_thickness_defined_by_sigma_t', '', '', '', '', '', 'sea_surface_height_above_geoid']","['', '', '', 'area:mean yh:mean xh:mean time: mean', '', '', '', '', '', 'area:mean yh:mean xh:mean time: mean']","['days', 'days since 1991-01-01 00:00:00', 'days since 1991-01-01 00:00:00', 'm', '', 'days since 1991-01-01 00:00:00', 'days', 'degrees_east', 'degrees_north', 'm']",ocean
20010501.ocean_daily_2001_138.nc,/g/data/ik11/outputs/mom6-panan/panan-01-zstar-2001rerun/output003/20010501.ocean_daily_2001_138.nc,ocean.1day.nv:2.xh:3600.yh:845,1day,"2001-05-18, 00:00:00","2001-05-19, 00:00:00","['average_DT', 'average_T1', 'average_T2', 'mlotst', 'nv', 'time', 'time_bnds', 'xh', 'yh', 'zos']","['Length of average period', 'Start time for average period', 'End time for average period', 'Ocean Mixed Layer Thickness Defined by Sigma T', 'vertex number', 'time', 'time axis boundaries', 'h point nominal longitude', 'h point nominal latitude', 'Sea surface height above geoid']","['', '', '', 'ocean_mixed_layer_thickness_defined_by_sigma_t', '', '', '', '', '', 'sea_surface_height_above_geoid']","['', '', '', 'area:mean yh:mean xh:mean time: mean', '', '', '', '', '', 'area:mean yh:mean xh:mean time: mean']","['days', 'days since 1991-01-01 00:00:00', 'days since 1991-01-01 00:00:00', 'm', '', 'days since 1991-01-01 00:00:00', 'days', 'degrees_east', 'degrees_north', 'm']",ocean
20010501.ocean_daily_2001_139.nc,/g/data/ik11/outputs/mom6-panan/panan-01-zstar-2001rerun/output003/20010501.ocean_daily_2001_139.nc,ocean.1day.nv:2.xh:3600.yh:845,1day,"2001-05-19, 00:00:00","2001-05-20, 00:00:00","['average_DT', 'average_T1', 'average_T2', 'mlotst', 'nv', 'time', 'time_bnds', 'xh', 'yh', 'zos']","['Length of average period', 'Start time for average period', 'End time for average period', 'Ocean Mixed Layer Thickness Defined by Sigma T', 'vertex number', 'time', 'time axis boundaries', 'h point nominal longitude', 'h point nominal latitude', 'Sea surface height above geoid']","['', '', '', 'ocean_mixed_layer_thickness_defined_by_sigma_t', '', '', '', '', '', 'sea_surface_height_above_geoid']","['', '', '', 'area:mean yh:mean xh:mean time: mean', '', '', '', '', '', 'area:mean yh:mean xh:mean time: mean']","['days', 'days since 1991-01-01 00:00:00', 'days since 1991-01-01 00:00:00', 'm', '', 'days since 1991-01-01 00:00:00', 'days', 'degrees_east', 'degrees_north', 'm']",ocean
20010501.ocean_daily_2001_140.nc,/g/data/ik11/outputs/mom6-panan/panan-01-zstar-2001rerun/output003/20010501.ocean_daily_2001_140.nc,ocean.1day.nv:2.xh:3600.yh:845,1day,"2001-05-20, 00:00:00","2001-05-21, 00:00:00","['average_DT', 'average_T1', 'average_T2', 'mlotst', 'nv', 'time', 'time_bnds', 'xh', 'yh', 'zos']","['Length of average period', 'Start time for average period', 'End time for average period', 'Ocean Mixed Layer Thickness Defined by Sigma T', 'vertex number', 'time', 'time axis boundaries', 'h point nominal longitude', 'h point nominal latitude', 'Sea surface height above geoid']","['', '', '', 'ocean_mixed_layer_thickness_defined_by_sigma_t', '', '', '', '', '', 'sea_surface_height_above_geoid']","['', '', '', 'area:mean yh:mean xh:mean time: mean', '', '', '', '', '', 'area:mean yh:mean xh:mean time: mean']","['days', 'days since 1991-01-01 00:00:00', 'days since 1991-01-01 00:00:00', 'm', '', 'days since 1991-01-01 00:00:00', 'days', 'degrees_east', 'degrees_north', 'm']",ocean
20010501.ocean_daily_2001_141.nc,/g/data/ik11/outputs/mom6-panan/panan-01-zstar-2001rerun/output003/20010501.ocean_daily_2001_141.nc,ocean.1day.nv:2.xh:3600.yh:845,1day,"2001-05-21, 00:00:00","2001-05-22, 00:00:00","['average_DT', 'average_T1', 'average_T2', 'mlotst', 'nv', 'time', 'time_bnds', 'xh', 'yh', 'zos']","['Length of average period', 'Start time for average period', 'End time for average period', 'Ocean Mixed Layer Thickness Defined by Sigma T', 'vertex number', 'time', 'time axis boundaries', 'h point nominal longitude', 'h point nominal latitude', 'Sea surface height above geoid']","['', '', '', 'ocean_mixed_layer_thickness_defined_by_sigma_t', '', '', '', '', '', 'sea_surface_height_above_geoid']","['', '', '', 'area:mean yh:mean xh:mean time: mean', '', '', '', '', '', 'area:mean yh:mean xh:mean time: mean']","['days', 'days since 1991-01-01 00:00:00', 'days since 1991-01-01 00:00:00', 'm', '', 'days since 1991-01-01 00:00:00', 'days', 'degrees_east', 'degrees_north', 'm']",ocean
20010501.ocean_daily_2001_142.nc,/g/data/ik11/outputs/mom6-panan/panan-01-zstar-2001rerun/output003/20010501.ocean_daily_2001_142.nc,ocean.1day.nv:2.xh:3600.yh:845,1day,"2001-05-22, 00:00:00","2001-05-23, 00:00:00","['average_DT', 'average_T1', 'average_T2', 'mlotst', 'nv', 'time', 'time_bnds', 'xh', 'yh', 'zos']","['Length of average period', 'Start time for average period', 'End time for average period', 'Ocean Mixed Layer Thickness Defined by Sigma T', 'vertex number', 'time', 'time axis boundaries', 'h point nominal longitude', 'h point nominal latitude', 'Sea surface height above geoid']","['', '', '', 'ocean_mixed_layer_thickness_defined_by_sigma_t', '', '', '', '', '', 'sea_surface_height_above_geoid']","['', '', '', 'area:mean yh:mean xh:mean time: mean', '', '', '', '', '', 'area:mean yh:mean xh:mean time: mean']","['days', 'days since 1991-01-01 00:00:00', 'days since 1991-01-01 00:00:00', 'm', '', 'days since 1991-01-01 00:00:00', 'days', 'degrees_east', 'degrees_north', 'm']",ocean
20010501.ocean_daily_2001_143.nc,/g/data/ik11/outputs/mom6-panan/panan-01-zstar-2001rerun/output003/20010501.ocean_daily_2001_143.nc,ocean.1day.nv:2.xh:3600.yh:845,1day,"2001-05-23, 00:00:00","2001-05-24, 00:00:00","['average_DT', 'average_T1', 'average_T2', 'mlotst', 'nv', 'time', 'time_bnds', 'xh', 'yh', 'zos']","['Length of average period', 'Start time for average period', 'End time for average period', 'Ocean Mixed Layer Thickness Defined by Sigma T', 'vertex number', 'time', 'time axis boundaries', 'h point nominal longitude', 'h point nominal latitude', 'Sea surface height above geoid']","['', '', '', 'ocean_mixed_layer_thickness_defined_by_sigma_t', '', '', '', '', '', 'sea_surface_height_above_geoid']","['', '', '', 'area:mean yh:mean xh:mean time: mean', '', '', '', '', '', 'area:mean yh:mean xh:mean time: mean']","['days', 'days since 1991-01-01 00:00:00', 'days since 1991-01-01 00:00:00', 'm', '', 'days since 1991-01-01 00:00:00', 'days', 'degrees_east', 'degrees_north', 'm']",ocean
20010501.ocean_daily_2001_144.nc,/g/data/ik11/outputs/mom6-panan/panan-01-zstar-2001rerun/output003/20010501.ocean_daily_2001_144.nc,ocean.1day.nv:2.xh:3600.yh:845,1day,"2001-05-24, 00:00:00","2001-05-25, 00:00:00","['average_DT', 'average_T1', 'average_T2', 'mlotst', 'nv', 'time', 'time_bnds', 'xh', 'yh', 'zos']","['Length of average period', 'Start time for average period', 'End time for average period', 'Ocean Mixed Layer Thickness Defined by Sigma T', 'vertex number', 'time', 'time axis boundaries', 'h point nominal longitude', 'h point nominal latitude', 'Sea surface height above geoid']","['', '', '', 'ocean_mixed_layer_thickness_defined_by_sigma_t', '', '', '', '', '', 'sea_surface_height_above_geoid']","['', '', '', 'area:mean yh:mean xh:mean time: mean', '', '', '', '', '', 'area:mean yh:mean xh:mean time: mean']","['days', 'days since 1991-01-01 00:00:00', 'days since 1991-01-01 00:00:00', 'm', '', 'days since 1991-01-01 00:00:00', 'days', 'degrees_east', 'degrees_north', 'm']",ocean
20010501.ocean_daily_2001_145.nc,/g/data/ik11/outputs/mom6-panan/panan-01-zstar-2001rerun/output003/20010501.ocean_daily_2001_145.nc,ocean.1day.nv:2.xh:3600.yh:845,1day,"2001-05-25, 00:00:00","2001-05-26, 00:00:00","['average_DT', 'average_T1', 'average_T2', 'mlotst', 'nv', 'time', 'time_bnds', 'xh', 'yh', 'zos']","['Length of average period', 'Start time for average period', 'End time for average period', 'Ocean Mixed Layer Thickness Defined by Sigma T', 'vertex number', 'time', 'time axis boundaries', 'h point nominal longitude', 'h point nominal latitude', 'Sea surface height above geoid']","['', '', '', 'ocean_mixed_layer_thickness_defined_by_sigma_t', '', '', '', '', '', 'sea_surface_height_above_geoid']","['', '', '', 'area:mean yh:mean xh:mean time: mean', '', '', '', '', '', 'area:mean yh:mean xh:mean time: mean']","['days', 'days since 1991-01-01 00:00:00', 'days since 1991-01-01 00:00:00', 'm', '', 'days since 1991-01-01 00:00:00', 'days', 'degrees_east', 'degrees_north', 'm']",ocean
20010501.ocean_daily_2001_146.nc,/g/data/ik11/outputs/mom6-panan/panan-01-zstar-2001rerun/output003/20010501.ocean_daily_2001_146.nc,ocean.1day.nv:2.xh:3600.yh:845,1day,"2001-05-26, 00:00:00","2001-05-27, 00:00:00","['average_DT', 'average_T1', 'average_T2', 'mlotst', 'nv', 'time', 'time_bnds', 'xh', 'yh', 'zos']","['Length of average period', 'Start time for average period', 'End time for average period', 'Ocean Mixed Layer Thickness Defined by Sigma T', 'vertex number', 'time', 'time axis boundaries', 'h point nominal longitude', 'h point nominal latitude', 'Sea surface height above geoid']","['', '', '', 'ocean_mixed_layer_thickness_defined_by_sigma_t', '', '', '', '', '', 'sea_surface_height_above_geoid']","['', '', '', 'area:mean yh:mean xh:mean time: mean', '', '', '', '', '', 'area:mean yh:mean xh:mean time: mean']","['days', 'days since 1991-01-01 00:00:00', 'days since 1991-01-01 00:00:00', 'm', '', 'days since 1991-01-01 00:00:00', 'days', 'degrees_east', 'degrees_north', 'm']",ocean
20010501.ocean_daily_2001_147.nc,/g/data/ik11/outputs/mom6-panan/panan-01-zstar-2001rerun/output003/20010501.ocean_daily_2001_147.nc,ocean.1day.nv:2.xh:3600.yh:845,1day,"2001-05-27, 00:00:00","2001-05-28, 00:00:00","['average_DT', 'average_T1', 'average_T2', 'mlotst', 'nv', 'time', 'time_bnds', 'xh', 'yh', 'zos']","['Length of average period', 'Start time for average period', 'End time for average period', 'Ocean Mixed Layer Thickness Defined by Sigma T', 'vertex number', 'time', 'time axis boundaries', 'h point nominal longitude', 'h point nominal latitude', 'Sea surface height above geoid']","['', '', '', 'ocean_mixed_layer_thickness_defined_by_sigma_t', '', '', '', '', '', 'sea_surface_height_above_geoid']","['', '', '', 'area:mean yh:mean xh:mean time: mean', '', '', '', '', '', 'area:mean yh:mean xh:mean time: mean']","['days', 'days since 1991-01-01 00:00:00', 'days since 1991-01-01 00:00:00', 'm', '', 'days since 1991-01-01 00:00:00', 'days', 'degrees_east', 'degrees_north', 'm']",ocean
20010501.ocean_daily_2001_148.nc,/g/data/ik11/outputs/mom6-panan/panan-01-zstar-2001rerun/output003/20010501.ocean_daily_2001_148.nc,ocean.1day.nv:2.xh:3600.yh:845,1day,"2001-05-28, 00:00:00","2001-05-29, 00:00:00","['average_DT', 'average_T1', 'average_T2', 'mlotst', 'nv', 'time', 'time_bnds', 'xh', 'yh', 'zos']","['Length of average period', 'Start time for average period', 'End time for average period', 'Ocean Mixed Layer Thickness Defined by Sigma T', 'vertex number', 'time', 'time axis boundaries', 'h point nominal longitude', 'h point nominal latitude', 'Sea surface height above geoid']","['', '', '', 'ocean_mixed_layer_thickness_defined_by_sigma_t', '', '', '', '', '', 'sea_surface_height_above_geoid']","['', '', '', 'area:mean yh:mean xh:mean time: mean', '', '', '', '', '', 'area:mean yh:mean xh:mean time: mean']","['days', 'days since 1991-01-01 00:00:00', 'days since 1991-01-01 00:00:00', 'm', '', 'days since 1991-01-01 00:00:00', 'days', 'degrees_east', 'degrees_north', 'm']",ocean
20010501.ocean_daily_2001_149.nc,/g/data/ik11/outputs/mom6-panan/panan-01-zstar-2001rerun/output003/20010501.ocean_daily_2001_149.nc,ocean.1day.nv:2.xh:3600.yh:845,1day,"2001-05-29, 00:00:00","2001-05-30, 00:00:00","['average_DT', 'average_T1', 'average_T2', 'mlotst', 'nv', 'time', 'time_bnds', 'xh', 'yh', 'zos']","['Length of average period', 'Start time for average period', 'End time for average period', 'Ocean Mixed Layer Thickness Defined by Sigma T', 'vertex number', 'time', 'time axis boundaries', 'h point nominal longitude', 'h point nominal latitude', 'Sea surface height above geoid']","['', '', '', 'ocean_mixed_layer_thickness_defined_by_sigma_t', '', '', '', '', '', 'sea_surface_height_above_geoid']","['', '', '', 'area:mean yh:mean xh:mean time: mean', '', '', '', '', '', 'area:mean yh:mean xh:mean time: mean']","['days', 'days since 1991-01-01 00:00:00', 'days since 1991-01-01 00:00:00', 'm', '', 'days since 1991-01-01 00:00:00', 'days', 'degrees_east', 'degrees_north', 'm']",ocean
20010501.ocean_daily_2001_150.nc,/g/data/ik11/outputs/mom6-panan/panan-01-zstar-2001rerun/output003/20010501.ocean_daily_2001_150.nc,ocean.1day.nv:2.xh:3600.yh:845,1day,"2001-05-30, 00:00:00","2001-05-31, 00:00:00","['average_DT', 'average_T1', 'average_T2', 'mlotst', 'nv', 'time', 'time_bnds', 'xh', 'yh', 'zos']","['Length of average period', 'Start time for average period', 'End time for average period', 'Ocean Mixed Layer Thickness Defined by Sigma T', 'vertex number', 'time', 'time axis boundaries', 'h point nominal longitude', 'h point nominal latitude', 'Sea surface height above geoid']","['', '', '', 'ocean_mixed_layer_thickness_defined_by_sigma_t', '', '', '', '', '', 'sea_surface_height_above_geoid']","['', '', '', 'area:mean yh:mean xh:mean time: mean', '', '', '', '', '', 'area:mean yh:mean xh:mean time: mean']","['days', 'days since 1991-01-01 00:00:00', 'days since 1991-01-01 00:00:00', 'm', '', 'days since 1991-01-01 00:00:00', 'days', 'degrees_east', 'degrees_north', 'm']",ocean
20010501.ocean_daily_2001_151.nc,/g/data/ik11/outputs/mom6-panan/panan-01-zstar-2001rerun/output003/20010501.ocean_daily_2001_151.nc,ocean.1day.nv:2.xh:3600.yh:845,1day,"2001-05-31, 00:00:00","2001-06-01, 00:00:00","['average_DT', 'average_T1', 'average_T2', 'mlotst', 'nv', 'time', 'time_bnds', 'xh', 'yh', 'zos']","['Length of average period', 'Start time for average period', 'End time for average period', 'Ocean Mixed Layer Thickness Defined by Sigma T', 'vertex number', 'time', 'time axis boundaries', 'h point nominal longitude', 'h point nominal latitude', 'Sea surface height above geoid']","['', '', '', 'ocean_mixed_layer_thickness_defined_by_sigma_t', '', '', '', '', '', 'sea_surface_height_above_geoid']","['', '', '', 'area:mean yh:mean xh:mean time: mean', '', '', '', '', '', 'area:mean yh:mean xh:mean time: mean']","['days', 'days since 1991-01-01 00:00:00', 'days since 1991-01-01 00:00:00', 'm', '', 'days since 1991-01-01 00:00:00', 'days', 'degrees_east', 'degrees_north', 'm']",ocean
20010501.ocean_daily_2001_152.nc,/g/data/ik11/outputs/mom6-panan/panan-01-zstar-2001rerun/output003/20010501.ocean_daily_2001_152.nc,ocean.1day.nv:2.xh:3600.yh:845,1day,"2001-06-01, 00:00:00","2001-06-02, 00:00:00","['average_DT', 'average_T1', 'average_T2', 'mlotst', 'nv', 'time', 'time_bnds', 'xh', 'yh', 'zos']","['Length of average period', 'Start time for average period', 'End time for average period', 'Ocean Mixed Layer Thickness Defined by Sigma T', 'vertex number', 'time', 'time axis boundaries', 'h point nominal longitude', 'h point nominal latitude', 'Sea surface height above geoid']","['', '', '', 'ocean_mixed_layer_thickness_defined_by_sigma_t', '', '', '', '', '', 'sea_surface_height_above_geoid']","['', '', '', 'area:mean yh:mean xh:mean time: mean', '', '', '', '', '', 'area:mean yh:mean xh:mean time: mean']","['days', 'days since 1991-01-01 00:00:00', 'days since 1991-01-01 00:00:00', 'm', '', 'days since 1991-01-01 00:00:00', 'days', 'degrees_east', 'degrees_north', 'm']",ocean
20010501.ocean_daily_2001_153.nc,/g/data/ik11/outputs/mom6-panan/panan-01-zstar-2001rerun/output003/20010501.ocean_daily_2001_153.nc,ocean.1day.nv:2.xh:3600.yh:845,1day,"2001-06-02, 00:00:00","2001-06-03, 00:00:00","['average_DT', 'average_T1', 'average_T2', 'mlotst', 'nv', 'time', 'time_bnds', 'xh', 'yh', 'zos']","['Length of average period', 'Start time for average period', 'End time for average period', 'Ocean Mixed Layer Thickness Defined by Sigma T', 'vertex number', 'time', 'time axis boundaries', 'h point nominal longitude', 'h point nominal latitude', 'Sea surface height above geoid']","['', '', '', 'ocean_mixed_layer_thickness_defined_by_sigma_t', '', '', '', '', '', 'sea_surface_height_above_geoid']","['', '', '', 'area:mean yh:mean xh:mean time: mean', '', '', '', '', '', 'area:mean yh:mean xh:mean time: mean']","['days', 'days since 1991-01-01 00:00:00', 'days since 1991-01-01 00:00:00', 'm', '', 'days since 1991-01-01 00:00:00', 'days', 'degrees_east', 'degrees_north', 'm']",ocean
20010501.ocean_daily_2001_154.nc,/g/data/ik11/outputs/mom6-panan/panan-01-zstar-2001rerun/output003/20010501.ocean_daily_2001_154.nc,ocean.1day.nv:2.xh:3600.yh:845,1day,"2001-06-03, 00:00:00","2001-06-04, 00:00:00","['average_DT', 'average_T1', 'average_T2', 'mlotst', 'nv', 'time', 'time_bnds', 'xh', 'yh', 'zos']","['Length of average period', 'Start time for average period', 'End time for average period', 'Ocean Mixed Layer Thickness Defined by Sigma T', 'vertex number', 'time', 'time axis boundaries', 'h point nominal longitude', 'h point nominal latitude', 'Sea surface height above geoid']","['', '', '', 'ocean_mixed_layer_thickness_defined_by_sigma_t', '', '', '', '', '', 'sea_surface_height_above_geoid']","['', '', '', 'area:mean yh:mean xh:mean time: mean', '', '', '', '', '', 'area:mean yh:mean xh:mean time: mean']","['days', 'days since 1991-01-01 00:00:00', 'days since 1991-01-01 00:00:00', 'm', '', 'days since 1991-01-01 00:00:00', 'days', 'degrees_east', 'degrees_north', 'm']",ocean
20010501.ocean_daily_2001_155.nc,/g/data/ik11/outputs/mom6-panan/panan-01-zstar-2001rerun/output003/20010501.ocean_daily_2001_155.nc,ocean.1day.nv:2.xh:3600.yh:845,1day,"2001-06-04, 00:00:00","2001-06-05, 00:00:00","['average_DT', 'average_T1', 'average_T2', 'mlotst', 'nv', 'time', 'time_bnds', 'xh', 'yh', 'zos']","['Length of average period', 'Start time for average period', 'End time for average period', 'Ocean Mixed Layer Thickness Defined by Sigma T', 'vertex number', 'time', 'time axis boundaries', 'h point nominal longitude', 'h point nominal latitude', 'Sea surface height above geoid']","['', '', '', 'ocean_mixed_layer_thickness_defined_by_sigma_t', '', '', '', '', '', 'sea_surface_height_above_geoid']","['', '', '', 'area:mean yh:mean xh:mean time: mean', '', '', '', '', '', 'area:mean yh:mean xh:mean time: mean']","['days', 'days since 1991-01-01 00:00:00', 'days since 1991-01-01 00:00:00', 'm', '', 'days since 1991-01-01 00:00:00', 'days', 'degrees_east', 'degrees_north', 'm']",ocean
20010501.ocean_daily_2001_156.nc,/g/data/ik11/outputs/mom6-panan/panan-01-zstar-2001rerun/output003/20010501.ocean_daily_2001_156.nc,ocean.1day.nv:2.xh:3600.yh:845,1day,"2001-06-05, 00:00:00","2001-06-06, 00:00:00","['average_DT', 'average_T1', 'average_T2', 'mlotst', 'nv', 'time', 'time_bnds', 'xh', 'yh', 'zos']","['Length of average period', 'Start time for average period', 'End time for average period', 'Ocean Mixed Layer Thickness Defined by Sigma T', 'vertex number', 'time', 'time axis boundaries', 'h point nominal longitude', 'h point nominal latitude', 'Sea surface height above geoid']","['', '', '', 'ocean_mixed_layer_thickness_defined_by_sigma_t', '', '', '', '', '', 'sea_surface_height_above_geoid']","['', '', '', 'area:mean yh:mean xh:mean time: mean', '', '', '', '', '', 'area:mean yh:mean xh:mean time: mean']","['days', 'days since 1991-01-01 00:00:00', 'days since 1991-01-01 00:00:00', 'm', '', 'days since 1991-01-01 00:00:00', 'days', 'degrees_east', 'degrees_north', 'm']",ocean
20010501.ocean_daily_2001_157.nc,/g/data/ik11/outputs/mom6-panan/panan-01-zstar-2001rerun/output003/20010501.ocean_daily_2001_157.nc,ocean.1day.nv:2.xh:3600.yh:845,1day,"2001-06-06, 00:00:00","2001-06-07, 00:00:00","['average_DT', 'average_T1', 'average_T2', 'mlotst', 'nv', 'time', 'time_bnds', 'xh', 'yh', 'zos']","['Length of average period', 'Start time for average period', 'End time for average period', 'Ocean Mixed Layer Thickness Defined by Sigma T', 'vertex number', 'time', 'time axis boundaries', 'h point nominal longitude', 'h point nominal latitude', 'Sea surface height above geoid']","['', '', '', 'ocean_mixed_layer_thickness_defined_by_sigma_t', '', '', '', '', '', 'sea_surface_height_above_geoid']","['', '', '', 'area:mean yh:mean xh:mean time: mean', '', '', '', '', '', 'area:mean yh:mean xh:mean time: mean']","['days', 'days since 1991-01-01 00:00:00', 'days since 1991-01-01 00:00:00', 'm', '', 'days since 1991-01-01 00:00:00', 'days', 'degrees_east', 'degrees_north', 'm']",ocean
20010501.ocean_daily_2001_158.nc,/g/data/ik11/outputs/mom6-panan/panan-01-zstar-2001rerun/output003/20010501.ocean_daily_2001_158.nc,ocean.1day.nv:2.xh:3600.yh:845,1day,"2001-06-07, 00:00:00","2001-06-08, 00:00:00","['average_DT', 'average_T1', 'average_T2', 'mlotst', 'nv', 'time', 'time_bnds', 'xh', 'yh', 'zos']","['Length of average period', 'Start time for average period', 'End time for average period', 'Ocean Mixed Layer Thickness Defined by Sigma T', 'vertex number', 'time', 'time axis boundaries', 'h point nominal longitude', 'h point nominal latitude', 'Sea surface height above geoid']","['', '', '', 'ocean_mixed_layer_thickness_defined_by_sigma_t', '', '', '', '', '', 'sea_surface_height_above_geoid']","['', '', '', 'area:mean yh:mean xh:mean time: mean', '', '', '', '', '', 'area:mean yh:mean xh:mean time: mean']","['days', 'days since 1991-01-01 00:00:00', 'days since 1991-01-01 00:00:00', 'm', '', 'days since 1991-01-01 00:00:00', 'days', 'degrees_east', 'degrees_north', 'm']",ocean
20010501.ocean_daily_2001_159.nc,/g/data/ik11/outputs/mom6-panan/panan-01-zstar-2001rerun/output003/20010501.ocean_daily_2001_159.nc,ocean.1day.nv:2.xh:3600.yh:845,1day,"2001-06-08, 00:00:00","2001-06-09, 00:00:00","['average_DT', 'average_T1', 'average_T2', 'mlotst', 'nv', 'time', 'time_bnds', 'xh', 'yh', 'zos']","['Length of average period', 'Start time for average period', 'End time for average period', 'Ocean Mixed Layer Thickness Defined by Sigma T', 'vertex number', 'time', 'time axis boundaries', 'h point nominal longitude', 'h point nominal latitude', 'Sea surface height above geoid']","['', '', '', 'ocean_mixed_layer_thickness_defined_by_sigma_t', '', '', '', '', '', 'sea_surface_height_above_geoid']","['', '', '', 'area:mean yh:mean xh:mean time: mean', '', '', '', '', '', 'area:mean yh:mean xh:mean time: mean']","['days', 'days since 1991-01-01 00:00:00', 'days since 1991-01-01 00:00:00', 'm', '', 'days since 1991-01-01 00:00:00', 'days', 'degrees_east', 'degrees_north', 'm']",ocean
20010501.ocean_daily_2001_160.nc,/g/data/ik11/outputs/mom6-panan/panan-01-zstar-2001rerun/output003/20010501.ocean_daily_2001_160.nc,ocean.1day.nv:2.xh:3600.yh:845,1day,"2001-06-09, 00:00:00","2001-06-10, 00:00:00","['average_DT', 'average_T1', 'average_T2', 'mlotst', 'nv', 'time', 'time_bnds', 'xh', 'yh', 'zos']","['Length of average period', 'Start time for average period', 'End time for average period', 'Ocean Mixed Layer Thickness Defined by Sigma T', 'vertex number', 'time', 'time axis boundaries', 'h point nominal longitude', 'h point nominal latitude', 'Sea surface height above geoid']","['', '', '', 'ocean_mixed_layer_thickness_defined_by_sigma_t', '', '', '', '', '', 'sea_surface_height_above_geoid']","['', '', '', 'area:mean yh:mean xh:mean time: mean', '', '', '', '', '', 'area:mean yh:mean xh:mean time: mean']","['days', 'days since 1991-01-01 00:00:00', 'days since 1991-01-01 00:00:00', 'm', '', 'days since 1991-01-01 00:00:00', 'days', 'degrees_east', 'degrees_north', 'm']",ocean
20010501.ocean_daily_2001_161.nc,/g/data/ik11/outputs/mom6-panan/panan-01-zstar-2001rerun/output003/20010501.ocean_daily_2001_161.nc,ocean.1day.nv:2.xh:3600.yh:845,1day,"2001-06-10, 00:00:00","2001-06-11, 00:00:00","['average_DT', 'average_T1', 'average_T2', 'mlotst', 'nv', 'time', 'time_bnds', 'xh', 'yh', 'zos']","['Length of average period', 'Start time for average period', 'End time for average period', 'Ocean Mixed Layer Thickness Defined by Sigma T', 'vertex number', 'time', 'time axis boundaries', 'h point nominal longitude', 'h point nominal latitude', 'Sea surface height above geoid']","['', '', '', 'ocean_mixed_layer_thickness_defined_by_sigma_t', '', '', '', '', '', 'sea_surface_height_above_geoid']","['', '', '', 'area:mean yh:mean xh:mean time: mean', '', '', '', '', '', 'area:mean yh:mean xh:mean time: mean']","['days', 'days since 1991-01-01 00:00:00', 'days since 1991-01-01 00:00:00', 'm', '', 'days since 1991-01-01 00:00:00', 'days', 'degrees_east', 'degrees_north', 'm']",ocean
20010501.ocean_daily_2001_162.nc,/g/data/ik11/outputs/mom6-panan/panan-01-zstar-2001rerun/output003/20010501.ocean_daily_2001_162.nc,ocean.1day.nv:2.xh:3600.yh:845,1day,"2001-06-11, 00:00:00","2001-06-12, 00:00:00","['average_DT', 'average_T1', 'average_T2', 'mlotst', 'nv', 'time', 'time_bnds', 'xh', 'yh', 'zos']","['Length of average period', 'Start time for average period', 'End time for average period', 'Ocean Mixed Layer Thickness Defined by Sigma T', 'vertex number', 'time', 'time axis boundaries', 'h point nominal longitude', 'h point nominal latitude', 'Sea surface height above geoid']","['', '', '', 'ocean_mixed_layer_thickness_defined_by_sigma_t', '', '', '', '', '', 'sea_surface_height_above_geoid']","['', '', '', 'area:mean yh:mean xh:mean time: mean', '', '', '', '', '', 'area:mean yh:mean xh:mean time: mean']","['days', 'days since 1991-01-01 00:00:00', 'days since 1991-01-01 00:00:00', 'm', '', 'days since 1991-01-01 00:00:00', 'days', 'degrees_east', 'degrees_north', 'm']",ocean
20010501.ocean_daily_2001_163.nc,/g/data/ik11/outputs/mom6-panan/panan-01-zstar-2001rerun/output003/20010501.ocean_daily_2001_163.nc,ocean.1day.nv:2.xh:3600.yh:845,1day,"2001-06-12, 00:00:00","2001-06-13, 00:00:00","['average_DT', 'average_T1', 'average_T2', 'mlotst', 'nv', 'time', 'time_bnds', 'xh', 'yh', 'zos']","['Length of average period', 'Start time for average period', 'End time for average period', 'Ocean Mixed Layer Thickness Defined by Sigma T', 'vertex number', 'time', 'time axis boundaries', 'h point nominal longitude', 'h point nominal latitude', 'Sea surface height above geoid']","['', '', '', 'ocean_mixed_layer_thickness_defined_by_sigma_t', '', '', '', '', '', 'sea_surface_height_above_geoid']","['', '', '', 'area:mean yh:mean xh:mean time: mean', '', '', '', '', '', 'area:mean yh:mean xh:mean time: mean']","['days', 'days since 1991-01-01 00:00:00', 'days since 1991-01-01 00:00:00', 'm', '', 'days since 1991-01-01 00:00:00', 'days', 'degrees_east', 'degrees_north', 'm']",ocean
20010501.ocean_daily_2001_164.nc,/g/data/ik11/outputs/mom6-panan/panan-01-zstar-2001rerun/output003/20010501.ocean_daily_2001_164.nc,ocean.1day.nv:2.xh:3600.yh:845,1day,"2001-06-13, 00:00:00","2001-06-14, 00:00:00","['average_DT', 'average_T1', 'average_T2', 'mlotst', 'nv', 'time', 'time_bnds', 'xh', 'yh', 'zos']","['Length of average period', 'Start time for average period', 'End time for average period', 'Ocean Mixed Layer Thickness Defined by Sigma T', 'vertex number', 'time', 'time axis boundaries', 'h point nominal longitude', 'h point nominal latitude', 'Sea surface height above geoid']","['', '', '', 'ocean_mixed_layer_thickness_defined_by_sigma_t', '', '', '', '', '', 'sea_surface_height_above_geoid']","['', '', '', 'area:mean yh:mean xh:mean time: mean', '', '', '', '', '', 'area:mean yh:mean xh:mean time: mean']","['days', 'days since 1991-01-01 00:00:00', 'days since 1991-01-01 00:00:00', 'm', '', 'days since 1991-01-01 00:00:00', 'days', 'degrees_east', 'degrees_north', 'm']",ocean
20010501.ocean_daily_2001_165.nc,/g/data/ik11/outputs/mom6-panan/panan-01-zstar-2001rerun/output003/20010501.ocean_daily_2001_165.nc,ocean.1day.nv:2.xh:3600.yh:845,1day,"2001-06-14, 00:00:00","2001-06-15, 00:00:00","['average_DT', 'average_T1', 'average_T2', 'mlotst', 'nv', 'time', 'time_bnds', 'xh', 'yh', 'zos']","['Length of average period', 'Start time for average period', 'End time for average period', 'Ocean Mixed Layer Thickness Defined by Sigma T', 'vertex number', 'time', 'time axis boundaries', 'h point nominal longitude', 'h point nominal latitude', 'Sea surface height above geoid']","['', '', '', 'ocean_mixed_layer_thickness_defined_by_sigma_t', '', '', '', '', '', 'sea_surface_height_above_geoid']","['', '', '', 'area:mean yh:mean xh:mean time: mean', '', '', '', '', '', 'area:mean yh:mean xh:mean time: mean']","['days', 'days since 1991-01-01 00:00:00', 'days since 1991-01-01 00:00:00', 'm', '', 'days since 1991-01-01 00:00:00', 'days', 'degrees_east', 'degrees_north', 'm']",ocean
20010501.ocean_daily_2001_166.nc,/g/data/ik11/outputs/mom6-panan/panan-01-zstar-2001rerun/output003/20010501.ocean_daily_2001_166.nc,ocean.1day.nv:2.xh:3600.yh:845,1day,"2001-06-15, 00:00:00","2001-06-16, 00:00:00","['average_DT', 'average_T1', 'average_T2', 'mlotst', 'nv', 'time', 'time_bnds', 'xh', 'yh', 'zos']","['Length of average period', 'Start time for average period', 'End time for average period', 'Ocean Mixed Layer Thickness Defined by Sigma T', 'vertex number', 'time', 'time axis boundaries', 'h point nominal longitude', 'h point nominal latitude', 'Sea surface height above geoid']","['', '', '', 'ocean_mixed_layer_thickness_defined_by_sigma_t', '', '', '', '', '', 'sea_surface_height_above_geoid']","['', '', '', 'area:mean yh:mean xh:mean time: mean', '', '', '', '', '', 'area:mean yh:mean xh:mean time: mean']","['days', 'days since 1991-01-01 00:00:00', 'days since 1991-01-01 00:00:00', 'm', '', 'days since 1991-01-01 00:00:00', 'days', 'degrees_east', 'degrees_north', 'm']",ocean
20010501.ocean_daily_2001_167.nc,/g/data/ik11/outputs/mom6-panan/panan-01-zstar-2001rerun/output003/20010501.ocean_daily_2001_167.nc,ocean.1day.nv:2.xh:3600.yh:845,1day,"2001-06-16, 00:00:00","2001-06-17, 00:00:00","['average_DT', 'average_T1', 'average_T2', 'mlotst', 'nv', 'time', 'time_bnds', 'xh', 'yh', 'zos']","['Length of average period', 'Start time for average period', 'End time for average period', 'Ocean Mixed Layer Thickness Defined by Sigma T', 'vertex number', 'time', 'time axis boundaries', 'h point nominal longitude', 'h point nominal latitude', 'Sea surface height above geoid']","['', '', '', 'ocean_mixed_layer_thickness_defined_by_sigma_t', '', '', '', '', '', 'sea_surface_height_above_geoid']","['', '', '', 'area:mean yh:mean xh:mean time: mean', '', '', '', '', '', 'area:mean yh:mean xh:mean time: mean']","['days', 'days since 1991-01-01 00:00:00', 'days since 1991-01-01 00:00:00', 'm', '', 'days since 1991-01-01 00:00:00', 'days', 'degrees_east', 'degrees_north', 'm']",ocean
20010501.ocean_daily_2001_168.nc,/g/data/ik11/outputs/mom6-panan/panan-01-zstar-2001rerun/output003/20010501.ocean_daily_2001_168.nc,ocean.1day.nv:2.xh:3600.yh:845,1day,"2001-06-17, 00:00:00","2001-06-18, 00:00:00","['average_DT', 'average_T1', 'average_T2', 'mlotst', 'nv', 'time', 'time_bnds', 'xh', 'yh', 'zos']","['Length of average period', 'Start time for average period', 'End time for average period', 'Ocean Mixed Layer Thickness Defined by Sigma T', 'vertex number', 'time', 'time axis boundaries', 'h point nominal longitude', 'h point nominal latitude', 'Sea surface height above geoid']","['', '', '', 'ocean_mixed_layer_thickness_defined_by_sigma_t', '', '', '', '', '', 'sea_surface_height_above_geoid']","['', '', '', 'area:mean yh:mean xh:mean time: mean', '', '', '', '', '', 'area:mean yh:mean xh:mean time: mean']","['days', 'days since 1991-01-01 00:00:00', 'days since 1991-01-01 00:00:00', 'm', '', 'days since 1991-01-01 00:00:00', 'days', 'degrees_east', 'degrees_north', 'm']",ocean
20010501.ocean_daily_2001_169.nc,/g/data/ik11/outputs/mom6-panan/panan-01-zstar-2001rerun/output003/20010501.ocean_daily_2001_169.nc,ocean.1day.nv:2.xh:3600.yh:845,1day,"2001-06-18, 00:00:00","2001-06-19, 00:00:00","['average_DT', 'average_T1', 'average_T2', 'mlotst', 'nv', 'time', 'time_bnds', 'xh', 'yh', 'zos']","['Length of average period', 'Start time for average period', 'End time for average period', 'Ocean Mixed Layer Thickness Defined by Sigma T', 'vertex number', 'time', 'time axis boundaries', 'h point nominal longitude', 'h point nominal latitude', 'Sea surface height above geoid']","['', '', '', 'ocean_mixed_layer_thickness_defined_by_sigma_t', '', '', '', '', '', 'sea_surface_height_above_geoid']","['', '', '', 'area:mean yh:mean xh:mean time: mean', '', '', '', '', '', 'area:mean yh:mean xh:mean time: mean']","['days', 'days since 1991-01-01 00:00:00', 'days since 1991-01-01 00:00:00', 'm', '', 'days since 1991-01-01 00:00:00', 'days', 'degrees_east', 'degrees_north', 'm']",ocean
20010501.ocean_daily_2001_170.nc,/g/data/ik11/outputs/mom6-panan/panan-01-zstar-2001rerun/output003/20010501.ocean_daily_2001_170.nc,ocean.1day.nv:2.xh:3600.yh:845,1day,"2001-06-19, 00:00:00","2001-06-20, 00:00:00","['average_DT', 'average_T1', 'average_T2', 'mlotst', 'nv', 'time', 'time_bnds', 'xh', 'yh', 'zos']","['Length of average period', 'Start time for average period', 'End time for average period', 'Ocean Mixed Layer Thickness Defined by Sigma T', 'vertex number', 'time', 'time axis boundaries', 'h point nominal longitude', 'h point nominal latitude', 'Sea surface height above geoid']","['', '', '', 'ocean_mixed_layer_thickness_defined_by_sigma_t', '', '', '', '', '', 'sea_surface_height_above_geoid']","['', '', '', 'area:mean yh:mean xh:mean time: mean', '', '', '', '', '', 'area:mean yh:mean xh:mean time: mean']","['days', 'days since 1991-01-01 00:00:00', 'days since 1991-01-01 00:00:00', 'm', '', 'days since 1991-01-01 00:00:00', 'days', 'degrees_east', 'degrees_north', 'm']",ocean
20010501.ocean_daily_2001_171.nc,/g/data/ik11/outputs/mom6-panan/panan-01-zstar-2001rerun/output003/20010501.ocean_daily_2001_171.nc,ocean.1day.nv:2.xh:3600.yh:845,1day,"2001-06-20, 00:00:00","2001-06-21, 00:00:00","['average_DT', 'average_T1', 'average_T2', 'mlotst', 'nv', 'time', 'time_bnds', 'xh', 'yh', 'zos']","['Length of average period', 'Start time for average period', 'End time for average period', 'Ocean Mixed Layer Thickness Defined by Sigma T', 'vertex number', 'time', 'time axis boundaries', 'h point nominal longitude', 'h point nominal latitude', 'Sea surface height above geoid']","['', '', '', 'ocean_mixed_layer_thickness_defined_by_sigma_t', '', '', '', '', '', 'sea_surface_height_above_geoid']","['', '', '', 'area:mean yh:mean xh:mean time: mean', '', '', '', '', '', 'area:mean yh:mean xh:mean time: mean']","['days', 'days since 1991-01-01 00:00:00', 'days since 1991-01-01 00:00:00', 'm', '', 'days since 1991-01-01 00:00:00', 'days', 'degrees_east', 'degrees_north', 'm']",ocean
20010501.ocean_daily_2001_172.nc,/g/data/ik11/outputs/mom6-panan/panan-01-zstar-2001rerun/output003/20010501.ocean_daily_2001_172.nc,ocean.1day.nv:2.xh:3600.yh:845,1day,"2001-06-21, 00:00:00","2001-06-22, 00:00:00","['average_DT', 'average_T1', 'average_T2', 'mlotst', 'nv', 'time', 'time_bnds', 'xh', 'yh', 'zos']","['Length of average period', 'Start time for average period', 'End time for average period', 'Ocean Mixed Layer Thickness Defined by Sigma T', 'vertex number', 'time', 'time axis boundaries', 'h point nominal longitude', 'h point nominal latitude', 'Sea surface height above geoid']","['', '', '', 'ocean_mixed_layer_thickness_defined_by_sigma_t', '', '', '', '', '', 'sea_surface_height_above_geoid']","['', '', '', 'area:mean yh:mean xh:mean time: mean', '', '', '', '', '', 'area:mean yh:mean xh:mean time: mean']","['days', 'days since 1991-01-01 00:00:00', 'days since 1991-01-01 00:00:00', 'm', '', 'days since 1991-01-01 00:00:00', 'days', 'degrees_east', 'degrees_north', 'm']",ocean
20010501.ocean_daily_2001_173.nc,/g/data/ik11/outputs/mom6-panan/panan-01-zstar-2001rerun/output003/20010501.ocean_daily_2001_173.nc,ocean.1day.nv:2.xh:3600.yh:845,1day,"2001-06-22, 00:00:00","2001-06-23, 00:00:00","['average_DT', 'average_T1', 'average_T2', 'mlotst', 'nv', 'time', 'time_bnds', 'xh', 'yh', 'zos']","['Length of average period', 'Start time for average period', 'End time for average period', 'Ocean Mixed Layer Thickness Defined by Sigma T', 'vertex number', 'time', 'time axis boundaries', 'h point nominal longitude', 'h point nominal latitude', 'Sea surface height above geoid']","['', '', '', 'ocean_mixed_layer_thickness_defined_by_sigma_t', '', '', '', '', '', 'sea_surface_height_above_geoid']","['', '', '', 'area:mean yh:mean xh:mean time: mean', '', '', '', '', '', 'area:mean yh:mean xh:mean time: mean']","['days', 'days since 1991-01-01 00:00:00', 'days since 1991-01-01 00:00:00', 'm', '', 'days since 1991-01-01 00:00:00', 'days', 'degrees_east', 'degrees_north', 'm']",ocean
20010501.ocean_daily_2001_174.nc,/g/data/ik11/outputs/mom6-panan/panan-01-zstar-2001rerun/output003/20010501.ocean_daily_2001_174.nc,ocean.1day.nv:2.xh:3600.yh:845,1day,"2001-06-23, 00:00:00","2001-06-24, 00:00:00","['average_DT', 'average_T1', 'average_T2', 'mlotst', 'nv', 'time', 'time_bnds', 'xh', 'yh', 'zos']","['Length of average period', 'Start time for average period', 'End time for average period', 'Ocean Mixed Layer Thickness Defined by Sigma T', 'vertex number', 'time', 'time axis boundaries', 'h point nominal longitude', 'h point nominal latitude', 'Sea surface height above geoid']","['', '', '', 'ocean_mixed_layer_thickness_defined_by_sigma_t', '', '', '', '', '', 'sea_surface_height_above_geoid']","['', '', '', 'area:mean yh:mean xh:mean time: mean', '', '', '', '', '', 'area:mean yh:mean xh:mean time: mean']","['days', 'days since 1991-01-01 00:00:00', 'days since 1991-01-01 00:00:00', 'm', '', 'days since 1991-01-01 00:00:00', 'days', 'degrees_east', 'degrees_north', 'm']",ocean
20010501.ocean_daily_2001_175.nc,/g/data/ik11/outputs/mom6-panan/panan-01-zstar-2001rerun/output003/20010501.ocean_daily_2001_175.nc,ocean.1day.nv:2.xh:3600.yh:845,1day,"2001-06-24, 00:00:00","2001-06-25, 00:00:00","['average_DT', 'average_T1', 'average_T2', 'mlotst', 'nv', 'time', 'time_bnds', 'xh', 'yh', 'zos']","['Length of average period', 'Start time for average period', 'End time for average period', 'Ocean Mixed Layer Thickness Defined by Sigma T', 'vertex number', 'time', 'time axis boundaries', 'h point nominal longitude', 'h point nominal latitude', 'Sea surface height above geoid']","['', '', '', 'ocean_mixed_layer_thickness_defined_by_sigma_t', '', '', '', '', '', 'sea_surface_height_above_geoid']","['', '', '', 'area:mean yh:mean xh:mean time: mean', '', '', '', '', '', 'area:mean yh:mean xh:mean time: mean']","['days', 'days since 1991-01-01 00:00:00', 'days since 1991-01-01 00:00:00', 'm', '', 'days since 1991-01-01 00:00:00', 'days', 'degrees_east', 'degrees_north', 'm']",ocean
20010501.ocean_daily_2001_176.nc,/g/data/ik11/outputs/mom6-panan/panan-01-zstar-2001rerun/output003/20010501.ocean_daily_2001_176.nc,ocean.1day.nv:2.xh:3600.yh:845,1day,"2001-06-25, 00:00:00","2001-06-26, 00:00:00","['average_DT', 'average_T1', 'average_T2', 'mlotst', 'nv', 'time', 'time_bnds', 'xh', 'yh', 'zos']","['Length of average period', 'Start time for average period', 'End time for average period', 'Ocean Mixed Layer Thickness Defined by Sigma T', 'vertex number', 'time', 'time axis boundaries', 'h point nominal longitude', 'h point nominal latitude', 'Sea surface height above geoid']","['', '', '', 'ocean_mixed_layer_thickness_defined_by_sigma_t', '', '', '', '', '', 'sea_surface_height_above_geoid']","['', '', '', 'area:mean yh:mean xh:mean time: mean', '', '', '', '', '', 'area:mean yh:mean xh:mean time: mean']","['days', 'days since 1991-01-01 00:00:00', 'days since 1991-01-01 00:00:00', 'm', '', 'days since 1991-01-01 00:00:00', 'days', 'degrees_east', 'degrees_north', 'm']",ocean
20010501.ocean_daily_2001_177.nc,/g/data/ik11/outputs/mom6-panan/panan-01-zstar-2001rerun/output003/20010501.ocean_daily_2001_177.nc,ocean.1day.nv:2.xh:3600.yh:845,1day,"2001-06-26, 00:00:00","2001-06-27, 00:00:00","['average_DT', 'average_T1', 'average_T2', 'mlotst', 'nv', 'time', 'time_bnds', 'xh', 'yh', 'zos']","['Length of average period', 'Start time for average period', 'End time for average period', 'Ocean Mixed Layer Thickness Defined by Sigma T', 'vertex number', 'time', 'time axis boundaries', 'h point nominal longitude', 'h point nominal latitude', 'Sea surface height above geoid']","['', '', '', 'ocean_mixed_layer_thickness_defined_by_sigma_t', '', '', '', '', '', 'sea_surface_height_above_geoid']","['', '', '', 'area:mean yh:mean xh:mean time: mean', '', '', '', '', '', 'area:mean yh:mean xh:mean time: mean']","['days', 'days since 1991-01-01 00:00:00', 'days since 1991-01-01 00:00:00', 'm', '', 'days since 1991-01-01 00:00:00', 'days', 'degrees_east', 'degrees_north', 'm']",ocean
20010501.ocean_daily_2001_178.nc,/g/data/ik11/outputs/mom6-panan/panan-01-zstar-2001rerun/output003/20010501.ocean_daily_2001_178.nc,ocean.1day.nv:2.xh:3600.yh:845,1day,"2001-06-27, 00:00:00","2001-06-28, 00:00:00","['average_DT', 'average_T1', 'average_T2', 'mlotst', 'nv', 'time', 'time_bnds', 'xh', 'yh', 'zos']","['Length of average period', 'Start time for average period', 'End time for average period', 'Ocean Mixed Layer Thickness Defined by Sigma T', 'vertex number', 'time', 'time axis boundaries', 'h point nominal longitude', 'h point nominal latitude', 'Sea surface height above geoid']","['', '', '', 'ocean_mixed_layer_thickness_defined_by_sigma_t', '', '', '', '', '', 'sea_surface_height_above_geoid']","['', '', '', 'area:mean yh:mean xh:mean time: mean', '', '', '', '', '', 'area:mean yh:mean xh:mean time: mean']","['days', 'days since 1991-01-01 00:00:00', 'days since 1991-01-01 00:00:00', 'm', '', 'days since 1991-01-01 00:00:00', 'days', 'degrees_east', 'degrees_north', 'm']",ocean
20010501.ocean_daily_2001_179.nc,/g/data/ik11/outputs/mom6-panan/panan-01-zstar-2001rerun/output003/20010501.ocean_daily_2001_179.nc,ocean.1day.nv:2.xh:3600.yh:845,1day,"2001-06-28, 00:00:00","2001-06-29, 00:00:00","['average_DT', 'average_T1', 'average_T2', 'mlotst', 'nv', 'time', 'time_bnds', 'xh', 'yh', 'zos']","['Length of average period', 'Start time for average period', 'End time for average period', 'Ocean Mixed Layer Thickness Defined by Sigma T', 'vertex number', 'time', 'time axis boundaries', 'h point nominal longitude', 'h point nominal latitude', 'Sea surface height above geoid']","['', '', '', 'ocean_mixed_layer_thickness_defined_by_sigma_t', '', '', '', '', '', 'sea_surface_height_above_geoid']","['', '', '', 'area:mean yh:mean xh:mean time: mean', '', '', '', '', '', 'area:mean yh:mean xh:mean time: mean']","['days', 'days since 1991-01-01 00:00:00', 'days since 1991-01-01 00:00:00', 'm', '', 'days since 1991-01-01 00:00:00', 'days', 'degrees_east', 'degrees_north', 'm']",ocean
20010501.ocean_daily_2001_180.nc,/g/data/ik11/outputs/mom6-panan/panan-01-zstar-2001rerun/output003/20010501.ocean_daily_2001_180.nc,ocean.1day.nv:2.xh:3600.yh:845,1day,"2001-06-29, 00:00:00","2001-06-30, 00:00:00","['average_DT', 'average_T1', 'average_T2', 'mlotst', 'nv', 'time', 'time_bnds', 'xh', 'yh', 'zos']","['Length of average period', 'Start time for average period', 'End time for average period', 'Ocean Mixed Layer Thickness Defined by Sigma T', 'vertex number', 'time', 'time axis boundaries', 'h point nominal longitude', 'h point nominal latitude', 'Sea surface height above geoid']","['', '', '', 'ocean_mixed_layer_thickness_defined_by_sigma_t', '', '', '', '', '', 'sea_surface_height_above_geoid']","['', '', '', 'area:mean yh:mean xh:mean time: mean', '', '', '', '', '', 'area:mean yh:mean xh:mean time: mean']","['days', 'days since 1991-01-01 00:00:00', 'days since 1991-01-01 00:00:00', 'm', '', 'days since 1991-01-01 00:00:00', 'days', 'degrees_east', 'degrees_north', 'm']",ocean
20010501.ocean_daily_2001_181.nc,/g/data/ik11/outputs/mom6-panan/panan-01-zstar-2001rerun/output003/20010501.ocean_daily_2001_181.nc,ocean.1day.nv:2.xh:3600.yh:845,1day,"2001-06-30, 00:00:00","2001-07-01, 00:00:00","['average_DT', 'average_T1', 'average_T2', 'mlotst', 'nv', 'time', 'time_bnds', 'xh', 'yh', 'zos']","['Length of average period', 'Start time for average period', 'End time for average period', 'Ocean Mixed Layer Thickness Defined by Sigma T', 'vertex number', 'time', 'time axis boundaries', 'h point nominal longitude', 'h point nominal latitude', 'Sea surface height above geoid']","['', '', '', 'ocean_mixed_layer_thickness_defined_by_sigma_t', '', '', '', '', '', 'sea_surface_height_above_geoid']","['', '', '', 'area:mean yh:mean xh:mean time: mean', '', '', '', '', '', 'area:mean yh:mean xh:mean time: mean']","['days', 'days since 1991-01-01 00:00:00', 'days since 1991-01-01 00:00:00', 'm', '', 'days since 1991-01-01 00:00:00', 'days', 'degrees_east', 'degrees_north', 'm']",ocean
20010501.ocean_daily_z_2001_121.nc,/g/data/ik11/outputs/mom6-panan/panan-01-zstar-2001rerun/output003/20010501.ocean_daily_z_2001_121.nc,ocean.1day.nv:2.xh:3600.xq:3601.yh:845.yq:846.z_l_sub01:1,1day,"2001-05-01, 00:00:00","2001-05-02, 00:00:00","['average_DT', 'average_T1', 'average_T2', 'nv', 'time', 'time_bnds', 'uo', 'vo', 'xh', 'xq', 'yh', 'yq', 'z_l_sub01']","['Length of average period', 'Start time for average period', 'End time for average period', 'vertex number', 'time', 'time axis boundaries', 'Sea Water X Velocity', 'Sea Water Y Velocity', 'h point nominal longitude', 'q point nominal longitude', 'h point nominal latitude', 'q point nominal latitude', 'Depth at cell center']","['', '', '', '', '', '', 'sea_water_x_velocity', 'sea_water_y_velocity', '', '', '', '', '']","['', '', '', '', '', '', 'z_l:mean yh:mean xq:point time: mean', 'z_l:mean yq:point xh:mean time: mean', '', '', '', '', '']","['days', 'days since 1991-01-01 00:00:00', 'days since 1991-01-01 00:00:00', '', 'days since 1991-01-01 00:00:00', 'days', 'm s-1', 'm s-1', 'degrees_east', 'degrees_east', 'degrees_north', 'degrees_north', 'meters']",ocean
20010501.ocean_daily_z_2001_122.nc,/g/data/ik11/outputs/mom6-panan/panan-01-zstar-2001rerun/output003/20010501.ocean_daily_z_2001_122.nc,ocean.1day.nv:2.xh:3600.xq:3601.yh:845.yq:846.z_l_sub01:1,1day,"2001-05-02, 00:00:00","2001-05-03, 00:00:00","['average_DT', 'average_T1', 'average_T2', 'nv', 'time', 'time_bnds', 'uo', 'vo', 'xh', 'xq', 'yh', 'yq', 'z_l_sub01']","['Length of average period', 'Start time for average period', 'End time for average period', 'vertex number', 'time', 'time axis boundaries', 'Sea Water X Velocity', 'Sea Water Y Velocity', 'h point nominal longitude', 'q point nominal longitude', 'h point nominal latitude', 'q point nominal latitude', 'Depth at cell center']","['', '', '', '', '', '', 'sea_water_x_velocity', 'sea_water_y_velocity', '', '', '', '', '']","['', '', '', '', '', '', 'z_l:mean yh:mean xq:point time: mean', 'z_l:mean yq:point xh:mean time: mean', '', '', '', '', '']","['days', 'days since 1991-01-01 00:00:00', 'days since 1991-01-01 00:00:00', '', 'days since 1991-01-01 00:00:00', 'days', 'm s-1', 'm s-1', 'degrees_east', 'degrees_east', 'degrees_north', 'degrees_north', 'meters']",ocean
20010501.ocean_daily_z_2001_123.nc,/g/data/ik11/outputs/mom6-panan/panan-01-zstar-2001rerun/output003/20010501.ocean_daily_z_2001_123.nc,ocean.1day.nv:2.xh:3600.xq:3601.yh:845.yq:846.z_l_sub01:1,1day,"2001-05-03, 00:00:00","2001-05-04, 00:00:00","['average_DT', 'average_T1', 'average_T2', 'nv', 'time', 'time_bnds', 'uo', 'vo', 'xh', 'xq', 'yh', 'yq', 'z_l_sub01']","['Length of average period', 'Start time for average period', 'End time for average period', 'vertex number', 'time', 'time axis boundaries', 'Sea Water X Velocity', 'Sea Water Y Velocity', 'h point nominal longitude', 'q point nominal longitude', 'h point nominal latitude', 'q point nominal latitude', 'Depth at cell center']","['', '', '', '', '', '', 'sea_water_x_velocity', 'sea_water_y_velocity', '', '', '', '', '']","['', '', '', '', '', '', 'z_l:mean yh:mean xq:point time: mean', 'z_l:mean yq:point xh:mean time: mean', '', '', '', '', '']","['days', 'days since 1991-01-01 00:00:00', 'days since 1991-01-01 00:00:00', '', 'days since 1991-01-01 00:00:00', 'days', 'm s-1', 'm s-1', 'degrees_east', 'degrees_east', 'degrees_north', 'degrees_north', 'meters']",ocean
20010501.ocean_daily_z_2001_124.nc,/g/data/ik11/outputs/mom6-panan/panan-01-zstar-2001rerun/output003/20010501.ocean_daily_z_2001_124.nc,ocean.1day.nv:2.xh:3600.xq:3601.yh:845.yq:846.z_l_sub01:1,1day,"2001-05-04, 00:00:00","2001-05-05, 00:00:00","['average_DT', 'average_T1', 'average_T2', 'nv', 'time', 'time_bnds', 'uo', 'vo', 'xh', 'xq', 'yh', 'yq', 'z_l_sub01']","['Length of average period', 'Start time for average period', 'End time for average period', 'vertex number', 'time', 'time axis boundaries', 'Sea Water X Velocity', 'Sea Water Y Velocity', 'h point nominal longitude', 'q point nominal longitude', 'h point nominal latitude', 'q point nominal latitude', 'Depth at cell center']","['', '', '', '', '', '', 'sea_water_x_velocity', 'sea_water_y_velocity', '', '', '', '', '']","['', '', '', '', '', '', 'z_l:mean yh:mean xq:point time: mean', 'z_l:mean yq:point xh:mean time: mean', '', '', '', '', '']","['days', 'days since 1991-01-01 00:00:00', 'days since 1991-01-01 00:00:00', '', 'days since 1991-01-01 00:00:00', 'days', 'm s-1', 'm s-1', 'degrees_east', 'degrees_east', 'degrees_north', 'degrees_north', 'meters']",ocean
20010501.ocean_daily_z_2001_125.nc,/g/data/ik11/outputs/mom6-panan/panan-01-zstar-2001rerun/output003/20010501.ocean_daily_z_2001_125.nc,ocean.1day.nv:2.xh:3600.xq:3601.yh:845.yq:846.z_l_sub01:1,1day,"2001-05-05, 00:00:00","2001-05-06, 00:00:00","['average_DT', 'average_T1', 'average_T2', 'nv', 'time', 'time_bnds', 'uo', 'vo', 'xh', 'xq', 'yh', 'yq', 'z_l_sub01']","['Length of average period', 'Start time for average period', 'End time for average period', 'vertex number', 'time', 'time axis boundaries', 'Sea Water X Velocity', 'Sea Water Y Velocity', 'h point nominal longitude', 'q point nominal longitude', 'h point nominal latitude', 'q point nominal latitude', 'Depth at cell center']","['', '', '', '', '', '', 'sea_water_x_velocity', 'sea_water_y_velocity', '', '', '', '', '']","['', '', '', '', '', '', 'z_l:mean yh:mean xq:point time: mean', 'z_l:mean yq:point xh:mean time: mean', '', '', '', '', '']","['days', 'days since 1991-01-01 00:00:00', 'days since 1991-01-01 00:00:00', '', 'days since 1991-01-01 00:00:00', 'days', 'm s-1', 'm s-1', 'degrees_east', 'degrees_east', 'degrees_north', 'degrees_north', 'meters']",ocean
20010501.ocean_daily_z_2001_126.nc,/g/data/ik11/outputs/mom6-panan/panan-01-zstar-2001rerun/output003/20010501.ocean_daily_z_2001_126.nc,ocean.1day.nv:2.xh:3600.xq:3601.yh:845.yq:846.z_l_sub01:1,1day,"2001-05-06, 00:00:00","2001-05-07, 00:00:00","['average_DT', 'average_T1', 'average_T2', 'nv', 'time', 'time_bnds', 'uo', 'vo', 'xh', 'xq', 'yh', 'yq', 'z_l_sub01']","['Length of average period', 'Start time for average period', 'End time for average period', 'vertex number', 'time', 'time axis boundaries', 'Sea Water X Velocity', 'Sea Water Y Velocity', 'h point nominal longitude', 'q point nominal longitude', 'h point nominal latitude', 'q point nominal latitude', 'Depth at cell center']","['', '', '', '', '', '', 'sea_water_x_velocity', 'sea_water_y_velocity', '', '', '', '', '']","['', '', '', '', '', '', 'z_l:mean yh:mean xq:point time: mean', 'z_l:mean yq:point xh:mean time: mean', '', '', '', '', '']","['days', 'days since 1991-01-01 00:00:00', 'days since 1991-01-01 00:00:00', '', 'days since 1991-01-01 00:00:00', 'days', 'm s-1', 'm s-1', 'degrees_east', 'degrees_east', 'degrees_north', 'degrees_north', 'meters']",ocean
20010501.ocean_daily_z_2001_127.nc,/g/data/ik11/outputs/mom6-panan/panan-01-zstar-2001rerun/output003/20010501.ocean_daily_z_2001_127.nc,ocean.1day.nv:2.xh:3600.xq:3601.yh:845.yq:846.z_l_sub01:1,1day,"2001-05-07, 00:00:00","2001-05-08, 00:00:00","['average_DT', 'average_T1', 'average_T2', 'nv', 'time', 'time_bnds', 'uo', 'vo', 'xh', 'xq', 'yh', 'yq', 'z_l_sub01']","['Length of average period', 'Start time for average period', 'End time for average period', 'vertex number', 'time', 'time axis boundaries', 'Sea Water X Velocity', 'Sea Water Y Velocity', 'h point nominal longitude', 'q point nominal longitude', 'h point nominal latitude', 'q point nominal latitude', 'Depth at cell center']","['', '', '', '', '', '', 'sea_water_x_velocity', 'sea_water_y_velocity', '', '', '', '', '']","['', '', '', '', '', '', 'z_l:mean yh:mean xq:point time: mean', 'z_l:mean yq:point xh:mean time: mean', '', '', '', '', '']","['days', 'days since 1991-01-01 00:00:00', 'days since 1991-01-01 00:00:00', '', 'days since 1991-01-01 00:00:00', 'days', 'm s-1', 'm s-1', 'degrees_east', 'degrees_east', 'degrees_north', 'degrees_north', 'meters']",ocean
20010501.ocean_daily_z_2001_128.nc,/g/data/ik11/outputs/mom6-panan/panan-01-zstar-2001rerun/output003/20010501.ocean_daily_z_2001_128.nc,ocean.1day.nv:2.xh:3600.xq:3601.yh:845.yq:846.z_l_sub01:1,1day,"2001-05-08, 00:00:00","2001-05-09, 00:00:00","['average_DT', 'average_T1', 'average_T2', 'nv', 'time', 'time_bnds', 'uo', 'vo', 'xh', 'xq', 'yh', 'yq', 'z_l_sub01']","['Length of average period', 'Start time for average period', 'End time for average period', 'vertex number', 'time', 'time axis boundaries', 'Sea Water X Velocity', 'Sea Water Y Velocity', 'h point nominal longitude', 'q point nominal longitude', 'h point nominal latitude', 'q point nominal latitude', 'Depth at cell center']","['', '', '', '', '', '', 'sea_water_x_velocity', 'sea_water_y_velocity', '', '', '', '', '']","['', '', '', '', '', '', 'z_l:mean yh:mean xq:point time: mean', 'z_l:mean yq:point xh:mean time: mean', '', '', '', '', '']","['days', 'days since 1991-01-01 00:00:00', 'days since 1991-01-01 00:00:00', '', 'days since 1991-01-01 00:00:00', 'days', 'm s-1', 'm s-1', 'degrees_east', 'degrees_east', 'degrees_north', 'degrees_north', 'meters']",ocean
20010501.ocean_daily_z_2001_129.nc,/g/data/ik11/outputs/mom6-panan/panan-01-zstar-2001rerun/output003/20010501.ocean_daily_z_2001_129.nc,ocean.1day.nv:2.xh:3600.xq:3601.yh:845.yq:846.z_l_sub01:1,1day,"2001-05-09, 00:00:00","2001-05-10, 00:00:00","['average_DT', 'average_T1', 'average_T2', 'nv', 'time', 'time_bnds', 'uo', 'vo', 'xh', 'xq', 'yh', 'yq', 'z_l_sub01']","['Length of average period', 'Start time for average period', 'End time for average period', 'vertex number', 'time', 'time axis boundaries', 'Sea Water X Velocity', 'Sea Water Y Velocity', 'h point nominal longitude', 'q point nominal longitude', 'h point nominal latitude', 'q point nominal latitude', 'Depth at cell center']","['', '', '', '', '', '', 'sea_water_x_velocity', 'sea_water_y_velocity', '', '', '', '', '']","['', '', '', '', '', '', 'z_l:mean yh:mean xq:point time: mean', 'z_l:mean yq:point xh:mean time: mean', '', '', '', '', '']","['days', 'days since 1991-01-01 00:00:00', 'days since 1991-01-01 00:00:00', '', 'days since 1991-01-01 00:00:00', 'days', 'm s-1', 'm s-1', 'degrees_east', 'degrees_east', 'degrees_north', 'degrees_north', 'meters']",ocean
20010501.ocean_daily_z_2001_130.nc,/g/data/ik11/outputs/mom6-panan/panan-01-zstar-2001rerun/output003/20010501.ocean_daily_z_2001_130.nc,ocean.1day.nv:2.xh:3600.xq:3601.yh:845.yq:846.z_l_sub01:1,1day,"2001-05-10, 00:00:00","2001-05-11, 00:00:00","['average_DT', 'average_T1', 'average_T2', 'nv', 'time', 'time_bnds', 'uo', 'vo', 'xh', 'xq', 'yh', 'yq', 'z_l_sub01']","['Length of average period', 'Start time for average period', 'End time for average period', 'vertex number', 'time', 'time axis boundaries', 'Sea Water X Velocity', 'Sea Water Y Velocity', 'h point nominal longitude', 'q point nominal longitude', 'h point nominal latitude', 'q point nominal latitude', 'Depth at cell center']","['', '', '', '', '', '', 'sea_water_x_velocity', 'sea_water_y_velocity', '', '', '', '', '']","['', '', '', '', '', '', 'z_l:mean yh:mean xq:point time: mean', 'z_l:mean yq:point xh:mean time: mean', '', '', '', '', '']","['days', 'days since 1991-01-01 00:00:00', 'days since 1991-01-01 00:00:00', '', 'days since 1991-01-01 00:00:00', 'days', 'm s-1', 'm s-1', 'degrees_east', 'degrees_east', 'degrees_north', 'degrees_north', 'meters']",ocean
20010501.ocean_daily_z_2001_131.nc,/g/data/ik11/outputs/mom6-panan/panan-01-zstar-2001rerun/output003/20010501.ocean_daily_z_2001_131.nc,ocean.1day.nv:2.xh:3600.xq:3601.yh:845.yq:846.z_l_sub01:1,1day,"2001-05-11, 00:00:00","2001-05-12, 00:00:00","['average_DT', 'average_T1', 'average_T2', 'nv', 'time', 'time_bnds', 'uo', 'vo', 'xh', 'xq', 'yh', 'yq', 'z_l_sub01']","['Length of average period', 'Start time for average period', 'End time for average period', 'vertex number', 'time', 'time axis boundaries', 'Sea Water X Velocity', 'Sea Water Y Velocity', 'h point nominal longitude', 'q point nominal longitude', 'h point nominal latitude', 'q point nominal latitude', 'Depth at cell center']","['', '', '', '', '', '', 'sea_water_x_velocity', 'sea_water_y_velocity', '', '', '', '', '']","['', '', '', '', '', '', 'z_l:mean yh:mean xq:point time: mean', 'z_l:mean yq:point xh:mean time: mean', '', '', '', '', '']","['days', 'days since 1991-01-01 00:00:00', 'days since 1991-01-01 00:00:00', '', 'days since 1991-01-01 00:00:00', 'days', 'm s-1', 'm s-1', 'degrees_east', 'degrees_east', 'degrees_north', 'degrees_north', 'meters']",ocean
20010501.ocean_daily_z_2001_132.nc,/g/data/ik11/outputs/mom6-panan/panan-01-zstar-2001rerun/output003/20010501.ocean_daily_z_2001_132.nc,ocean.1day.nv:2.xh:3600.xq:3601.yh:845.yq:846.z_l_sub01:1,1day,"2001-05-12, 00:00:00","2001-05-13, 00:00:00","['average_DT', 'average_T1', 'average_T2', 'nv', 'time', 'time_bnds', 'uo', 'vo', 'xh', 'xq', 'yh', 'yq', 'z_l_sub01']","['Length of average period', 'Start time for average period', 'End time for average period', 'vertex number', 'time', 'time axis boundaries', 'Sea Water X Velocity', 'Sea Water Y Velocity', 'h point nominal longitude', 'q point nominal longitude', 'h point nominal latitude', 'q point nominal latitude', 'Depth at cell center']","['', '', '', '', '', '', 'sea_water_x_velocity', 'sea_water_y_velocity', '', '', '', '', '']","['', '', '', '', '', '', 'z_l:mean yh:mean xq:point time: mean', 'z_l:mean yq:point xh:mean time: mean', '', '', '', '', '']","['days', 'days since 1991-01-01 00:00:00', 'days since 1991-01-01 00:00:00', '', 'days since 1991-01-01 00:00:00', 'days', 'm s-1', 'm s-1', 'degrees_east', 'degrees_east', 'degrees_north', 'degrees_north', 'meters']",ocean
20010501.ocean_daily_z_2001_133.nc,/g/data/ik11/outputs/mom6-panan/panan-01-zstar-2001rerun/output003/20010501.ocean_daily_z_2001_133.nc,ocean.1day.nv:2.xh:3600.xq:3601.yh:845.yq:846.z_l_sub01:1,1day,"2001-05-13, 00:00:00","2001-05-14, 00:00:00","['average_DT', 'average_T1', 'average_T2', 'nv', 'time', 'time_bnds', 'uo', 'vo', 'xh', 'xq', 'yh', 'yq', 'z_l_sub01']","['Length of average period', 'Start time for average period', 'End time for average period', 'vertex number', 'time', 'time axis boundaries', 'Sea Water X Velocity', 'Sea Water Y Velocity', 'h point nominal longitude', 'q point nominal longitude', 'h point nominal latitude', 'q point nominal latitude', 'Depth at cell center']","['', '', '', '', '', '', 'sea_water_x_velocity', 'sea_water_y_velocity', '', '', '', '', '']","['', '', '', '', '', '', 'z_l:mean yh:mean xq:point time: mean', 'z_l:mean yq:point xh:mean time: mean', '', '', '', '', '']","['days', 'days since 1991-01-01 00:00:00', 'days since 1991-01-01 00:00:00', '', 'days since 1991-01-01 00:00:00', 'days', 'm s-1', 'm s-1', 'degrees_east', 'degrees_east', 'degrees_north', 'degrees_north', 'meters']",ocean
20010501.ocean_daily_z_2001_134.nc,/g/data/ik11/outputs/mom6-panan/panan-01-zstar-2001rerun/output003/20010501.ocean_daily_z_2001_134.nc,ocean.1day.nv:2.xh:3600.xq:3601.yh:845.yq:846.z_l_sub01:1,1day,"2001-05-14, 00:00:00","2001-05-15, 00:00:00","['average_DT', 'average_T1', 'average_T2', 'nv', 'time', 'time_bnds', 'uo', 'vo', 'xh', 'xq', 'yh', 'yq', 'z_l_sub01']","['Length of average period', 'Start time for average period', 'End time for average period', 'vertex number', 'time', 'time axis boundaries', 'Sea Water X Velocity', 'Sea Water Y Velocity', 'h point nominal longitude', 'q point nominal longitude', 'h point nominal latitude', 'q point nominal latitude', 'Depth at cell center']","['', '', '', '', '', '', 'sea_water_x_velocity', 'sea_water_y_velocity', '', '', '', '', '']","['', '', '', '', '', '', 'z_l:mean yh:mean xq:point time: mean', 'z_l:mean yq:point xh:mean time: mean', '', '', '', '', '']","['days', 'days since 1991-01-01 00:00:00', 'days since 1991-01-01 00:00:00', '', 'days since 1991-01-01 00:00:00', 'days', 'm s-1', 'm s-1', 'degrees_east', 'degrees_east', 'degrees_north', 'degrees_north', 'meters']",ocean
20010501.ocean_daily_z_2001_135.nc,/g/data/ik11/outputs/mom6-panan/panan-01-zstar-2001rerun/output003/20010501.ocean_daily_z_2001_135.nc,ocean.1day.nv:2.xh:3600.xq:3601.yh:845.yq:846.z_l_sub01:1,1day,"2001-05-15, 00:00:00","2001-05-16, 00:00:00","['average_DT', 'average_T1', 'average_T2', 'nv', 'time', 'time_bnds', 'uo', 'vo', 'xh', 'xq', 'yh', 'yq', 'z_l_sub01']","['Length of average period', 'Start time for average period', 'End time for average period', 'vertex number', 'time', 'time axis boundaries', 'Sea Water X Velocity', 'Sea Water Y Velocity', 'h point nominal longitude', 'q point nominal longitude', 'h point nominal latitude', 'q point nominal latitude', 'Depth at cell center']","['', '', '', '', '', '', 'sea_water_x_velocity', 'sea_water_y_velocity', '', '', '', '', '']","['', '', '', '', '', '', 'z_l:mean yh:mean xq:point time: mean', 'z_l:mean yq:point xh:mean time: mean', '', '', '', '', '']","['days', 'days since 1991-01-01 00:00:00', 'days since 1991-01-01 00:00:00', '', 'days since 1991-01-01 00:00:00', 'days', 'm s-1', 'm s-1', 'degrees_east', 'degrees_east', 'degrees_north', 'degrees_north', 'meters']",ocean
20010501.ocean_daily_z_2001_136.nc,/g/data/ik11/outputs/mom6-panan/panan-01-zstar-2001rerun/output003/20010501.ocean_daily_z_2001_136.nc,ocean.1day.nv:2.xh:3600.xq:3601.yh:845.yq:846.z_l_sub01:1,1day,"2001-05-16, 00:00:00","2001-05-17, 00:00:00","['average_DT', 'average_T1', 'average_T2', 'nv', 'time', 'time_bnds', 'uo', 'vo', 'xh', 'xq', 'yh', 'yq', 'z_l_sub01']","['Length of average period', 'Start time for average period', 'End time for average period', 'vertex number', 'time', 'time axis boundaries', 'Sea Water X Velocity', 'Sea Water Y Velocity', 'h point nominal longitude', 'q point nominal longitude', 'h point nominal latitude', 'q point nominal latitude', 'Depth at cell center']","['', '', '', '', '', '', 'sea_water_x_velocity', 'sea_water_y_velocity', '', '', '', '', '']","['', '', '', '', '', '', 'z_l:mean yh:mean xq:point time: mean', 'z_l:mean yq:point xh:mean time: mean', '', '', '', '', '']","['days', 'days since 1991-01-01 00:00:00', 'days since 1991-01-01 00:00:00', '', 'days since 1991-01-01 00:00:00', 'days', 'm s-1', 'm s-1', 'degrees_east', 'degrees_east', 'degrees_north', 'degrees_north', 'meters']",ocean
20010501.ocean_daily_z_2001_137.nc,/g/data/ik11/outputs/mom6-panan/panan-01-zstar-2001rerun/output003/20010501.ocean_daily_z_2001_137.nc,ocean.1day.nv:2.xh:3600.xq:3601.yh:845.yq:846.z_l_sub01:1,1day,"2001-05-17, 00:00:00","2001-05-18, 00:00:00","['average_DT', 'average_T1', 'average_T2', 'nv', 'time', 'time_bnds', 'uo', 'vo', 'xh', 'xq', 'yh', 'yq', 'z_l_sub01']","['Length of average period', 'Start time for average period', 'End time for average period', 'vertex number', 'time', 'time axis boundaries', 'Sea Water X Velocity', 'Sea Water Y Velocity', 'h point nominal longitude', 'q point nominal longitude', 'h point nominal latitude', 'q point nominal latitude', 'Depth at cell center']","['', '', '', '', '', '', 'sea_water_x_velocity', 'sea_water_y_velocity', '', '', '', '', '']","['', '', '', '', '', '', 'z_l:mean yh:mean xq:point time: mean', 'z_l:mean yq:point xh:mean time: mean', '', '', '', '', '']","['days', 'days since 1991-01-01 00:00:00', 'days since 1991-01-01 00:00:00', '', 'days since 1991-01-01 00:00:00', 'days', 'm s-1', 'm s-1', 'degrees_east', 'degrees_east', 'degrees_north', 'degrees_north', 'meters']",ocean
20010501.ocean_daily_z_2001_138.nc,/g/data/ik11/outputs/mom6-panan/panan-01-zstar-2001rerun/output003/20010501.ocean_daily_z_2001_138.nc,ocean.1day.nv:2.xh:3600.xq:3601.yh:845.yq:846.z_l_sub01:1,1day,"2001-05-18, 00:00:00","2001-05-19, 00:00:00","['average_DT', 'average_T1', 'average_T2', 'nv', 'time', 'time_bnds', 'uo', 'vo', 'xh', 'xq', 'yh', 'yq', 'z_l_sub01']","['Length of average period', 'Start time for average period', 'End time for average period', 'vertex number', 'time', 'time axis boundaries', 'Sea Water X Velocity', 'Sea Water Y Velocity', 'h point nominal longitude', 'q point nominal longitude', 'h point nominal latitude', 'q point nominal latitude', 'Depth at cell center']","['', '', '', '', '', '', 'sea_water_x_velocity', 'sea_water_y_velocity', '', '', '', '', '']","['', '', '', '', '', '', 'z_l:mean yh:mean xq:point time: mean', 'z_l:mean yq:point xh:mean time: mean', '', '', '', '', '']","['days', 'days since 1991-01-01 00:00:00', 'days since 1991-01-01 00:00:00', '', 'days since 1991-01-01 00:00:00', 'days', 'm s-1', 'm s-1', 'degrees_east', 'degrees_east', 'degrees_north', 'degrees_north', 'meters']",ocean
20010501.ocean_daily_z_2001_139.nc,/g/data/ik11/outputs/mom6-panan/panan-01-zstar-2001rerun/output003/20010501.ocean_daily_z_2001_139.nc,ocean.1day.nv:2.xh:3600.xq:3601.yh:845.yq:846.z_l_sub01:1,1day,"2001-05-19, 00:00:00","2001-05-20, 00:00:00","['average_DT', 'average_T1', 'average_T2', 'nv', 'time', 'time_bnds', 'uo', 'vo', 'xh', 'xq', 'yh', 'yq', 'z_l_sub01']","['Length of average period', 'Start time for average period', 'End time for average period', 'vertex number', 'time', 'time axis boundaries', 'Sea Water X Velocity', 'Sea Water Y Velocity', 'h point nominal longitude', 'q point nominal longitude', 'h point nominal latitude', 'q point nominal latitude', 'Depth at cell center']","['', '', '', '', '', '', 'sea_water_x_velocity', 'sea_water_y_velocity', '', '', '', '', '']","['', '', '', '', '', '', 'z_l:mean yh:mean xq:point time: mean', 'z_l:mean yq:point xh:mean time: mean', '', '', '', '', '']","['days', 'days since 1991-01-01 00:00:00', 'days since 1991-01-01 00:00:00', '', 'days since 1991-01-01 00:00:00', 'days', 'm s-1', 'm s-1', 'degrees_east', 'degrees_east', 'degrees_north', 'degrees_north', 'meters']",ocean
20010501.ocean_daily_z_2001_140.nc,/g/data/ik11/outputs/mom6-panan/panan-01-zstar-2001rerun/output003/20010501.ocean_daily_z_2001_140.nc,ocean.1day.nv:2.xh:3600.xq:3601.yh:845.yq:846.z_l_sub01:1,1day,"2001-05-20, 00:00:00","2001-05-21, 00:00:00","['average_DT', 'average_T1', 'average_T2', 'nv', 'time', 'time_bnds', 'uo', 'vo', 'xh', 'xq', 'yh', 'yq', 'z_l_sub01']","['Length of average period', 'Start time for average period', 'End time for average period', 'vertex number', 'time', 'time axis boundaries', 'Sea Water X Velocity', 'Sea Water Y Velocity', 'h point nominal longitude', 'q point nominal longitude', 'h point nominal latitude', 'q point nominal latitude', 'Depth at cell center']","['', '', '', '', '', '', 'sea_water_x_velocity', 'sea_water_y_velocity', '', '', '', '', '']","['', '', '', '', '', '', 'z_l:mean yh:mean xq:point time: mean', 'z_l:mean yq:point xh:mean time: mean', '', '', '', '', '']","['days', 'days since 1991-01-01 00:00:00', 'days since 1991-01-01 00:00:00', '', 'days since 1991-01-01 00:00:00', 'days', 'm s-1', 'm s-1', 'degrees_east', 'degrees_east', 'degrees_north', 'degrees_north', 'meters']",ocean
20010501.ocean_daily_z_2001_141.nc,/g/data/ik11/outputs/mom6-panan/panan-01-zstar-2001rerun/output003/20010501.ocean_daily_z_2001_141.nc,ocean.1day.nv:2.xh:3600.xq:3601.yh:845.yq:846.z_l_sub01:1,1day,"2001-05-21, 00:00:00","2001-05-22, 00:00:00","['average_DT', 'average_T1', 'average_T2', 'nv', 'time', 'time_bnds', 'uo', 'vo', 'xh', 'xq', 'yh', 'yq', 'z_l_sub01']","['Length of average period', 'Start time for average period', 'End time for average period', 'vertex number', 'time', 'time axis boundaries', 'Sea Water X Velocity', 'Sea Water Y Velocity', 'h point nominal longitude', 'q point nominal longitude', 'h point nominal latitude', 'q point nominal latitude', 'Depth at cell center']","['', '', '', '', '', '', 'sea_water_x_velocity', 'sea_water_y_velocity', '', '', '', '', '']","['', '', '', '', '', '', 'z_l:mean yh:mean xq:point time: mean', 'z_l:mean yq:point xh:mean time: mean', '', '', '', '', '']","['days', 'days since 1991-01-01 00:00:00', 'days since 1991-01-01 00:00:00', '', 'days since 1991-01-01 00:00:00', 'days', 'm s-1', 'm s-1', 'degrees_east', 'degrees_east', 'degrees_north', 'degrees_north', 'meters']",ocean
20010501.ocean_daily_z_2001_142.nc,/g/data/ik11/outputs/mom6-panan/panan-01-zstar-2001rerun/output003/20010501.ocean_daily_z_2001_142.nc,ocean.1day.nv:2.xh:3600.xq:3601.yh:845.yq:846.z_l_sub01:1,1day,"2001-05-22, 00:00:00","2001-05-23, 00:00:00","['average_DT', 'average_T1', 'average_T2', 'nv', 'time', 'time_bnds', 'uo', 'vo', 'xh', 'xq', 'yh', 'yq', 'z_l_sub01']","['Length of average period', 'Start time for average period', 'End time for average period', 'vertex number', 'time', 'time axis boundaries', 'Sea Water X Velocity', 'Sea Water Y Velocity', 'h point nominal longitude', 'q point nominal longitude', 'h point nominal latitude', 'q point nominal latitude', 'Depth at cell center']","['', '', '', '', '', '', 'sea_water_x_velocity', 'sea_water_y_velocity', '', '', '', '', '']","['', '', '', '', '', '', 'z_l:mean yh:mean xq:point time: mean', 'z_l:mean yq:point xh:mean time: mean', '', '', '', '', '']","['days', 'days since 1991-01-01 00:00:00', 'days since 1991-01-01 00:00:00', '', 'days since 1991-01-01 00:00:00', 'days', 'm s-1', 'm s-1', 'degrees_east', 'degrees_east', 'degrees_north', 'degrees_north', 'meters']",ocean
20010501.ocean_daily_z_2001_143.nc,/g/data/ik11/outputs/mom6-panan/panan-01-zstar-2001rerun/output003/20010501.ocean_daily_z_2001_143.nc,ocean.1day.nv:2.xh:3600.xq:3601.yh:845.yq:846.z_l_sub01:1,1day,"2001-05-23, 00:00:00","2001-05-24, 00:00:00","['average_DT', 'average_T1', 'average_T2', 'nv', 'time', 'time_bnds', 'uo', 'vo', 'xh', 'xq', 'yh', 'yq', 'z_l_sub01']","['Length of average period', 'Start time for average period', 'End time for average period', 'vertex number', 'time', 'time axis boundaries', 'Sea Water X Velocity', 'Sea Water Y Velocity', 'h point nominal longitude', 'q point nominal longitude', 'h point nominal latitude', 'q point nominal latitude', 'Depth at cell center']","['', '', '', '', '', '', 'sea_water_x_velocity', 'sea_water_y_velocity', '', '', '', '', '']","['', '', '', '', '', '', 'z_l:mean yh:mean xq:point time: mean', 'z_l:mean yq:point xh:mean time: mean', '', '', '', '', '']","['days', 'days since 1991-01-01 00:00:00', 'days since 1991-01-01 00:00:00', '', 'days since 1991-01-01 00:00:00', 'days', 'm s-1', 'm s-1', 'degrees_east', 'degrees_east', 'degrees_north', 'degrees_north', 'meters']",ocean
20010501.ocean_daily_z_2001_144.nc,/g/data/ik11/outputs/mom6-panan/panan-01-zstar-2001rerun/output003/20010501.ocean_daily_z_2001_144.nc,ocean.1day.nv:2.xh:3600.xq:3601.yh:845.yq:846.z_l_sub01:1,1day,"2001-05-24, 00:00:00","2001-05-25, 00:00:00","['average_DT', 'average_T1', 'average_T2', 'nv', 'time', 'time_bnds', 'uo', 'vo', 'xh', 'xq', 'yh', 'yq', 'z_l_sub01']","['Length of average period', 'Start time for average period', 'End time for average period', 'vertex number', 'time', 'time axis boundaries', 'Sea Water X Velocity', 'Sea Water Y Velocity', 'h point nominal longitude', 'q point nominal longitude', 'h point nominal latitude', 'q point nominal latitude', 'Depth at cell center']","['', '', '', '', '', '', 'sea_water_x_velocity', 'sea_water_y_velocity', '', '', '', '', '']","['', '', '', '', '', '', 'z_l:mean yh:mean xq:point time: mean', 'z_l:mean yq:point xh:mean time: mean', '', '', '', '', '']","['days', 'days since 1991-01-01 00:00:00', 'days since 1991-01-01 00:00:00', '', 'days since 1991-01-01 00:00:00', 'days', 'm s-1', 'm s-1', 'degrees_east', 'degrees_east', 'degrees_north', 'degrees_north', 'meters']",ocean
20010501.ocean_daily_z_2001_145.nc,/g/data/ik11/outputs/mom6-panan/panan-01-zstar-2001rerun/output003/20010501.ocean_daily_z_2001_145.nc,ocean.1day.nv:2.xh:3600.xq:3601.yh:845.yq:846.z_l_sub01:1,1day,"2001-05-25, 00:00:00","2001-05-26, 00:00:00","['average_DT', 'average_T1', 'average_T2', 'nv', 'time', 'time_bnds', 'uo', 'vo', 'xh', 'xq', 'yh', 'yq', 'z_l_sub01']","['Length of average period', 'Start time for average period', 'End time for average period', 'vertex number', 'time', 'time axis boundaries', 'Sea Water X Velocity', 'Sea Water Y Velocity', 'h point nominal longitude', 'q point nominal longitude', 'h point nominal latitude', 'q point nominal latitude', 'Depth at cell center']","['', '', '', '', '', '', 'sea_water_x_velocity', 'sea_water_y_velocity', '', '', '', '', '']","['', '', '', '', '', '', 'z_l:mean yh:mean xq:point time: mean', 'z_l:mean yq:point xh:mean time: mean', '', '', '', '', '']","['days', 'days since 1991-01-01 00:00:00', 'days since 1991-01-01 00:00:00', '', 'days since 1991-01-01 00:00:00', 'days', 'm s-1', 'm s-1', 'degrees_east', 'degrees_east', 'degrees_north', 'degrees_north', 'meters']",ocean
20010501.ocean_daily_z_2001_146.nc,/g/data/ik11/outputs/mom6-panan/panan-01-zstar-2001rerun/output003/20010501.ocean_daily_z_2001_146.nc,ocean.1day.nv:2.xh:3600.xq:3601.yh:845.yq:846.z_l_sub01:1,1day,"2001-05-26, 00:00:00","2001-05-27, 00:00:00","['average_DT', 'average_T1', 'average_T2', 'nv', 'time', 'time_bnds', 'uo', 'vo', 'xh', 'xq', 'yh', 'yq', 'z_l_sub01']","['Length of average period', 'Start time for average period', 'End time for average period', 'vertex number', 'time', 'time axis boundaries', 'Sea Water X Velocity', 'Sea Water Y Velocity', 'h point nominal longitude', 'q point nominal longitude', 'h point nominal latitude', 'q point nominal latitude', 'Depth at cell center']","['', '', '', '', '', '', 'sea_water_x_velocity', 'sea_water_y_velocity', '', '', '', '', '']","['', '', '', '', '', '', 'z_l:mean yh:mean xq:point time: mean', 'z_l:mean yq:point xh:mean time: mean', '', '', '', '', '']","['days', 'days since 1991-01-01 00:00:00', 'days since 1991-01-01 00:00:00', '', 'days since 1991-01-01 00:00:00', 'days', 'm s-1', 'm s-1', 'degrees_east', 'degrees_east', 'degrees_north', 'degrees_north', 'meters']",ocean
20010501.ocean_daily_z_2001_147.nc,/g/data/ik11/outputs/mom6-panan/panan-01-zstar-2001rerun/output003/20010501.ocean_daily_z_2001_147.nc,ocean.1day.nv:2.xh:3600.xq:3601.yh:845.yq:846.z_l_sub01:1,1day,"2001-05-27, 00:00:00","2001-05-28, 00:00:00","['average_DT', 'average_T1', 'average_T2', 'nv', 'time', 'time_bnds', 'uo', 'vo', 'xh', 'xq', 'yh', 'yq', 'z_l_sub01']","['Length of average period', 'Start time for average period', 'End time for average period', 'vertex number', 'time', 'time axis boundaries', 'Sea Water X Velocity', 'Sea Water Y Velocity', 'h point nominal longitude', 'q point nominal longitude', 'h point nominal latitude', 'q point nominal latitude', 'Depth at cell center']","['', '', '', '', '', '', 'sea_water_x_velocity', 'sea_water_y_velocity', '', '', '', '', '']","['', '', '', '', '', '', 'z_l:mean yh:mean xq:point time: mean', 'z_l:mean yq:point xh:mean time: mean', '', '', '', '', '']","['days', 'days since 1991-01-01 00:00:00', 'days since 1991-01-01 00:00:00', '', 'days since 1991-01-01 00:00:00', 'days', 'm s-1', 'm s-1', 'degrees_east', 'degrees_east', 'degrees_north', 'degrees_north', 'meters']",ocean
20010501.ocean_daily_z_2001_148.nc,/g/data/ik11/outputs/mom6-panan/panan-01-zstar-2001rerun/output003/20010501.ocean_daily_z_2001_148.nc,ocean.1day.nv:2.xh:3600.xq:3601.yh:845.yq:846.z_l_sub01:1,1day,"2001-05-28, 00:00:00","2001-05-29, 00:00:00","['average_DT', 'average_T1', 'average_T2', 'nv', 'time', 'time_bnds', 'uo', 'vo', 'xh', 'xq', 'yh', 'yq', 'z_l_sub01']","['Length of average period', 'Start time for average period', 'End time for average period', 'vertex number', 'time', 'time axis boundaries', 'Sea Water X Velocity', 'Sea Water Y Velocity', 'h point nominal longitude', 'q point nominal longitude', 'h point nominal latitude', 'q point nominal latitude', 'Depth at cell center']","['', '', '', '', '', '', 'sea_water_x_velocity', 'sea_water_y_velocity', '', '', '', '', '']","['', '', '', '', '', '', 'z_l:mean yh:mean xq:point time: mean', 'z_l:mean yq:point xh:mean time: mean', '', '', '', '', '']","['days', 'days since 1991-01-01 00:00:00', 'days since 1991-01-01 00:00:00', '', 'days since 1991-01-01 00:00:00', 'days', 'm s-1', 'm s-1', 'degrees_east', 'degrees_east', 'degrees_north', 'degrees_north', 'meters']",ocean
20010501.ocean_daily_z_2001_149.nc,/g/data/ik11/outputs/mom6-panan/panan-01-zstar-2001rerun/output003/20010501.ocean_daily_z_2001_149.nc,ocean.1day.nv:2.xh:3600.xq:3601.yh:845.yq:846.z_l_sub01:1,1day,"2001-05-29, 00:00:00","2001-05-30, 00:00:00","['average_DT', 'average_T1', 'average_T2', 'nv', 'time', 'time_bnds', 'uo', 'vo', 'xh', 'xq', 'yh', 'yq', 'z_l_sub01']","['Length of average period', 'Start time for average period', 'End time for average period', 'vertex number', 'time', 'time axis boundaries', 'Sea Water X Velocity', 'Sea Water Y Velocity', 'h point nominal longitude', 'q point nominal longitude', 'h point nominal latitude', 'q point nominal latitude', 'Depth at cell center']","['', '', '', '', '', '', 'sea_water_x_velocity', 'sea_water_y_velocity', '', '', '', '', '']","['', '', '', '', '', '', 'z_l:mean yh:mean xq:point time: mean', 'z_l:mean yq:point xh:mean time: mean', '', '', '', '', '']","['days', 'days since 1991-01-01 00:00:00', 'days since 1991-01-01 00:00:00', '', 'days since 1991-01-01 00:00:00', 'days', 'm s-1', 'm s-1', 'degrees_east', 'degrees_east', 'degrees_north', 'degrees_north', 'meters']",ocean
20010501.ocean_daily_z_2001_150.nc,/g/data/ik11/outputs/mom6-panan/panan-01-zstar-2001rerun/output003/20010501.ocean_daily_z_2001_150.nc,ocean.1day.nv:2.xh:3600.xq:3601.yh:845.yq:846.z_l_sub01:1,1day,"2001-05-30, 00:00:00","2001-05-31, 00:00:00","['average_DT', 'average_T1', 'average_T2', 'nv', 'time', 'time_bnds', 'uo', 'vo', 'xh', 'xq', 'yh', 'yq', 'z_l_sub01']","['Length of average period', 'Start time for average period', 'End time for average period', 'vertex number', 'time', 'time axis boundaries', 'Sea Water X Velocity', 'Sea Water Y Velocity', 'h point nominal longitude', 'q point nominal longitude', 'h point nominal latitude', 'q point nominal latitude', 'Depth at cell center']","['', '', '', '', '', '', 'sea_water_x_velocity', 'sea_water_y_velocity', '', '', '', '', '']","['', '', '', '', '', '', 'z_l:mean yh:mean xq:point time: mean', 'z_l:mean yq:point xh:mean time: mean', '', '', '', '', '']","['days', 'days since 1991-01-01 00:00:00', 'days since 1991-01-01 00:00:00', '', 'days since 1991-01-01 00:00:00', 'days', 'm s-1', 'm s-1', 'degrees_east', 'degrees_east', 'degrees_north', 'degrees_north', 'meters']",ocean
20010501.ocean_daily_z_2001_151.nc,/g/data/ik11/outputs/mom6-panan/panan-01-zstar-2001rerun/output003/20010501.ocean_daily_z_2001_151.nc,ocean.1day.nv:2.xh:3600.xq:3601.yh:845.yq:846.z_l_sub01:1,1day,"2001-05-31, 00:00:00","2001-06-01, 00:00:00","['average_DT', 'average_T1', 'average_T2', 'nv', 'time', 'time_bnds', 'uo', 'vo', 'xh', 'xq', 'yh', 'yq', 'z_l_sub01']","['Length of average period', 'Start time for average period', 'End time for average period', 'vertex number', 'time', 'time axis boundaries', 'Sea Water X Velocity', 'Sea Water Y Velocity', 'h point nominal longitude', 'q point nominal longitude', 'h point nominal latitude', 'q point nominal latitude', 'Depth at cell center']","['', '', '', '', '', '', 'sea_water_x_velocity', 'sea_water_y_velocity', '', '', '', '', '']","['', '', '', '', '', '', 'z_l:mean yh:mean xq:point time: mean', 'z_l:mean yq:point xh:mean time: mean', '', '', '', '', '']","['days', 'days since 1991-01-01 00:00:00', 'days since 1991-01-01 00:00:00', '', 'days since 1991-01-01 00:00:00', 'days', 'm s-1', 'm s-1', 'degrees_east', 'degrees_east', 'degrees_north', 'degrees_north', 'meters']",ocean
20010501.ocean_daily_z_2001_152.nc,/g/data/ik11/outputs/mom6-panan/panan-01-zstar-2001rerun/output003/20010501.ocean_daily_z_2001_152.nc,ocean.1day.nv:2.xh:3600.xq:3601.yh:845.yq:846.z_l_sub01:1,1day,"2001-06-01, 00:00:00","2001-06-02, 00:00:00","['average_DT', 'average_T1', 'average_T2', 'nv', 'time', 'time_bnds', 'uo', 'vo', 'xh', 'xq', 'yh', 'yq', 'z_l_sub01']","['Length of average period', 'Start time for average period', 'End time for average period', 'vertex number', 'time', 'time axis boundaries', 'Sea Water X Velocity', 'Sea Water Y Velocity', 'h point nominal longitude', 'q point nominal longitude', 'h point nominal latitude', 'q point nominal latitude', 'Depth at cell center']","['', '', '', '', '', '', 'sea_water_x_velocity', 'sea_water_y_velocity', '', '', '', '', '']","['', '', '', '', '', '', 'z_l:mean yh:mean xq:point time: mean', 'z_l:mean yq:point xh:mean time: mean', '', '', '', '', '']","['days', 'days since 1991-01-01 00:00:00', 'days since 1991-01-01 00:00:00', '', 'days since 1991-01-01 00:00:00', 'days', 'm s-1', 'm s-1', 'degrees_east', 'degrees_east', 'degrees_north', 'degrees_north', 'meters']",ocean
20010501.ocean_daily_z_2001_153.nc,/g/data/ik11/outputs/mom6-panan/panan-01-zstar-2001rerun/output003/20010501.ocean_daily_z_2001_153.nc,ocean.1day.nv:2.xh:3600.xq:3601.yh:845.yq:846.z_l_sub01:1,1day,"2001-06-02, 00:00:00","2001-06-03, 00:00:00","['average_DT', 'average_T1', 'average_T2', 'nv', 'time', 'time_bnds', 'uo', 'vo', 'xh', 'xq', 'yh', 'yq', 'z_l_sub01']","['Length of average period', 'Start time for average period', 'End time for average period', 'vertex number', 'time', 'time axis boundaries', 'Sea Water X Velocity', 'Sea Water Y Velocity', 'h point nominal longitude', 'q point nominal longitude', 'h point nominal latitude', 'q point nominal latitude', 'Depth at cell center']","['', '', '', '', '', '', 'sea_water_x_velocity', 'sea_water_y_velocity', '', '', '', '', '']","['', '', '', '', '', '', 'z_l:mean yh:mean xq:point time: mean', 'z_l:mean yq:point xh:mean time: mean', '', '', '', '', '']","['days', 'days since 1991-01-01 00:00:00', 'days since 1991-01-01 00:00:00', '', 'days since 1991-01-01 00:00:00', 'days', 'm s-1', 'm s-1', 'degrees_east', 'degrees_east', 'degrees_north', 'degrees_north', 'meters']",ocean
20010501.ocean_daily_z_2001_154.nc,/g/data/ik11/outputs/mom6-panan/panan-01-zstar-2001rerun/output003/20010501.ocean_daily_z_2001_154.nc,ocean.1day.nv:2.xh:3600.xq:3601.yh:845.yq:846.z_l_sub01:1,1day,"2001-06-03, 00:00:00","2001-06-04, 00:00:00","['average_DT', 'average_T1', 'average_T2', 'nv', 'time', 'time_bnds', 'uo', 'vo', 'xh', 'xq', 'yh', 'yq', 'z_l_sub01']","['Length of average period', 'Start time for average period', 'End time for average period', 'vertex number', 'time', 'time axis boundaries', 'Sea Water X Velocity', 'Sea Water Y Velocity', 'h point nominal longitude', 'q point nominal longitude', 'h point nominal latitude', 'q point nominal latitude', 'Depth at cell center']","['', '', '', '', '', '', 'sea_water_x_velocity', 'sea_water_y_velocity', '', '', '', '', '']","['', '', '', '', '', '', 'z_l:mean yh:mean xq:point time: mean', 'z_l:mean yq:point xh:mean time: mean', '', '', '', '', '']","['days', 'days since 1991-01-01 00:00:00', 'days since 1991-01-01 00:00:00', '', 'days since 1991-01-01 00:00:00', 'days', 'm s-1', 'm s-1', 'degrees_east', 'degrees_east', 'degrees_north', 'degrees_north', 'meters']",ocean
20010501.ocean_daily_z_2001_155.nc,/g/data/ik11/outputs/mom6-panan/panan-01-zstar-2001rerun/output003/20010501.ocean_daily_z_2001_155.nc,ocean.1day.nv:2.xh:3600.xq:3601.yh:845.yq:846.z_l_sub01:1,1day,"2001-06-04, 00:00:00","2001-06-05, 00:00:00","['average_DT', 'average_T1', 'average_T2', 'nv', 'time', 'time_bnds', 'uo', 'vo', 'xh', 'xq', 'yh', 'yq', 'z_l_sub01']","['Length of average period', 'Start time for average period', 'End time for average period', 'vertex number', 'time', 'time axis boundaries', 'Sea Water X Velocity', 'Sea Water Y Velocity', 'h point nominal longitude', 'q point nominal longitude', 'h point nominal latitude', 'q point nominal latitude', 'Depth at cell center']","['', '', '', '', '', '', 'sea_water_x_velocity', 'sea_water_y_velocity', '', '', '', '', '']","['', '', '', '', '', '', 'z_l:mean yh:mean xq:point time: mean', 'z_l:mean yq:point xh:mean time: mean', '', '', '', '', '']","['days', 'days since 1991-01-01 00:00:00', 'days since 1991-01-01 00:00:00', '', 'days since 1991-01-01 00:00:00', 'days', 'm s-1', 'm s-1', 'degrees_east', 'degrees_east', 'degrees_north', 'degrees_north', 'meters']",ocean
20010501.ocean_daily_z_2001_156.nc,/g/data/ik11/outputs/mom6-panan/panan-01-zstar-2001rerun/output003/20010501.ocean_daily_z_2001_156.nc,ocean.1day.nv:2.xh:3600.xq:3601.yh:845.yq:846.z_l_sub01:1,1day,"2001-06-05, 00:00:00","2001-06-06, 00:00:00","['average_DT', 'average_T1', 'average_T2', 'nv', 'time', 'time_bnds', 'uo', 'vo', 'xh', 'xq', 'yh', 'yq', 'z_l_sub01']","['Length of average period', 'Start time for average period', 'End time for average period', 'vertex number', 'time', 'time axis boundaries', 'Sea Water X Velocity', 'Sea Water Y Velocity', 'h point nominal longitude', 'q point nominal longitude', 'h point nominal latitude', 'q point nominal latitude', 'Depth at cell center']","['', '', '', '', '', '', 'sea_water_x_velocity', 'sea_water_y_velocity', '', '', '', '', '']","['', '', '', '', '', '', 'z_l:mean yh:mean xq:point time: mean', 'z_l:mean yq:point xh:mean time: mean', '', '', '', '', '']","['days', 'days since 1991-01-01 00:00:00', 'days since 1991-01-01 00:00:00', '', 'days since 1991-01-01 00:00:00', 'days', 'm s-1', 'm s-1', 'degrees_east', 'degrees_east', 'degrees_north', 'degrees_north', 'meters']",ocean
20010501.ocean_daily_z_2001_157.nc,/g/data/ik11/outputs/mom6-panan/panan-01-zstar-2001rerun/output003/20010501.ocean_daily_z_2001_157.nc,ocean.1day.nv:2.xh:3600.xq:3601.yh:845.yq:846.z_l_sub01:1,1day,"2001-06-06, 00:00:00","2001-06-07, 00:00:00","['average_DT', 'average_T1', 'average_T2', 'nv', 'time', 'time_bnds', 'uo', 'vo', 'xh', 'xq', 'yh', 'yq', 'z_l_sub01']","['Length of average period', 'Start time for average period', 'End time for average period', 'vertex number', 'time', 'time axis boundaries', 'Sea Water X Velocity', 'Sea Water Y Velocity', 'h point nominal longitude', 'q point nominal longitude', 'h point nominal latitude', 'q point nominal latitude', 'Depth at cell center']","['', '', '', '', '', '', 'sea_water_x_velocity', 'sea_water_y_velocity', '', '', '', '', '']","['', '', '', '', '', '', 'z_l:mean yh:mean xq:point time: mean', 'z_l:mean yq:point xh:mean time: mean', '', '', '', '', '']","['days', 'days since 1991-01-01 00:00:00', 'days since 1991-01-01 00:00:00', '', 'days since 1991-01-01 00:00:00', 'days', 'm s-1', 'm s-1', 'degrees_east', 'degrees_east', 'degrees_north', 'degrees_north', 'meters']",ocean
20010501.ocean_daily_z_2001_158.nc,/g/data/ik11/outputs/mom6-panan/panan-01-zstar-2001rerun/output003/20010501.ocean_daily_z_2001_158.nc,ocean.1day.nv:2.xh:3600.xq:3601.yh:845.yq:846.z_l_sub01:1,1day,"2001-06-07, 00:00:00","2001-06-08, 00:00:00","['average_DT', 'average_T1', 'average_T2', 'nv', 'time', 'time_bnds', 'uo', 'vo', 'xh', 'xq', 'yh', 'yq', 'z_l_sub01']","['Length of average period', 'Start time for average period', 'End time for average period', 'vertex number', 'time', 'time axis boundaries', 'Sea Water X Velocity', 'Sea Water Y Velocity', 'h point nominal longitude', 'q point nominal longitude', 'h point nominal latitude', 'q point nominal latitude', 'Depth at cell center']","['', '', '', '', '', '', 'sea_water_x_velocity', 'sea_water_y_velocity', '', '', '', '', '']","['', '', '', '', '', '', 'z_l:mean yh:mean xq:point time: mean', 'z_l:mean yq:point xh:mean time: mean', '', '', '', '', '']","['days', 'days since 1991-01-01 00:00:00', 'days since 1991-01-01 00:00:00', '', 'days since 1991-01-01 00:00:00', 'days', 'm s-1', 'm s-1', 'degrees_east', 'degrees_east', 'degrees_north', 'degrees_north', 'meters']",ocean
20010501.ocean_daily_z_2001_159.nc,/g/data/ik11/outputs/mom6-panan/panan-01-zstar-2001rerun/output003/20010501.ocean_daily_z_2001_159.nc,ocean.1day.nv:2.xh:3600.xq:3601.yh:845.yq:846.z_l_sub01:1,1day,"2001-06-08, 00:00:00","2001-06-09, 00:00:00","['average_DT', 'average_T1', 'average_T2', 'nv', 'time', 'time_bnds', 'uo', 'vo', 'xh', 'xq', 'yh', 'yq', 'z_l_sub01']","['Length of average period', 'Start time for average period', 'End time for average period', 'vertex number', 'time', 'time axis boundaries', 'Sea Water X Velocity', 'Sea Water Y Velocity', 'h point nominal longitude', 'q point nominal longitude', 'h point nominal latitude', 'q point nominal latitude', 'Depth at cell center']","['', '', '', '', '', '', 'sea_water_x_velocity', 'sea_water_y_velocity', '', '', '', '', '']","['', '', '', '', '', '', 'z_l:mean yh:mean xq:point time: mean', 'z_l:mean yq:point xh:mean time: mean', '', '', '', '', '']","['days', 'days since 1991-01-01 00:00:00', 'days since 1991-01-01 00:00:00', '', 'days since 1991-01-01 00:00:00', 'days', 'm s-1', 'm s-1', 'degrees_east', 'degrees_east', 'degrees_north', 'degrees_north', 'meters']",ocean
20010501.ocean_daily_z_2001_160.nc,/g/data/ik11/outputs/mom6-panan/panan-01-zstar-2001rerun/output003/20010501.ocean_daily_z_2001_160.nc,ocean.1day.nv:2.xh:3600.xq:3601.yh:845.yq:846.z_l_sub01:1,1day,"2001-06-09, 00:00:00","2001-06-10, 00:00:00","['average_DT', 'average_T1', 'average_T2', 'nv', 'time', 'time_bnds', 'uo', 'vo', 'xh', 'xq', 'yh', 'yq', 'z_l_sub01']","['Length of average period', 'Start time for average period', 'End time for average period', 'vertex number', 'time', 'time axis boundaries', 'Sea Water X Velocity', 'Sea Water Y Velocity', 'h point nominal longitude', 'q point nominal longitude', 'h point nominal latitude', 'q point nominal latitude', 'Depth at cell center']","['', '', '', '', '', '', 'sea_water_x_velocity', 'sea_water_y_velocity', '', '', '', '', '']","['', '', '', '', '', '', 'z_l:mean yh:mean xq:point time: mean', 'z_l:mean yq:point xh:mean time: mean', '', '', '', '', '']","['days', 'days since 1991-01-01 00:00:00', 'days since 1991-01-01 00:00:00', '', 'days since 1991-01-01 00:00:00', 'days', 'm s-1', 'm s-1', 'degrees_east', 'degrees_east', 'degrees_north', 'degrees_north', 'meters']",ocean
20010501.ocean_daily_z_2001_161.nc,/g/data/ik11/outputs/mom6-panan/panan-01-zstar-2001rerun/output003/20010501.ocean_daily_z_2001_161.nc,ocean.1day.nv:2.xh:3600.xq:3601.yh:845.yq:846.z_l_sub01:1,1day,"2001-06-10, 00:00:00","2001-06-11, 00:00:00","['average_DT', 'average_T1', 'average_T2', 'nv', 'time', 'time_bnds', 'uo', 'vo', 'xh', 'xq', 'yh', 'yq', 'z_l_sub01']","['Length of average period', 'Start time for average period', 'End time for average period', 'vertex number', 'time', 'time axis boundaries', 'Sea Water X Velocity', 'Sea Water Y Velocity', 'h point nominal longitude', 'q point nominal longitude', 'h point nominal latitude', 'q point nominal latitude', 'Depth at cell center']","['', '', '', '', '', '', 'sea_water_x_velocity', 'sea_water_y_velocity', '', '', '', '', '']","['', '', '', '', '', '', 'z_l:mean yh:mean xq:point time: mean', 'z_l:mean yq:point xh:mean time: mean', '', '', '', '', '']","['days', 'days since 1991-01-01 00:00:00', 'days since 1991-01-01 00:00:00', '', 'days since 1991-01-01 00:00:00', 'days', 'm s-1', 'm s-1', 'degrees_east', 'degrees_east', 'degrees_north', 'degrees_north', 'meters']",ocean
20010501.ocean_daily_z_2001_162.nc,/g/data/ik11/outputs/mom6-panan/panan-01-zstar-2001rerun/output003/20010501.ocean_daily_z_2001_162.nc,ocean.1day.nv:2.xh:3600.xq:3601.yh:845.yq:846.z_l_sub01:1,1day,"2001-06-11, 00:00:00","2001-06-12, 00:00:00","['average_DT', 'average_T1', 'average_T2', 'nv', 'time', 'time_bnds', 'uo', 'vo', 'xh', 'xq', 'yh', 'yq', 'z_l_sub01']","['Length of average period', 'Start time for average period', 'End time for average period', 'vertex number', 'time', 'time axis boundaries', 'Sea Water X Velocity', 'Sea Water Y Velocity', 'h point nominal longitude', 'q point nominal longitude', 'h point nominal latitude', 'q point nominal latitude', 'Depth at cell center']","['', '', '', '', '', '', 'sea_water_x_velocity', 'sea_water_y_velocity', '', '', '', '', '']","['', '', '', '', '', '', 'z_l:mean yh:mean xq:point time: mean', 'z_l:mean yq:point xh:mean time: mean', '', '', '', '', '']","['days', 'days since 1991-01-01 00:00:00', 'days since 1991-01-01 00:00:00', '', 'days since 1991-01-01 00:00:00', 'days', 'm s-1', 'm s-1', 'degrees_east', 'degrees_east', 'degrees_north', 'degrees_north', 'meters']",ocean
20010501.ocean_daily_z_2001_163.nc,/g/data/ik11/outputs/mom6-panan/panan-01-zstar-2001rerun/output003/20010501.ocean_daily_z_2001_163.nc,ocean.1day.nv:2.xh:3600.xq:3601.yh:845.yq:846.z_l_sub01:1,1day,"2001-06-12, 00:00:00","2001-06-13, 00:00:00","['average_DT', 'average_T1', 'average_T2', 'nv', 'time', 'time_bnds', 'uo', 'vo', 'xh', 'xq', 'yh', 'yq', 'z_l_sub01']","['Length of average period', 'Start time for average period', 'End time for average period', 'vertex number', 'time', 'time axis boundaries', 'Sea Water X Velocity', 'Sea Water Y Velocity', 'h point nominal longitude', 'q point nominal longitude', 'h point nominal latitude', 'q point nominal latitude', 'Depth at cell center']","['', '', '', '', '', '', 'sea_water_x_velocity', 'sea_water_y_velocity', '', '', '', '', '']","['', '', '', '', '', '', 'z_l:mean yh:mean xq:point time: mean', 'z_l:mean yq:point xh:mean time: mean', '', '', '', '', '']","['days', 'days since 1991-01-01 00:00:00', 'days since 1991-01-01 00:00:00', '', 'days since 1991-01-01 00:00:00', 'days', 'm s-1', 'm s-1', 'degrees_east', 'degrees_east', 'degrees_north', 'degrees_north', 'meters']",ocean
20010501.ocean_daily_z_2001_164.nc,/g/data/ik11/outputs/mom6-panan/panan-01-zstar-2001rerun/output003/20010501.ocean_daily_z_2001_164.nc,ocean.1day.nv:2.xh:3600.xq:3601.yh:845.yq:846.z_l_sub01:1,1day,"2001-06-13, 00:00:00","2001-06-14, 00:00:00","['average_DT', 'average_T1', 'average_T2', 'nv', 'time', 'time_bnds', 'uo', 'vo', 'xh', 'xq', 'yh', 'yq', 'z_l_sub01']","['Length of average period', 'Start time for average period', 'End time for average period', 'vertex number', 'time', 'time axis boundaries', 'Sea Water X Velocity', 'Sea Water Y Velocity', 'h point nominal longitude', 'q point nominal longitude', 'h point nominal latitude', 'q point nominal latitude', 'Depth at cell center']","['', '', '', '', '', '', 'sea_water_x_velocity', 'sea_water_y_velocity', '', '', '', '', '']","['', '', '', '', '', '', 'z_l:mean yh:mean xq:point time: mean', 'z_l:mean yq:point xh:mean time: mean', '', '', '', '', '']","['days', 'days since 1991-01-01 00:00:00', 'days since 1991-01-01 00:00:00', '', 'days since 1991-01-01 00:00:00', 'days', 'm s-1', 'm s-1', 'degrees_east', 'degrees_east', 'degrees_north', 'degrees_north', 'meters']",ocean
20010501.ocean_daily_z_2001_165.nc,/g/data/ik11/outputs/mom6-panan/panan-01-zstar-2001rerun/output003/20010501.ocean_daily_z_2001_165.nc,ocean.1day.nv:2.xh:3600.xq:3601.yh:845.yq:846.z_l_sub01:1,1day,"2001-06-14, 00:00:00","2001-06-15, 00:00:00","['average_DT', 'average_T1', 'average_T2', 'nv', 'time', 'time_bnds', 'uo', 'vo', 'xh', 'xq', 'yh', 'yq', 'z_l_sub01']","['Length of average period', 'Start time for average period', 'End time for average period', 'vertex number', 'time', 'time axis boundaries', 'Sea Water X Velocity', 'Sea Water Y Velocity', 'h point nominal longitude', 'q point nominal longitude', 'h point nominal latitude', 'q point nominal latitude', 'Depth at cell center']","['', '', '', '', '', '', 'sea_water_x_velocity', 'sea_water_y_velocity', '', '', '', '', '']","['', '', '', '', '', '', 'z_l:mean yh:mean xq:point time: mean', 'z_l:mean yq:point xh:mean time: mean', '', '', '', '', '']","['days', 'days since 1991-01-01 00:00:00', 'days since 1991-01-01 00:00:00', '', 'days since 1991-01-01 00:00:00', 'days', 'm s-1', 'm s-1', 'degrees_east', 'degrees_east', 'degrees_north', 'degrees_north', 'meters']",ocean
20010501.ocean_daily_z_2001_166.nc,/g/data/ik11/outputs/mom6-panan/panan-01-zstar-2001rerun/output003/20010501.ocean_daily_z_2001_166.nc,ocean.1day.nv:2.xh:3600.xq:3601.yh:845.yq:846.z_l_sub01:1,1day,"2001-06-15, 00:00:00","2001-06-16, 00:00:00","['average_DT', 'average_T1', 'average_T2', 'nv', 'time', 'time_bnds', 'uo', 'vo', 'xh', 'xq', 'yh', 'yq', 'z_l_sub01']","['Length of average period', 'Start time for average period', 'End time for average period', 'vertex number', 'time', 'time axis boundaries', 'Sea Water X Velocity', 'Sea Water Y Velocity', 'h point nominal longitude', 'q point nominal longitude', 'h point nominal latitude', 'q point nominal latitude', 'Depth at cell center']","['', '', '', '', '', '', 'sea_water_x_velocity', 'sea_water_y_velocity', '', '', '', '', '']","['', '', '', '', '', '', 'z_l:mean yh:mean xq:point time: mean', 'z_l:mean yq:point xh:mean time: mean', '', '', '', '', '']","['days', 'days since 1991-01-01 00:00:00', 'days since 1991-01-01 00:00:00', '', 'days since 1991-01-01 00:00:00', 'days', 'm s-1', 'm s-1', 'degrees_east', 'degrees_east', 'degrees_north', 'degrees_north', 'meters']",ocean
20010501.ocean_daily_z_2001_167.nc,/g/data/ik11/outputs/mom6-panan/panan-01-zstar-2001rerun/output003/20010501.ocean_daily_z_2001_167.nc,ocean.1day.nv:2.xh:3600.xq:3601.yh:845.yq:846.z_l_sub01:1,1day,"2001-06-16, 00:00:00","2001-06-17, 00:00:00","['average_DT', 'average_T1', 'average_T2', 'nv', 'time', 'time_bnds', 'uo', 'vo', 'xh', 'xq', 'yh', 'yq', 'z_l_sub01']","['Length of average period', 'Start time for average period', 'End time for average period', 'vertex number', 'time', 'time axis boundaries', 'Sea Water X Velocity', 'Sea Water Y Velocity', 'h point nominal longitude', 'q point nominal longitude', 'h point nominal latitude', 'q point nominal latitude', 'Depth at cell center']","['', '', '', '', '', '', 'sea_water_x_velocity', 'sea_water_y_velocity', '', '', '', '', '']","['', '', '', '', '', '', 'z_l:mean yh:mean xq:point time: mean', 'z_l:mean yq:point xh:mean time: mean', '', '', '', '', '']","['days', 'days since 1991-01-01 00:00:00', 'days since 1991-01-01 00:00:00', '', 'days since 1991-01-01 00:00:00', 'days', 'm s-1', 'm s-1', 'degrees_east', 'degrees_east', 'degrees_north', 'degrees_north', 'meters']",ocean
20010501.ocean_daily_z_2001_168.nc,/g/data/ik11/outputs/mom6-panan/panan-01-zstar-2001rerun/output003/20010501.ocean_daily_z_2001_168.nc,ocean.1day.nv:2.xh:3600.xq:3601.yh:845.yq:846.z_l_sub01:1,1day,"2001-06-17, 00:00:00","2001-06-18, 00:00:00","['average_DT', 'average_T1', 'average_T2', 'nv', 'time', 'time_bnds', 'uo', 'vo', 'xh', 'xq', 'yh', 'yq', 'z_l_sub01']","['Length of average period', 'Start time for average period', 'End time for average period', 'vertex number', 'time', 'time axis boundaries', 'Sea Water X Velocity', 'Sea Water Y Velocity', 'h point nominal longitude', 'q point nominal longitude', 'h point nominal latitude', 'q point nominal latitude', 'Depth at cell center']","['', '', '', '', '', '', 'sea_water_x_velocity', 'sea_water_y_velocity', '', '', '', '', '']","['', '', '', '', '', '', 'z_l:mean yh:mean xq:point time: mean', 'z_l:mean yq:point xh:mean time: mean', '', '', '', '', '']","['days', 'days since 1991-01-01 00:00:00', 'days since 1991-01-01 00:00:00', '', 'days since 1991-01-01 00:00:00', 'days', 'm s-1', 'm s-1', 'degrees_east', 'degrees_east', 'degrees_north', 'degrees_north', 'meters']",ocean
20010501.ocean_daily_z_2001_169.nc,/g/data/ik11/outputs/mom6-panan/panan-01-zstar-2001rerun/output003/20010501.ocean_daily_z_2001_169.nc,ocean.1day.nv:2.xh:3600.xq:3601.yh:845.yq:846.z_l_sub01:1,1day,"2001-06-18, 00:00:00","2001-06-19, 00:00:00","['average_DT', 'average_T1', 'average_T2', 'nv', 'time', 'time_bnds', 'uo', 'vo', 'xh', 'xq', 'yh', 'yq', 'z_l_sub01']","['Length of average period', 'Start time for average period', 'End time for average period', 'vertex number', 'time', 'time axis boundaries', 'Sea Water X Velocity', 'Sea Water Y Velocity', 'h point nominal longitude', 'q point nominal longitude', 'h point nominal latitude', 'q point nominal latitude', 'Depth at cell center']","['', '', '', '', '', '', 'sea_water_x_velocity', 'sea_water_y_velocity', '', '', '', '', '']","['', '', '', '', '', '', 'z_l:mean yh:mean xq:point time: mean', 'z_l:mean yq:point xh:mean time: mean', '', '', '', '', '']","['days', 'days since 1991-01-01 00:00:00', 'days since 1991-01-01 00:00:00', '', 'days since 1991-01-01 00:00:00', 'days', 'm s-1', 'm s-1', 'degrees_east', 'degrees_east', 'degrees_north', 'degrees_north', 'meters']",ocean
20010501.ocean_daily_z_2001_170.nc,/g/data/ik11/outputs/mom6-panan/panan-01-zstar-2001rerun/output003/20010501.ocean_daily_z_2001_170.nc,ocean.1day.nv:2.xh:3600.xq:3601.yh:845.yq:846.z_l_sub01:1,1day,"2001-06-19, 00:00:00","2001-06-20, 00:00:00","['average_DT', 'average_T1', 'average_T2', 'nv', 'time', 'time_bnds', 'uo', 'vo', 'xh', 'xq', 'yh', 'yq', 'z_l_sub01']","['Length of average period', 'Start time for average period', 'End time for average period', 'vertex number', 'time', 'time axis boundaries', 'Sea Water X Velocity', 'Sea Water Y Velocity', 'h point nominal longitude', 'q point nominal longitude', 'h point nominal latitude', 'q point nominal latitude', 'Depth at cell center']","['', '', '', '', '', '', 'sea_water_x_velocity', 'sea_water_y_velocity', '', '', '', '', '']","['', '', '', '', '', '', 'z_l:mean yh:mean xq:point time: mean', 'z_l:mean yq:point xh:mean time: mean', '', '', '', '', '']","['days', 'days since 1991-01-01 00:00:00', 'days since 1991-01-01 00:00:00', '', 'days since 1991-01-01 00:00:00', 'days', 'm s-1', 'm s-1', 'degrees_east', 'degrees_east', 'degrees_north', 'degrees_north', 'meters']",ocean
20010501.ocean_daily_z_2001_171.nc,/g/data/ik11/outputs/mom6-panan/panan-01-zstar-2001rerun/output003/20010501.ocean_daily_z_2001_171.nc,ocean.1day.nv:2.xh:3600.xq:3601.yh:845.yq:846.z_l_sub01:1,1day,"2001-06-20, 00:00:00","2001-06-21, 00:00:00","['average_DT', 'average_T1', 'average_T2', 'nv', 'time', 'time_bnds', 'uo', 'vo', 'xh', 'xq', 'yh', 'yq', 'z_l_sub01']","['Length of average period', 'Start time for average period', 'End time for average period', 'vertex number', 'time', 'time axis boundaries', 'Sea Water X Velocity', 'Sea Water Y Velocity', 'h point nominal longitude', 'q point nominal longitude', 'h point nominal latitude', 'q point nominal latitude', 'Depth at cell center']","['', '', '', '', '', '', 'sea_water_x_velocity', 'sea_water_y_velocity', '', '', '', '', '']","['', '', '', '', '', '', 'z_l:mean yh:mean xq:point time: mean', 'z_l:mean yq:point xh:mean time: mean', '', '', '', '', '']","['days', 'days since 1991-01-01 00:00:00', 'days since 1991-01-01 00:00:00', '', 'days since 1991-01-01 00:00:00', 'days', 'm s-1', 'm s-1', 'degrees_east', 'degrees_east', 'degrees_north', 'degrees_north', 'meters']",ocean
20010501.ocean_daily_z_2001_172.nc,/g/data/ik11/outputs/mom6-panan/panan-01-zstar-2001rerun/output003/20010501.ocean_daily_z_2001_172.nc,ocean.1day.nv:2.xh:3600.xq:3601.yh:845.yq:846.z_l_sub01:1,1day,"2001-06-21, 00:00:00","2001-06-22, 00:00:00","['average_DT', 'average_T1', 'average_T2', 'nv', 'time', 'time_bnds', 'uo', 'vo', 'xh', 'xq', 'yh', 'yq', 'z_l_sub01']","['Length of average period', 'Start time for average period', 'End time for average period', 'vertex number', 'time', 'time axis boundaries', 'Sea Water X Velocity', 'Sea Water Y Velocity', 'h point nominal longitude', 'q point nominal longitude', 'h point nominal latitude', 'q point nominal latitude', 'Depth at cell center']","['', '', '', '', '', '', 'sea_water_x_velocity', 'sea_water_y_velocity', '', '', '', '', '']","['', '', '', '', '', '', 'z_l:mean yh:mean xq:point time: mean', 'z_l:mean yq:point xh:mean time: mean', '', '', '', '', '']","['days', 'days since 1991-01-01 00:00:00', 'days since 1991-01-01 00:00:00', '', 'days since 1991-01-01 00:00:00', 'days', 'm s-1', 'm s-1', 'degrees_east', 'degrees_east', 'degrees_north', 'degrees_north', 'meters']",ocean
20010501.ocean_daily_z_2001_173.nc,/g/data/ik11/outputs/mom6-panan/panan-01-zstar-2001rerun/output003/20010501.ocean_daily_z_2001_173.nc,ocean.1day.nv:2.xh:3600.xq:3601.yh:845.yq:846.z_l_sub01:1,1day,"2001-06-22, 00:00:00","2001-06-23, 00:00:00","['average_DT', 'average_T1', 'average_T2', 'nv', 'time', 'time_bnds', 'uo', 'vo', 'xh', 'xq', 'yh', 'yq', 'z_l_sub01']","['Length of average period', 'Start time for average period', 'End time for average period', 'vertex number', 'time', 'time axis boundaries', 'Sea Water X Velocity', 'Sea Water Y Velocity', 'h point nominal longitude', 'q point nominal longitude', 'h point nominal latitude', 'q point nominal latitude', 'Depth at cell center']","['', '', '', '', '', '', 'sea_water_x_velocity', 'sea_water_y_velocity', '', '', '', '', '']","['', '', '', '', '', '', 'z_l:mean yh:mean xq:point time: mean', 'z_l:mean yq:point xh:mean time: mean', '', '', '', '', '']","['days', 'days since 1991-01-01 00:00:00', 'days since 1991-01-01 00:00:00', '', 'days since 1991-01-01 00:00:00', 'days', 'm s-1', 'm s-1', 'degrees_east', 'degrees_east', 'degrees_north', 'degrees_north', 'meters']",ocean
20010501.ocean_daily_z_2001_174.nc,/g/data/ik11/outputs/mom6-panan/panan-01-zstar-2001rerun/output003/20010501.ocean_daily_z_2001_174.nc,ocean.1day.nv:2.xh:3600.xq:3601.yh:845.yq:846.z_l_sub01:1,1day,"2001-06-23, 00:00:00","2001-06-24, 00:00:00","['average_DT', 'average_T1', 'average_T2', 'nv', 'time', 'time_bnds', 'uo', 'vo', 'xh', 'xq', 'yh', 'yq', 'z_l_sub01']","['Length of average period', 'Start time for average period', 'End time for average period', 'vertex number', 'time', 'time axis boundaries', 'Sea Water X Velocity', 'Sea Water Y Velocity', 'h point nominal longitude', 'q point nominal longitude', 'h point nominal latitude', 'q point nominal latitude', 'Depth at cell center']","['', '', '', '', '', '', 'sea_water_x_velocity', 'sea_water_y_velocity', '', '', '', '', '']","['', '', '', '', '', '', 'z_l:mean yh:mean xq:point time: mean', 'z_l:mean yq:point xh:mean time: mean', '', '', '', '', '']","['days', 'days since 1991-01-01 00:00:00', 'days since 1991-01-01 00:00:00', '', 'days since 1991-01-01 00:00:00', 'days', 'm s-1', 'm s-1', 'degrees_east', 'degrees_east', 'degrees_north', 'degrees_north', 'meters']",ocean
20010501.ocean_daily_z_2001_175.nc,/g/data/ik11/outputs/mom6-panan/panan-01-zstar-2001rerun/output003/20010501.ocean_daily_z_2001_175.nc,ocean.1day.nv:2.xh:3600.xq:3601.yh:845.yq:846.z_l_sub01:1,1day,"2001-06-24, 00:00:00","2001-06-25, 00:00:00","['average_DT', 'average_T1', 'average_T2', 'nv', 'time', 'time_bnds', 'uo', 'vo', 'xh', 'xq', 'yh', 'yq', 'z_l_sub01']","['Length of average period', 'Start time for average period', 'End time for average period', 'vertex number', 'time', 'time axis boundaries', 'Sea Water X Velocity', 'Sea Water Y Velocity', 'h point nominal longitude', 'q point nominal longitude', 'h point nominal latitude', 'q point nominal latitude', 'Depth at cell center']","['', '', '', '', '', '', 'sea_water_x_velocity', 'sea_water_y_velocity', '', '', '', '', '']","['', '', '', '', '', '', 'z_l:mean yh:mean xq:point time: mean', 'z_l:mean yq:point xh:mean time: mean', '', '', '', '', '']","['days', 'days since 1991-01-01 00:00:00', 'days since 1991-01-01 00:00:00', '', 'days since 1991-01-01 00:00:00', 'days', 'm s-1', 'm s-1', 'degrees_east', 'degrees_east', 'degrees_north', 'degrees_north', 'meters']",ocean
20010501.ocean_daily_z_2001_176.nc,/g/data/ik11/outputs/mom6-panan/panan-01-zstar-2001rerun/output003/20010501.ocean_daily_z_2001_176.nc,ocean.1day.nv:2.xh:3600.xq:3601.yh:845.yq:846.z_l_sub01:1,1day,"2001-06-25, 00:00:00","2001-06-26, 00:00:00","['average_DT', 'average_T1', 'average_T2', 'nv', 'time', 'time_bnds', 'uo', 'vo', 'xh', 'xq', 'yh', 'yq', 'z_l_sub01']","['Length of average period', 'Start time for average period', 'End time for average period', 'vertex number', 'time', 'time axis boundaries', 'Sea Water X Velocity', 'Sea Water Y Velocity', 'h point nominal longitude', 'q point nominal longitude', 'h point nominal latitude', 'q point nominal latitude', 'Depth at cell center']","['', '', '', '', '', '', 'sea_water_x_velocity', 'sea_water_y_velocity', '', '', '', '', '']","['', '', '', '', '', '', 'z_l:mean yh:mean xq:point time: mean', 'z_l:mean yq:point xh:mean time: mean', '', '', '', '', '']","['days', 'days since 1991-01-01 00:00:00', 'days since 1991-01-01 00:00:00', '', 'days since 1991-01-01 00:00:00', 'days', 'm s-1', 'm s-1', 'degrees_east', 'degrees_east', 'degrees_north', 'degrees_north', 'meters']",ocean
20010501.ocean_daily_z_2001_177.nc,/g/data/ik11/outputs/mom6-panan/panan-01-zstar-2001rerun/output003/20010501.ocean_daily_z_2001_177.nc,ocean.1day.nv:2.xh:3600.xq:3601.yh:845.yq:846.z_l_sub01:1,1day,"2001-06-26, 00:00:00","2001-06-27, 00:00:00","['average_DT', 'average_T1', 'average_T2', 'nv', 'time', 'time_bnds', 'uo', 'vo', 'xh', 'xq', 'yh', 'yq', 'z_l_sub01']","['Length of average period', 'Start time for average period', 'End time for average period', 'vertex number', 'time', 'time axis boundaries', 'Sea Water X Velocity', 'Sea Water Y Velocity', 'h point nominal longitude', 'q point nominal longitude', 'h point nominal latitude', 'q point nominal latitude', 'Depth at cell center']","['', '', '', '', '', '', 'sea_water_x_velocity', 'sea_water_y_velocity', '', '', '', '', '']","['', '', '', '', '', '', 'z_l:mean yh:mean xq:point time: mean', 'z_l:mean yq:point xh:mean time: mean', '', '', '', '', '']","['days', 'days since 1991-01-01 00:00:00', 'days since 1991-01-01 00:00:00', '', 'days since 1991-01-01 00:00:00', 'days', 'm s-1', 'm s-1', 'degrees_east', 'degrees_east', 'degrees_north', 'degrees_north', 'meters']",ocean
20010501.ocean_daily_z_2001_178.nc,/g/data/ik11/outputs/mom6-panan/panan-01-zstar-2001rerun/output003/20010501.ocean_daily_z_2001_178.nc,ocean.1day.nv:2.xh:3600.xq:3601.yh:845.yq:846.z_l_sub01:1,1day,"2001-06-27, 00:00:00","2001-06-28, 00:00:00","['average_DT', 'average_T1', 'average_T2', 'nv', 'time', 'time_bnds', 'uo', 'vo', 'xh', 'xq', 'yh', 'yq', 'z_l_sub01']","['Length of average period', 'Start time for average period', 'End time for average period', 'vertex number', 'time', 'time axis boundaries', 'Sea Water X Velocity', 'Sea Water Y Velocity', 'h point nominal longitude', 'q point nominal longitude', 'h point nominal latitude', 'q point nominal latitude', 'Depth at cell center']","['', '', '', '', '', '', 'sea_water_x_velocity', 'sea_water_y_velocity', '', '', '', '', '']","['', '', '', '', '', '', 'z_l:mean yh:mean xq:point time: mean', 'z_l:mean yq:point xh:mean time: mean', '', '', '', '', '']","['days', 'days since 1991-01-01 00:00:00', 'days since 1991-01-01 00:00:00', '', 'days since 1991-01-01 00:00:00', 'days', 'm s-1', 'm s-1', 'degrees_east', 'degrees_east', 'degrees_north', 'degrees_north', 'meters']",ocean
20010501.ocean_daily_z_2001_179.nc,/g/data/ik11/outputs/mom6-panan/panan-01-zstar-2001rerun/output003/20010501.ocean_daily_z_2001_179.nc,ocean.1day.nv:2.xh:3600.xq:3601.yh:845.yq:846.z_l_sub01:1,1day,"2001-06-28, 00:00:00","2001-06-29, 00:00:00","['average_DT', 'average_T1', 'average_T2', 'nv', 'time', 'time_bnds', 'uo', 'vo', 'xh', 'xq', 'yh', 'yq', 'z_l_sub01']","['Length of average period', 'Start time for average period', 'End time for average period', 'vertex number', 'time', 'time axis boundaries', 'Sea Water X Velocity', 'Sea Water Y Velocity', 'h point nominal longitude', 'q point nominal longitude', 'h point nominal latitude', 'q point nominal latitude', 'Depth at cell center']","['', '', '', '', '', '', 'sea_water_x_velocity', 'sea_water_y_velocity', '', '', '', '', '']","['', '', '', '', '', '', 'z_l:mean yh:mean xq:point time: mean', 'z_l:mean yq:point xh:mean time: mean', '', '', '', '', '']","['days', 'days since 1991-01-01 00:00:00', 'days since 1991-01-01 00:00:00', '', 'days since 1991-01-01 00:00:00', 'days', 'm s-1', 'm s-1', 'degrees_east', 'degrees_east', 'degrees_north', 'degrees_north', 'meters']",ocean
20010501.ocean_daily_z_2001_180.nc,/g/data/ik11/outputs/mom6-panan/panan-01-zstar-2001rerun/output003/20010501.ocean_daily_z_2001_180.nc,ocean.1day.nv:2.xh:3600.xq:3601.yh:845.yq:846.z_l_sub01:1,1day,"2001-06-29, 00:00:00","2001-06-30, 00:00:00","['average_DT', 'average_T1', 'average_T2', 'nv', 'time', 'time_bnds', 'uo', 'vo', 'xh', 'xq', 'yh', 'yq', 'z_l_sub01']","['Length of average period', 'Start time for average period', 'End time for average period', 'vertex number', 'time', 'time axis boundaries', 'Sea Water X Velocity', 'Sea Water Y Velocity', 'h point nominal longitude', 'q point nominal longitude', 'h point nominal latitude', 'q point nominal latitude', 'Depth at cell center']","['', '', '', '', '', '', 'sea_water_x_velocity', 'sea_water_y_velocity', '', '', '', '', '']","['', '', '', '', '', '', 'z_l:mean yh:mean xq:point time: mean', 'z_l:mean yq:point xh:mean time: mean', '', '', '', '', '']","['days', 'days since 1991-01-01 00:00:00', 'days since 1991-01-01 00:00:00', '', 'days since 1991-01-01 00:00:00', 'days', 'm s-1', 'm s-1', 'degrees_east', 'degrees_east', 'degrees_north', 'degrees_north', 'meters']",ocean
20010501.ocean_daily_z_2001_181.nc,/g/data/ik11/outputs/mom6-panan/panan-01-zstar-2001rerun/output003/20010501.ocean_daily_z_2001_181.nc,ocean.1day.nv:2.xh:3600.xq:3601.yh:845.yq:846.z_l_sub01:1,1day,"2001-06-30, 00:00:00","2001-07-01, 00:00:00","['average_DT', 'average_T1', 'average_T2', 'nv', 'time', 'time_bnds', 'uo', 'vo', 'xh', 'xq', 'yh', 'yq', 'z_l_sub01']","['Length of average period', 'Start time for average period', 'End time for average period', 'vertex number', 'time', 'time axis boundaries', 'Sea Water X Velocity', 'Sea Water Y Velocity', 'h point nominal longitude', 'q point nominal longitude', 'h point nominal latitude', 'q point nominal latitude', 'Depth at cell center']","['', '', '', '', '', '', 'sea_water_x_velocity', 'sea_water_y_velocity', '', '', '', '', '']","['', '', '', '', '', '', 'z_l:mean yh:mean xq:point time: mean', 'z_l:mean yq:point xh:mean time: mean', '', '', '', '', '']","['days', 'days since 1991-01-01 00:00:00', 'days since 1991-01-01 00:00:00', '', 'days since 1991-01-01 00:00:00', 'days', 'm s-1', 'm s-1', 'degrees_east', 'degrees_east', 'degrees_north', 'degrees_north', 'meters']",ocean
20010501.ocean_month.nc,/g/data/ik11/outputs/mom6-panan/panan-01-zstar-2001rerun/output003/20010501.ocean_month.nc,ocean.1mon.nv:2.scalar_axis:1.xh:3600.xq:3601.yh:845.yq:846.zi:76,1mon,"2001-05-01, 00:00:00","2001-07-01, 00:00:00","['Heat_PmE', 'LW', 'SW', 'T_advection_xy_2d', 'Th_tendency_vert_remap_2d', 'average_DT', 'average_T1', 'average_T2', 'boundary_forcing_heat_tendency_2d', 'evap', 'frazil', 'frazil_heat_tendency_2d', 'frunoff', 'heat_added', 'heat_content_fprec', 'heat_content_frunoff', 'heat_content_icemelt', 'heat_content_lprec', 'heat_content_lrunoff', 'heat_content_massin', 'heat_content_massout', 'hfds', 'hfrainds', 'hfrunoffds', 'latent', 'latent_evap', 'latent_fprec_diag', 'latent_frunoff', 'lrunoff', 'mlotst', 'net_heat_coupler', 'net_massin', 'net_massout', 'nv', 'opottempdiff_2d', 'opottemppmdiff_2d', 'opottemptend_2d', 'precip', 'rsdo', 'salt_flux', 'salt_flux_added', 'salt_flux_in', 'scalar_axis', 'seaice_melt', 'seaice_melt_heat', 'sensible', 'sob', 'sos', 'tauuo', 'tauvo', 'time', 'time_bnds', 'tob', 'tos', 'total_icemelt', 'umo_2d', 'vmo_2d', 'wfo', 'xh', 'xq', 'yh', 'yq', 'zi', 'zos']","['Heat flux into ocean from mass flux into ocean', 'Longwave radiation flux into ocean', 'Shortwave radiation flux into ocean', 'Vertical sum of horizontal convergence of residual mean advective fluxes of heat', 'Vertical sum of vertical remapping tracer content tendency for Heat', 'Length of average period', 'Start time for average period', 'End time for average period', 'Depth integrated boundary forcing of ocean heat', 'Evaporation/condensation at ocean surface (evaporation is negative)', 'Heat from frazil formation', 'Depth integrated heat tendency due to frazil formation', 'Frozen runoff (calving) and iceberg melt into ocean', 'Flux Adjustment or restoring surface heat flux into ocean', 'Heat content (relative to 0degC) of frozen prec entering ocean', 'Heat content (relative to 0C) of solid runoff into ocean', 'Heat content (relative to 0degC) of water flux due to sea ice melting/freezing', 'Heat content (relative to 0degC) of liquid precip entering ocean', 'Heat content (relative to 0C) of liquid runoff into ocean', 'Heat content (relative to 0degC) of net mass entering ocean ocean', 'Heat content (relative to 0degC) of net mass leaving ocean ocean via evap and ice form', 'Surface ocean heat flux from SW+LW+latent+sensible+masstransfer+frazil+seaice_melt_heat', 'Heat content (relative to 0degC) of liquid+frozen precip entering ocean', 'Heat content (relative to 0C) of liquid+solid runoff into ocean', 'Latent heat flux into ocean due to fusion and evaporation (negative means ocean heat loss)', 'Latent heat flux into ocean due to evaporation/condensation', 'Latent heat flux into ocean due to melting of frozen precipitation', 'Latent heat flux into ocean due to melting of icebergs', 'Liquid runoff (rivers) into ocean', 'Ocean Mixed Layer Thickness Defined by Sigma T', 'Surface ocean heat flux from SW+LW+latent+sensible+seaice_melt_heat (via the coupler)', 'Net mass entering ocean due to precip, runoff, ice melt', 'Net mass leaving the ocean due to evaporation, seaice formation', 'vertex number', 'Tendency of sea water potential temperature expressed as heat content due to parameterized dianeutral mixing depth integrated', 'Tendency of sea water potential temperature expressed as heat content due to parameterized mesoscale neutral diffusion', 'Tendency of Sea Water Potential Temperature Expressed as Heat Content Vertical Sum', 'Liquid + frozen precipitation into ocean', 'Downwelling Shortwave Flux in Sea Water at Grid Cell Upper Interface', 'Net salt flux into ocean at surface (restoring + sea-ice)', 'Salt flux into ocean at surface due to restoring or flux adjustment', 'Salt flux into ocean at surface from coupler', 'none', 'water flux to ocean from snow/sea ice melting(> 0) or formation(< 0)', 'Heat flux into ocean due to snow and sea ice melt/freeze', 'Sensible heat flux into ocean', 'Sea Water Salinity at Sea Floor', 'Sea Surface Salinity', 'Surface Downward X Stress', 'Surface Downward Y Stress', 'time', 'time axis boundaries', 'Sea Water Potential Temperature at Sea Floor', 'Sea Surface Temperature', 'Area integrated sea ice melt (>0) or form (<0)', 'Ocean Mass X Transport Vertical Sum', 'Ocean Mass Y Transport Vertical Sum', 'Water Flux Into Sea Water', 'h point nominal longitude', 'q point nominal longitude', 'h point nominal latitude', 'q point nominal latitude', 'Interface pseudo-depth, -z*', 'Sea surface height above geoid']","['', 'surface_net_downward_longwave_flux', 'net_downward_shortwave_flux_at_sea_water_surface', '', '', '', '', '', '', 'water_evaporation_flux', '', '', 'water_flux_into_sea_water_from_icebergs', '', '', 'temperature_flux_due_to_solid_runoff_expressed_as_heat_flux_into_sea_water', '', '', 'temperature_flux_due_to_runoff_expressed_as_heat_flux_into_sea_water', '', '', 'surface_downward_heat_flux_in_sea_water', 'temperature_flux_due_to_rainfall_expressed_as_heat_flux_into_sea_water', 'temperature_flux_due_to_runoff_expressed_as_heat_flux_into_sea_water', '', '', '', '', 'water_flux_into_sea_water_from_rivers', 'ocean_mixed_layer_thickness_defined_by_sigma_t', '', '', '', '', 'tendency_of_sea_water_potential_temperature_expressed_as_heat_content_due_to_parameterized_dianeutral_mixing_depth_integrated', 'tendency_of_sea_water_potential_temperature_expressed_as_heat_content_due_to_parameterized_mesoscale_neutral_diffusion', 'tendency_of_sea_water_potential_temperature_expressed_as_heat_content_vertical_sum', '', 'downwelling_shortwave_flux_in_sea_water', '', '', '', '', 'water_flux_into_sea_water_due_to_sea_ice_thermodynamics', 'snow_ice_melt_heat_flux', 'surface_downward_sensible_heat_flux', 'sea_water_salinity_at_sea_floor', 'sea_surface_salinity', 'surface_downward_x_stress', 'surface_downward_y_stress', '', '', 'sea_water_potential_temperature_at_sea_floor', 'sea_surface_temperature', 'water_flux_into_sea_water_due_to_sea_ice_thermodynamics_area_integrated', 'ocean_mass_x_transport_vertical_sum', 'ocean_mass_y_transport_vertical_sum', 'water_flux_into_sea_water', '', '', '', '', '', 'sea_surface_height_above_geoid']","['area:mean yh:mean xh:mean time: mean', 'area:mean yh:mean xh:mean time: mean', 'area:mean yh:mean xh:mean time: mean', 'area:mean yh:mean xh:mean time: mean', 'area:mean yh:mean xh:mean time: mean', '', '', '', 'area:mean yh:mean xh:mean time: mean', 'area:mean yh:mean xh:mean time: mean', 'area:mean yh:mean xh:mean time: mean', 'area:mean yh:mean xh:mean time: mean', 'area:mean yh:mean xh:mean time: mean', 'area:mean yh:mean xh:mean time: mean', 'area:mean yh:mean xh:mean time: mean', 'area:mean yh:mean xh:mean time: mean', 'area:mean yh:mean xh:mean time: mean', 'area:mean yh:mean xh:mean time: mean', 'area:mean yh:mean xh:mean time: mean', 'area:mean yh:mean xh:mean time: mean', 'area:mean yh:mean xh:mean time: mean', 'area:mean yh:mean xh:mean time: mean', 'area:mean yh:mean xh:mean time: mean', 'area:mean yh:mean xh:mean time: mean', 'area:mean yh:mean xh:mean time: mean', 'area:mean yh:mean xh:mean time: mean', 'area:mean yh:mean xh:mean time: mean', 'area:mean yh:mean xh:mean time: mean', 'area:mean yh:mean xh:mean time: mean', 'area:mean yh:mean xh:mean time: mean', 'area:mean yh:mean xh:mean time: mean', 'area:mean yh:mean xh:mean time: mean', 'area:mean yh:mean xh:mean time: mean', '', 'area:mean yh:mean xh:mean time: mean', 'area:sum yh:sum xh:sum time: mean', 'area:mean yh:mean xh:mean time: mean', 'area:mean yh:mean xh:mean time: mean', 'area:mean zi:point yh:mean xh:mean time: mean', 'area:mean yh:mean xh:mean time: mean', 'area:mean yh:mean xh:mean time: mean', 'area:mean yh:mean xh:mean time: mean', '', 'area:mean yh:mean xh:mean time: mean', 'area:mean yh:mean xh:mean time: mean', 'area:mean yh:mean xh:mean time: mean', 'area:mean yh:mean xh:mean time: mean', 'area:mean yh:mean xh:mean time: mean', 'yh:mean xq:point time: mean', 'yq:point xh:mean time: mean', '', '', 'area:mean yh:mean xh:mean time: mean', 'area:mean yh:mean xh:mean time: mean', 'time: mean', 'yh:sum xq:point time: mean', 'yq:point xh:sum time: mean', 'area:mean yh:mean xh:mean time: mean', '', '', '', '', '', 'area:mean yh:mean xh:mean time: mean']","['W m-2', 'W m-2', 'W m-2', 'W m-2', 'W m-2', 'days', 'days since 1991-01-01 00:00:00', 'days since 1991-01-01 00:00:00', 'W m-2', 'kg m-2 s-1', 'W m-2', 'W m-2', 'kg m-2 s-1', 'W m-2', 'W m-2', 'W m-2', 'W m-2', 'W m-2', 'W m-2', 'W m-2', 'W m-2', 'W m-2', 'W m-2', 'W m-2', 'W m-2', 'W m-2', 'W m-2', 'W m-2', 'kg m-2 s-1', 'm', 'W m-2', 'kg m-2 s-1', 'kg m-2 s-1', '', 'W m-2', 'W m-2', 'W m-2', 'kg m-2 s-1', 'W m-2', 'kg m-2 s-1', 'kg m-2 s-1', 'kg m-2 s-1', '', 'kg m-2 s-1', 'W m-2', 'W m-2', 'psu', 'psu', 'N m-2', 'N m-2', 'days since 1991-01-01 00:00:00', 'days', 'degC', 'degC', 'kg s-1', 'kg s-1', 'kg s-1', 'kg m-2 s-1', 'degrees_east', 'degrees_east', 'degrees_north', 'degrees_north', 'meter', 'm']",ocean
20010501.ocean_month_rho2.nc,/g/data/ik11/outputs/mom6-panan/panan-01-zstar-2001rerun/output003/20010501.ocean_month_rho2.nc,ocean.1mon.nv:2.rho2_i:100.rho2_l:99.xh:3600.xq:3601.yh:845.yq:846,1mon,"2001-05-01, 00:00:00","2001-07-01, 00:00:00","['T_advection_xy', 'T_adx', 'T_ady', 'Th_tendency_vert_remap', 'average_DT', 'average_T1', 'average_T2', 'boundary_forcing_heat_tendency', 'frazil_heat_tendency', 'nv', 'opottempdiff', 'opottemppmdiff', 'opottemptend', 'rho2_i', 'rho2_l', 'thetao', 'time', 'time_bnds', 'umo', 'uo', 'vmo', 'vo', 'volcello', 'xh', 'xq', 'yh', 'yq']","['Horizontal convergence of residual mean advective fluxes of heat', 'Advective (by residual mean) Zonal Flux of Heat', 'Advective (by residual mean) Meridional Flux of Heat', 'Vertical remapping tracer content tendency for Heat', 'Length of average period', 'Start time for average period', 'End time for average period', 'Boundary forcing heat tendency', 'Heat tendency due to frazil formation', 'vertex number', 'Tendency of sea water potential temperature expressed as heat content due to parameterized dianeutral mixing', 'Tendency of sea water potential temperature expressed as heat content due to parameterized mesoscale neutral diffusion', 'Tendency of Sea Water Potential Temperature Expressed as Heat Content', 'Target Potential Density at interface', 'Target Potential Density at cell center', 'Sea Water Potential Temperature', 'time', 'time axis boundaries', 'Ocean Mass X Transport', 'Sea Water X Velocity', 'Ocean Mass Y Transport', 'Sea Water Y Velocity', 'Ocean grid-cell volume', 'h point nominal longitude', 'q point nominal longitude', 'h point nominal latitude', 'q point nominal latitude']","['', '', '', '', '', '', '', '', '', '', 'tendency_of_sea_water_potential_temperature_expressed_as_heat_content_due_to_parameterized_dianeutral_mixing', 'tendency_of_sea_water_potential_temperature_expressed_as_heat_content_due_to_parameterized_mesoscale_neutral_diffusion', 'tendency_of_sea_water_potential_temperature_expressed_as_heat_content', '', '', 'sea_water_potential_temperature', '', '', 'ocean_mass_x_transport', 'sea_water_x_velocity', 'ocean_mass_y_transport', 'sea_water_y_velocity', 'ocean_volume', '', '', '', '']","['area:mean rho2_l:sum yh:mean xh:mean time: mean', 'rho2_l:sum yh:sum xq:point time: mean', 'rho2_l:sum yq:point xh:sum time: mean', 'area:mean rho2_l:sum yh:mean xh:mean time: mean', '', '', '', 'area:mean rho2_l:sum yh:mean xh:mean time: mean', 'area:mean rho2_l:sum yh:mean xh:mean time: mean', '', 'area:mean rho2_l:sum yh:mean xh:mean time: mean', 'area:sum rho2_l:sum yh:sum xh:sum time: mean', 'area:mean rho2_l:sum yh:mean xh:mean time: mean', '', '', 'area:mean rho2_l:mean yh:mean xh:mean time: mean', '', '', 'rho2_l:sum yh:sum xq:point time: mean', 'rho2_l:mean yh:mean xq:point time: mean', 'rho2_l:sum yq:point xh:sum time: mean', 'rho2_l:mean yq:point xh:mean time: mean', 'area:sum rho2_l:sum yh:sum xh:sum time: mean', '', '', '', '']","['W m-2', 'W', 'W', 'W m-2', 'days', 'days since 1991-01-01 00:00:00', 'days since 1991-01-01 00:00:00', 'W m-2', 'W m-2', '', 'W m-2', 'W m-2', 'W m-2', 'kg m-3', 'kg m-3', 'degC', 'days since 1991-01-01 00:00:00', 'days', 'kg s-1', 'm s-1', 'kg s-1', 'm s-1', 'm3', 'degrees_east', 'degrees_east', 'degrees_north', 'degrees_north']",ocean
20010501.ocean_month_z.nc,/g/data/ik11/outputs/mom6-panan/panan-01-zstar-2001rerun/output003/20010501.ocean_month_z.nc,ocean.1mon.nv:2.xh:3600.xq:3601.yh:845.yq:846.z_i:76.z_l:75,1mon,"2001-05-01, 00:00:00","2001-07-01, 00:00:00","['T_advection_xy', 'T_adx', 'T_ady', 'Th_tendency_vert_remap', 'agessc', 'average_DT', 'average_T1', 'average_T2', 'boundary_forcing_heat_tendency', 'frazil_heat_tendency', 'nv', 'opottempdiff', 'opottemppmdiff', 'opottemptend', 'rhopot0', 'rhopot2', 'so', 'thetao', 'time', 'time_bnds', 'umo', 'uo', 'vmo', 'vo', 'volcello', 'xh', 'xq', 'yh', 'yq', 'z_i', 'z_l']","['Horizontal convergence of residual mean advective fluxes of heat', 'Advective (by residual mean) Zonal Flux of Heat', 'Advective (by residual mean) Meridional Flux of Heat', 'Vertical remapping tracer content tendency for Heat', 'Ideal Age Tracer', 'Length of average period', 'Start time for average period', 'End time for average period', 'Boundary forcing heat tendency', 'Heat tendency due to frazil formation', 'vertex number', 'Tendency of sea water potential temperature expressed as heat content due to parameterized dianeutral mixing', 'Tendency of sea water potential temperature expressed as heat content due to parameterized mesoscale neutral diffusion', 'Tendency of Sea Water Potential Temperature Expressed as Heat Content', 'Potential density referenced to surface', 'Potential density referenced to 2000 dbar', 'Sea Water Salinity', 'Sea Water Potential Temperature', 'time', 'time axis boundaries', 'Ocean Mass X Transport', 'Sea Water X Velocity', 'Ocean Mass Y Transport', 'Sea Water Y Velocity', 'Ocean grid-cell volume', 'h point nominal longitude', 'q point nominal longitude', 'h point nominal latitude', 'q point nominal latitude', 'Depth at interface', 'Depth at cell center']","['', '', '', '', 'ideal_age_tracer', '', '', '', '', '', '', 'tendency_of_sea_water_potential_temperature_expressed_as_heat_content_due_to_parameterized_dianeutral_mixing', 'tendency_of_sea_water_potential_temperature_expressed_as_heat_content_due_to_parameterized_mesoscale_neutral_diffusion', 'tendency_of_sea_water_potential_temperature_expressed_as_heat_content', '', '', 'sea_water_salinity', 'sea_water_potential_temperature', '', '', 'ocean_mass_x_transport', 'sea_water_x_velocity', 'ocean_mass_y_transport', 'sea_water_y_velocity', 'ocean_volume', '', '', '', '', '', '']","['area:mean z_l:sum yh:mean xh:mean time: mean', 'z_l:sum yh:sum xq:point time: mean', 'z_l:sum yq:point xh:sum time: mean', 'area:mean z_l:sum yh:mean xh:mean time: mean', 'area:mean z_l:mean yh:mean xh:mean time: mean', '', '', '', 'area:mean z_l:sum yh:mean xh:mean time: mean', 'area:mean z_l:sum yh:mean xh:mean time: mean', '', 'area:mean z_l:sum yh:mean xh:mean time: mean', 'area:sum z_l:sum yh:sum xh:sum time: mean', 'area:mean z_l:sum yh:mean xh:mean time: mean', 'area:mean z_l:mean yh:mean xh:mean time: mean', 'area:mean z_l:mean yh:mean xh:mean time: mean', 'area:mean z_l:mean yh:mean xh:mean time: mean', 'area:mean z_l:mean yh:mean xh:mean time: mean', '', '', 'z_l:sum yh:sum xq:point time: mean', 'z_l:mean yh:mean xq:point time: mean', 'z_l:sum yq:point xh:sum time: mean', 'z_l:mean yq:point xh:mean time: mean', 'area:sum z_l:sum yh:sum xh:sum time: mean', '', '', '', '', '', '']","['W m-2', 'W', 'W', 'W m-2', 'yr', 'days', 'days since 1991-01-01 00:00:00', 'days since 1991-01-01 00:00:00', 'W m-2', 'W m-2', '', 'W m-2', 'W m-2', 'W m-2', 'kg m-3', 'kg m-3', 'psu', 'degC', 'days since 1991-01-01 00:00:00', 'days', 'kg s-1', 'm s-1', 'kg s-1', 'm s-1', 'm3', 'degrees_east', 'degrees_east', 'degrees_north', 'degrees_north', 'meters', 'meters']",ocean
20010501.ocean_static.nc,/g/data/ik11/outputs/mom6-panan/panan-01-zstar-2001rerun/output003/20010501.ocean_static.nc,ocean.fx.xh:3600.xq:3601.yh:845.yq:846,fx,"1991-01-01, 00:00:00","1991-01-01, 00:00:00","['Coriolis', 'areacello', 'areacello_bu', 'areacello_cu', 'areacello_cv', 'deptho', 'dxCu', 'dxCv', 'dxt', 'dyCu', 'dyCv', 'dyt', 'geolat', 'geolat_c', 'geolat_u', 'geolat_v', 'geolon', 'geolon_c', 'geolon_u', 'geolon_v', 'time', 'wet', 'wet_c', 'wet_u', 'wet_v', 'xh', 'xq', 'yh', 'yq']","['Coriolis parameter at corner (Bu) points', 'Ocean Grid-Cell Area', 'Ocean Grid-Cell Area', 'Ocean Grid-Cell Area', 'Ocean Grid-Cell Area', 'Sea Floor Depth', 'Delta(x) at u points (meter)', 'Delta(x) at v points (meter)', 'Delta(x) at thickness/tracer points (meter)', 'Delta(y) at u points (meter)', 'Delta(y) at v points (meter)', 'Delta(y) at thickness/tracer points (meter)', 'Latitude of tracer (T) points', 'Latitude of corner (Bu) points', 'Latitude of zonal velocity (Cu) points', 'Latitude of meridional velocity (Cv) points', 'Longitude of tracer (T) points', 'Longitude of corner (Bu) points', 'Longitude of zonal velocity (Cu) points', 'Longitude of meridional velocity (Cv) points', 'time', '0 if land, 1 if ocean at tracer points', '0 if land, 1 if ocean at corner (Bu) points', '0 if land, 1 if ocean at zonal velocity (Cu) points', '0 if land, 1 if ocean at meridional velocity (Cv) points', 'h point nominal longitude', 'q point nominal longitude', 'h point nominal latitude', 'q point nominal latitude']","['', 'cell_area', 'cell_area', 'cell_area', 'cell_area', 'sea_floor_depth_below_geoid', '', '', '', '', '', '', '', '', '', '', '', '', '', '', '', '', '', '', '', '', '', '', '']","['time: point', 'area:sum yh:sum xh:sum time: point', 'area:sum yq:sum xq:sum time: point', 'area:sum yh:sum xq:sum time: point', 'area:sum yq:sum xh:sum time: point', 'area:mean yh:mean xh:mean time: point', 'time: point', 'time: point', 'time: point', 'time: point', 'time: point', 'time: point', 'time: point', 'time: point', 'time: point', 'time: point', 'time: point', 'time: point', 'time: point', 'time: point', '', 'time: point', 'time: point', 'time: point', 'time: point', '', '', '', '']","['s-1', 'm2', 'm2', 'm2', 'm2', 'm', 'm', 'm', 'm', 'm', 'm', 'm', 'degrees_north', 'degrees_north', 'degrees_north', 'degrees_north', 'degrees_east', 'degrees_east', 'degrees_east', 'degrees_east', 'days since 1991-01-01 00:00:00', '', '', '', '', 'degrees_east', 'degrees_east', 'degrees_north', 'degrees_north']",ocean
20010701.ice_daily.nc,/g/data/ik11/outputs/mom6-panan/panan-01-zstar-2001rerun/output004/20010701.ice_daily.nc,seaIce.1day.nv:2.xT:3600.xTe:3601.yT:845.yTe:846,1day,"2001-07-01, 00:00:00","2001-09-01, 00:00:00","['BHEAT', 'BMELT', 'E2MELT', 'average_DT', 'average_T1', 'average_T2', 'net_melt', 'nv', 'siconc', 'sithick', 'time', 'time_bnds', 'xT', 'xTe', 'yT', 'yTe']","['ocean to ice heat flux', 'bottom surface melting energy flux', 'heat needed to melt ice', 'Length of average period', 'Start time for average period', 'End time for average period', 'net mass flux from ice & snow to ocean due to melting & freezing', 'vertex number', 'ice concentration', 'ice thickness', 'time', 'time axis boundaries', 'T point nominal longitude', 'T-cell edge nominal longitude', 'T point nominal latitude', 'T-cell edge nominal latitude']","['', '', '', '', '', '', '', '', '', '', '', '', '', '', '', '']","['time: mean', 'time: mean', 'time: mean', '', '', '', 'time: mean', '', 'time: mean', 'time: mean', '', '', '', '', '', '']","['W/m^2', 'W/m^2', 'J/m^2', 'days', 'days since 1991-01-01 00:00:00', 'days since 1991-01-01 00:00:00', 'kg m-2 s-1', '', '0-1', 'm-ice', 'days since 1991-01-01 00:00:00', 'days', 'degrees_E', 'degrees_E', 'degrees_N', 'degrees_N']",seaIce
20010701.ice_month.nc,/g/data/ik11/outputs/mom6-panan/panan-01-zstar-2001rerun/output004/20010701.ice_month.nc,seaIce.1mon.nv:2.xB:3601.xT:3600.xTe:3601.yB:846.yT:845.yTe:846,1mon,"2001-07-01, 00:00:00","2001-09-01, 00:00:00","['BHEAT', 'BMELT', 'E2MELT', 'FA_X', 'FA_Y', 'TMELT', 'average_DT', 'average_T1', 'average_T2', 'fsitherm', 'net_melt', 'nv', 'siconc', 'sithick', 'time', 'time_bnds', 'xB', 'xT', 'xTe', 'yB', 'yT', 'yTe']","['ocean to ice heat flux', 'bottom surface melting energy flux', 'heat needed to melt ice', 'Air stress on ice on C-grid - x component', 'Air stress on ice on C-grid - y component', 'upper surface melting energy flux', 'Length of average period', 'Start time for average period', 'End time for average period', 'water_flux_into_sea_water_due_to_sea_ice_thermodynamics', 'net mass flux from ice & snow to ocean due to melting & freezing', 'vertex number', 'ice concentration', 'ice thickness', 'time', 'time axis boundaries', 'Boundary point nominal longitude', 'T point nominal longitude', 'T-cell edge nominal longitude', 'Boundary point nominal latitude', 'T point nominal latitude', 'T-cell edge nominal latitude']","['', '', '', '', '', '', '', '', '', '', '', '', '', '', '', '', '', '', '', '', '', '']","['time: mean', 'time: mean', 'time: mean', 'time: mean', 'time: mean', 'time: mean', '', '', '', 'time: mean', 'time: mean', '', 'time: mean', 'time: mean', '', '', '', '', '', '', '', '']","['W/m^2', 'W/m^2', 'J/m^2', 'Pa', 'Pa', 'W/m^2', 'days', 'days since 1991-01-01 00:00:00', 'days since 1991-01-01 00:00:00', 'kg m-2 s-1', 'kg m-2 s-1', '', '0-1', 'm-ice', 'days since 1991-01-01 00:00:00', 'days', 'degrees_E', 'degrees_E', 'degrees_E', 'degrees_N', 'degrees_N', 'degrees_N']",seaIce
20010701.ocean_daily_2001_182.nc,/g/data/ik11/outputs/mom6-panan/panan-01-zstar-2001rerun/output004/20010701.ocean_daily_2001_182.nc,ocean.1day.nv:2.xh:3600.yh:845,1day,"2001-07-01, 00:00:00","2001-07-02, 00:00:00","['average_DT', 'average_T1', 'average_T2', 'mlotst', 'nv', 'time', 'time_bnds', 'xh', 'yh', 'zos']","['Length of average period', 'Start time for average period', 'End time for average period', 'Ocean Mixed Layer Thickness Defined by Sigma T', 'vertex number', 'time', 'time axis boundaries', 'h point nominal longitude', 'h point nominal latitude', 'Sea surface height above geoid']","['', '', '', 'ocean_mixed_layer_thickness_defined_by_sigma_t', '', '', '', '', '', 'sea_surface_height_above_geoid']","['', '', '', 'area:mean yh:mean xh:mean time: mean', '', '', '', '', '', 'area:mean yh:mean xh:mean time: mean']","['days', 'days since 1991-01-01 00:00:00', 'days since 1991-01-01 00:00:00', 'm', '', 'days since 1991-01-01 00:00:00', 'days', 'degrees_east', 'degrees_north', 'm']",ocean
20010701.ocean_daily_2001_183.nc,/g/data/ik11/outputs/mom6-panan/panan-01-zstar-2001rerun/output004/20010701.ocean_daily_2001_183.nc,ocean.1day.nv:2.xh:3600.yh:845,1day,"2001-07-02, 00:00:00","2001-07-03, 00:00:00","['average_DT', 'average_T1', 'average_T2', 'mlotst', 'nv', 'time', 'time_bnds', 'xh', 'yh', 'zos']","['Length of average period', 'Start time for average period', 'End time for average period', 'Ocean Mixed Layer Thickness Defined by Sigma T', 'vertex number', 'time', 'time axis boundaries', 'h point nominal longitude', 'h point nominal latitude', 'Sea surface height above geoid']","['', '', '', 'ocean_mixed_layer_thickness_defined_by_sigma_t', '', '', '', '', '', 'sea_surface_height_above_geoid']","['', '', '', 'area:mean yh:mean xh:mean time: mean', '', '', '', '', '', 'area:mean yh:mean xh:mean time: mean']","['days', 'days since 1991-01-01 00:00:00', 'days since 1991-01-01 00:00:00', 'm', '', 'days since 1991-01-01 00:00:00', 'days', 'degrees_east', 'degrees_north', 'm']",ocean
20010701.ocean_daily_2001_184.nc,/g/data/ik11/outputs/mom6-panan/panan-01-zstar-2001rerun/output004/20010701.ocean_daily_2001_184.nc,ocean.1day.nv:2.xh:3600.yh:845,1day,"2001-07-03, 00:00:00","2001-07-04, 00:00:00","['average_DT', 'average_T1', 'average_T2', 'mlotst', 'nv', 'time', 'time_bnds', 'xh', 'yh', 'zos']","['Length of average period', 'Start time for average period', 'End time for average period', 'Ocean Mixed Layer Thickness Defined by Sigma T', 'vertex number', 'time', 'time axis boundaries', 'h point nominal longitude', 'h point nominal latitude', 'Sea surface height above geoid']","['', '', '', 'ocean_mixed_layer_thickness_defined_by_sigma_t', '', '', '', '', '', 'sea_surface_height_above_geoid']","['', '', '', 'area:mean yh:mean xh:mean time: mean', '', '', '', '', '', 'area:mean yh:mean xh:mean time: mean']","['days', 'days since 1991-01-01 00:00:00', 'days since 1991-01-01 00:00:00', 'm', '', 'days since 1991-01-01 00:00:00', 'days', 'degrees_east', 'degrees_north', 'm']",ocean
20010701.ocean_daily_2001_185.nc,/g/data/ik11/outputs/mom6-panan/panan-01-zstar-2001rerun/output004/20010701.ocean_daily_2001_185.nc,ocean.1day.nv:2.xh:3600.yh:845,1day,"2001-07-04, 00:00:00","2001-07-05, 00:00:00","['average_DT', 'average_T1', 'average_T2', 'mlotst', 'nv', 'time', 'time_bnds', 'xh', 'yh', 'zos']","['Length of average period', 'Start time for average period', 'End time for average period', 'Ocean Mixed Layer Thickness Defined by Sigma T', 'vertex number', 'time', 'time axis boundaries', 'h point nominal longitude', 'h point nominal latitude', 'Sea surface height above geoid']","['', '', '', 'ocean_mixed_layer_thickness_defined_by_sigma_t', '', '', '', '', '', 'sea_surface_height_above_geoid']","['', '', '', 'area:mean yh:mean xh:mean time: mean', '', '', '', '', '', 'area:mean yh:mean xh:mean time: mean']","['days', 'days since 1991-01-01 00:00:00', 'days since 1991-01-01 00:00:00', 'm', '', 'days since 1991-01-01 00:00:00', 'days', 'degrees_east', 'degrees_north', 'm']",ocean
20010701.ocean_daily_2001_186.nc,/g/data/ik11/outputs/mom6-panan/panan-01-zstar-2001rerun/output004/20010701.ocean_daily_2001_186.nc,ocean.1day.nv:2.xh:3600.yh:845,1day,"2001-07-05, 00:00:00","2001-07-06, 00:00:00","['average_DT', 'average_T1', 'average_T2', 'mlotst', 'nv', 'time', 'time_bnds', 'xh', 'yh', 'zos']","['Length of average period', 'Start time for average period', 'End time for average period', 'Ocean Mixed Layer Thickness Defined by Sigma T', 'vertex number', 'time', 'time axis boundaries', 'h point nominal longitude', 'h point nominal latitude', 'Sea surface height above geoid']","['', '', '', 'ocean_mixed_layer_thickness_defined_by_sigma_t', '', '', '', '', '', 'sea_surface_height_above_geoid']","['', '', '', 'area:mean yh:mean xh:mean time: mean', '', '', '', '', '', 'area:mean yh:mean xh:mean time: mean']","['days', 'days since 1991-01-01 00:00:00', 'days since 1991-01-01 00:00:00', 'm', '', 'days since 1991-01-01 00:00:00', 'days', 'degrees_east', 'degrees_north', 'm']",ocean
20010701.ocean_daily_2001_187.nc,/g/data/ik11/outputs/mom6-panan/panan-01-zstar-2001rerun/output004/20010701.ocean_daily_2001_187.nc,ocean.1day.nv:2.xh:3600.yh:845,1day,"2001-07-06, 00:00:00","2001-07-07, 00:00:00","['average_DT', 'average_T1', 'average_T2', 'mlotst', 'nv', 'time', 'time_bnds', 'xh', 'yh', 'zos']","['Length of average period', 'Start time for average period', 'End time for average period', 'Ocean Mixed Layer Thickness Defined by Sigma T', 'vertex number', 'time', 'time axis boundaries', 'h point nominal longitude', 'h point nominal latitude', 'Sea surface height above geoid']","['', '', '', 'ocean_mixed_layer_thickness_defined_by_sigma_t', '', '', '', '', '', 'sea_surface_height_above_geoid']","['', '', '', 'area:mean yh:mean xh:mean time: mean', '', '', '', '', '', 'area:mean yh:mean xh:mean time: mean']","['days', 'days since 1991-01-01 00:00:00', 'days since 1991-01-01 00:00:00', 'm', '', 'days since 1991-01-01 00:00:00', 'days', 'degrees_east', 'degrees_north', 'm']",ocean
20010701.ocean_daily_2001_188.nc,/g/data/ik11/outputs/mom6-panan/panan-01-zstar-2001rerun/output004/20010701.ocean_daily_2001_188.nc,ocean.1day.nv:2.xh:3600.yh:845,1day,"2001-07-07, 00:00:00","2001-07-08, 00:00:00","['average_DT', 'average_T1', 'average_T2', 'mlotst', 'nv', 'time', 'time_bnds', 'xh', 'yh', 'zos']","['Length of average period', 'Start time for average period', 'End time for average period', 'Ocean Mixed Layer Thickness Defined by Sigma T', 'vertex number', 'time', 'time axis boundaries', 'h point nominal longitude', 'h point nominal latitude', 'Sea surface height above geoid']","['', '', '', 'ocean_mixed_layer_thickness_defined_by_sigma_t', '', '', '', '', '', 'sea_surface_height_above_geoid']","['', '', '', 'area:mean yh:mean xh:mean time: mean', '', '', '', '', '', 'area:mean yh:mean xh:mean time: mean']","['days', 'days since 1991-01-01 00:00:00', 'days since 1991-01-01 00:00:00', 'm', '', 'days since 1991-01-01 00:00:00', 'days', 'degrees_east', 'degrees_north', 'm']",ocean
20010701.ocean_daily_2001_189.nc,/g/data/ik11/outputs/mom6-panan/panan-01-zstar-2001rerun/output004/20010701.ocean_daily_2001_189.nc,ocean.1day.nv:2.xh:3600.yh:845,1day,"2001-07-08, 00:00:00","2001-07-09, 00:00:00","['average_DT', 'average_T1', 'average_T2', 'mlotst', 'nv', 'time', 'time_bnds', 'xh', 'yh', 'zos']","['Length of average period', 'Start time for average period', 'End time for average period', 'Ocean Mixed Layer Thickness Defined by Sigma T', 'vertex number', 'time', 'time axis boundaries', 'h point nominal longitude', 'h point nominal latitude', 'Sea surface height above geoid']","['', '', '', 'ocean_mixed_layer_thickness_defined_by_sigma_t', '', '', '', '', '', 'sea_surface_height_above_geoid']","['', '', '', 'area:mean yh:mean xh:mean time: mean', '', '', '', '', '', 'area:mean yh:mean xh:mean time: mean']","['days', 'days since 1991-01-01 00:00:00', 'days since 1991-01-01 00:00:00', 'm', '', 'days since 1991-01-01 00:00:00', 'days', 'degrees_east', 'degrees_north', 'm']",ocean
20010701.ocean_daily_2001_190.nc,/g/data/ik11/outputs/mom6-panan/panan-01-zstar-2001rerun/output004/20010701.ocean_daily_2001_190.nc,ocean.1day.nv:2.xh:3600.yh:845,1day,"2001-07-09, 00:00:00","2001-07-10, 00:00:00","['average_DT', 'average_T1', 'average_T2', 'mlotst', 'nv', 'time', 'time_bnds', 'xh', 'yh', 'zos']","['Length of average period', 'Start time for average period', 'End time for average period', 'Ocean Mixed Layer Thickness Defined by Sigma T', 'vertex number', 'time', 'time axis boundaries', 'h point nominal longitude', 'h point nominal latitude', 'Sea surface height above geoid']","['', '', '', 'ocean_mixed_layer_thickness_defined_by_sigma_t', '', '', '', '', '', 'sea_surface_height_above_geoid']","['', '', '', 'area:mean yh:mean xh:mean time: mean', '', '', '', '', '', 'area:mean yh:mean xh:mean time: mean']","['days', 'days since 1991-01-01 00:00:00', 'days since 1991-01-01 00:00:00', 'm', '', 'days since 1991-01-01 00:00:00', 'days', 'degrees_east', 'degrees_north', 'm']",ocean
20010701.ocean_daily_2001_191.nc,/g/data/ik11/outputs/mom6-panan/panan-01-zstar-2001rerun/output004/20010701.ocean_daily_2001_191.nc,ocean.1day.nv:2.xh:3600.yh:845,1day,"2001-07-10, 00:00:00","2001-07-11, 00:00:00","['average_DT', 'average_T1', 'average_T2', 'mlotst', 'nv', 'time', 'time_bnds', 'xh', 'yh', 'zos']","['Length of average period', 'Start time for average period', 'End time for average period', 'Ocean Mixed Layer Thickness Defined by Sigma T', 'vertex number', 'time', 'time axis boundaries', 'h point nominal longitude', 'h point nominal latitude', 'Sea surface height above geoid']","['', '', '', 'ocean_mixed_layer_thickness_defined_by_sigma_t', '', '', '', '', '', 'sea_surface_height_above_geoid']","['', '', '', 'area:mean yh:mean xh:mean time: mean', '', '', '', '', '', 'area:mean yh:mean xh:mean time: mean']","['days', 'days since 1991-01-01 00:00:00', 'days since 1991-01-01 00:00:00', 'm', '', 'days since 1991-01-01 00:00:00', 'days', 'degrees_east', 'degrees_north', 'm']",ocean
20010701.ocean_daily_2001_192.nc,/g/data/ik11/outputs/mom6-panan/panan-01-zstar-2001rerun/output004/20010701.ocean_daily_2001_192.nc,ocean.1day.nv:2.xh:3600.yh:845,1day,"2001-07-11, 00:00:00","2001-07-12, 00:00:00","['average_DT', 'average_T1', 'average_T2', 'mlotst', 'nv', 'time', 'time_bnds', 'xh', 'yh', 'zos']","['Length of average period', 'Start time for average period', 'End time for average period', 'Ocean Mixed Layer Thickness Defined by Sigma T', 'vertex number', 'time', 'time axis boundaries', 'h point nominal longitude', 'h point nominal latitude', 'Sea surface height above geoid']","['', '', '', 'ocean_mixed_layer_thickness_defined_by_sigma_t', '', '', '', '', '', 'sea_surface_height_above_geoid']","['', '', '', 'area:mean yh:mean xh:mean time: mean', '', '', '', '', '', 'area:mean yh:mean xh:mean time: mean']","['days', 'days since 1991-01-01 00:00:00', 'days since 1991-01-01 00:00:00', 'm', '', 'days since 1991-01-01 00:00:00', 'days', 'degrees_east', 'degrees_north', 'm']",ocean
20010701.ocean_daily_2001_193.nc,/g/data/ik11/outputs/mom6-panan/panan-01-zstar-2001rerun/output004/20010701.ocean_daily_2001_193.nc,ocean.1day.nv:2.xh:3600.yh:845,1day,"2001-07-12, 00:00:00","2001-07-13, 00:00:00","['average_DT', 'average_T1', 'average_T2', 'mlotst', 'nv', 'time', 'time_bnds', 'xh', 'yh', 'zos']","['Length of average period', 'Start time for average period', 'End time for average period', 'Ocean Mixed Layer Thickness Defined by Sigma T', 'vertex number', 'time', 'time axis boundaries', 'h point nominal longitude', 'h point nominal latitude', 'Sea surface height above geoid']","['', '', '', 'ocean_mixed_layer_thickness_defined_by_sigma_t', '', '', '', '', '', 'sea_surface_height_above_geoid']","['', '', '', 'area:mean yh:mean xh:mean time: mean', '', '', '', '', '', 'area:mean yh:mean xh:mean time: mean']","['days', 'days since 1991-01-01 00:00:00', 'days since 1991-01-01 00:00:00', 'm', '', 'days since 1991-01-01 00:00:00', 'days', 'degrees_east', 'degrees_north', 'm']",ocean
20010701.ocean_daily_2001_194.nc,/g/data/ik11/outputs/mom6-panan/panan-01-zstar-2001rerun/output004/20010701.ocean_daily_2001_194.nc,ocean.1day.nv:2.xh:3600.yh:845,1day,"2001-07-13, 00:00:00","2001-07-14, 00:00:00","['average_DT', 'average_T1', 'average_T2', 'mlotst', 'nv', 'time', 'time_bnds', 'xh', 'yh', 'zos']","['Length of average period', 'Start time for average period', 'End time for average period', 'Ocean Mixed Layer Thickness Defined by Sigma T', 'vertex number', 'time', 'time axis boundaries', 'h point nominal longitude', 'h point nominal latitude', 'Sea surface height above geoid']","['', '', '', 'ocean_mixed_layer_thickness_defined_by_sigma_t', '', '', '', '', '', 'sea_surface_height_above_geoid']","['', '', '', 'area:mean yh:mean xh:mean time: mean', '', '', '', '', '', 'area:mean yh:mean xh:mean time: mean']","['days', 'days since 1991-01-01 00:00:00', 'days since 1991-01-01 00:00:00', 'm', '', 'days since 1991-01-01 00:00:00', 'days', 'degrees_east', 'degrees_north', 'm']",ocean
20010701.ocean_daily_2001_195.nc,/g/data/ik11/outputs/mom6-panan/panan-01-zstar-2001rerun/output004/20010701.ocean_daily_2001_195.nc,ocean.1day.nv:2.xh:3600.yh:845,1day,"2001-07-14, 00:00:00","2001-07-15, 00:00:00","['average_DT', 'average_T1', 'average_T2', 'mlotst', 'nv', 'time', 'time_bnds', 'xh', 'yh', 'zos']","['Length of average period', 'Start time for average period', 'End time for average period', 'Ocean Mixed Layer Thickness Defined by Sigma T', 'vertex number', 'time', 'time axis boundaries', 'h point nominal longitude', 'h point nominal latitude', 'Sea surface height above geoid']","['', '', '', 'ocean_mixed_layer_thickness_defined_by_sigma_t', '', '', '', '', '', 'sea_surface_height_above_geoid']","['', '', '', 'area:mean yh:mean xh:mean time: mean', '', '', '', '', '', 'area:mean yh:mean xh:mean time: mean']","['days', 'days since 1991-01-01 00:00:00', 'days since 1991-01-01 00:00:00', 'm', '', 'days since 1991-01-01 00:00:00', 'days', 'degrees_east', 'degrees_north', 'm']",ocean
20010701.ocean_daily_2001_196.nc,/g/data/ik11/outputs/mom6-panan/panan-01-zstar-2001rerun/output004/20010701.ocean_daily_2001_196.nc,ocean.1day.nv:2.xh:3600.yh:845,1day,"2001-07-15, 00:00:00","2001-07-16, 00:00:00","['average_DT', 'average_T1', 'average_T2', 'mlotst', 'nv', 'time', 'time_bnds', 'xh', 'yh', 'zos']","['Length of average period', 'Start time for average period', 'End time for average period', 'Ocean Mixed Layer Thickness Defined by Sigma T', 'vertex number', 'time', 'time axis boundaries', 'h point nominal longitude', 'h point nominal latitude', 'Sea surface height above geoid']","['', '', '', 'ocean_mixed_layer_thickness_defined_by_sigma_t', '', '', '', '', '', 'sea_surface_height_above_geoid']","['', '', '', 'area:mean yh:mean xh:mean time: mean', '', '', '', '', '', 'area:mean yh:mean xh:mean time: mean']","['days', 'days since 1991-01-01 00:00:00', 'days since 1991-01-01 00:00:00', 'm', '', 'days since 1991-01-01 00:00:00', 'days', 'degrees_east', 'degrees_north', 'm']",ocean
20010701.ocean_daily_2001_197.nc,/g/data/ik11/outputs/mom6-panan/panan-01-zstar-2001rerun/output004/20010701.ocean_daily_2001_197.nc,ocean.1day.nv:2.xh:3600.yh:845,1day,"2001-07-16, 00:00:00","2001-07-17, 00:00:00","['average_DT', 'average_T1', 'average_T2', 'mlotst', 'nv', 'time', 'time_bnds', 'xh', 'yh', 'zos']","['Length of average period', 'Start time for average period', 'End time for average period', 'Ocean Mixed Layer Thickness Defined by Sigma T', 'vertex number', 'time', 'time axis boundaries', 'h point nominal longitude', 'h point nominal latitude', 'Sea surface height above geoid']","['', '', '', 'ocean_mixed_layer_thickness_defined_by_sigma_t', '', '', '', '', '', 'sea_surface_height_above_geoid']","['', '', '', 'area:mean yh:mean xh:mean time: mean', '', '', '', '', '', 'area:mean yh:mean xh:mean time: mean']","['days', 'days since 1991-01-01 00:00:00', 'days since 1991-01-01 00:00:00', 'm', '', 'days since 1991-01-01 00:00:00', 'days', 'degrees_east', 'degrees_north', 'm']",ocean
20010701.ocean_daily_2001_198.nc,/g/data/ik11/outputs/mom6-panan/panan-01-zstar-2001rerun/output004/20010701.ocean_daily_2001_198.nc,ocean.1day.nv:2.xh:3600.yh:845,1day,"2001-07-17, 00:00:00","2001-07-18, 00:00:00","['average_DT', 'average_T1', 'average_T2', 'mlotst', 'nv', 'time', 'time_bnds', 'xh', 'yh', 'zos']","['Length of average period', 'Start time for average period', 'End time for average period', 'Ocean Mixed Layer Thickness Defined by Sigma T', 'vertex number', 'time', 'time axis boundaries', 'h point nominal longitude', 'h point nominal latitude', 'Sea surface height above geoid']","['', '', '', 'ocean_mixed_layer_thickness_defined_by_sigma_t', '', '', '', '', '', 'sea_surface_height_above_geoid']","['', '', '', 'area:mean yh:mean xh:mean time: mean', '', '', '', '', '', 'area:mean yh:mean xh:mean time: mean']","['days', 'days since 1991-01-01 00:00:00', 'days since 1991-01-01 00:00:00', 'm', '', 'days since 1991-01-01 00:00:00', 'days', 'degrees_east', 'degrees_north', 'm']",ocean
20010701.ocean_daily_2001_199.nc,/g/data/ik11/outputs/mom6-panan/panan-01-zstar-2001rerun/output004/20010701.ocean_daily_2001_199.nc,ocean.1day.nv:2.xh:3600.yh:845,1day,"2001-07-18, 00:00:00","2001-07-19, 00:00:00","['average_DT', 'average_T1', 'average_T2', 'mlotst', 'nv', 'time', 'time_bnds', 'xh', 'yh', 'zos']","['Length of average period', 'Start time for average period', 'End time for average period', 'Ocean Mixed Layer Thickness Defined by Sigma T', 'vertex number', 'time', 'time axis boundaries', 'h point nominal longitude', 'h point nominal latitude', 'Sea surface height above geoid']","['', '', '', 'ocean_mixed_layer_thickness_defined_by_sigma_t', '', '', '', '', '', 'sea_surface_height_above_geoid']","['', '', '', 'area:mean yh:mean xh:mean time: mean', '', '', '', '', '', 'area:mean yh:mean xh:mean time: mean']","['days', 'days since 1991-01-01 00:00:00', 'days since 1991-01-01 00:00:00', 'm', '', 'days since 1991-01-01 00:00:00', 'days', 'degrees_east', 'degrees_north', 'm']",ocean
20010701.ocean_daily_2001_200.nc,/g/data/ik11/outputs/mom6-panan/panan-01-zstar-2001rerun/output004/20010701.ocean_daily_2001_200.nc,ocean.1day.nv:2.xh:3600.yh:845,1day,"2001-07-19, 00:00:00","2001-07-20, 00:00:00","['average_DT', 'average_T1', 'average_T2', 'mlotst', 'nv', 'time', 'time_bnds', 'xh', 'yh', 'zos']","['Length of average period', 'Start time for average period', 'End time for average period', 'Ocean Mixed Layer Thickness Defined by Sigma T', 'vertex number', 'time', 'time axis boundaries', 'h point nominal longitude', 'h point nominal latitude', 'Sea surface height above geoid']","['', '', '', 'ocean_mixed_layer_thickness_defined_by_sigma_t', '', '', '', '', '', 'sea_surface_height_above_geoid']","['', '', '', 'area:mean yh:mean xh:mean time: mean', '', '', '', '', '', 'area:mean yh:mean xh:mean time: mean']","['days', 'days since 1991-01-01 00:00:00', 'days since 1991-01-01 00:00:00', 'm', '', 'days since 1991-01-01 00:00:00', 'days', 'degrees_east', 'degrees_north', 'm']",ocean
20010701.ocean_daily_2001_201.nc,/g/data/ik11/outputs/mom6-panan/panan-01-zstar-2001rerun/output004/20010701.ocean_daily_2001_201.nc,ocean.1day.nv:2.xh:3600.yh:845,1day,"2001-07-20, 00:00:00","2001-07-21, 00:00:00","['average_DT', 'average_T1', 'average_T2', 'mlotst', 'nv', 'time', 'time_bnds', 'xh', 'yh', 'zos']","['Length of average period', 'Start time for average period', 'End time for average period', 'Ocean Mixed Layer Thickness Defined by Sigma T', 'vertex number', 'time', 'time axis boundaries', 'h point nominal longitude', 'h point nominal latitude', 'Sea surface height above geoid']","['', '', '', 'ocean_mixed_layer_thickness_defined_by_sigma_t', '', '', '', '', '', 'sea_surface_height_above_geoid']","['', '', '', 'area:mean yh:mean xh:mean time: mean', '', '', '', '', '', 'area:mean yh:mean xh:mean time: mean']","['days', 'days since 1991-01-01 00:00:00', 'days since 1991-01-01 00:00:00', 'm', '', 'days since 1991-01-01 00:00:00', 'days', 'degrees_east', 'degrees_north', 'm']",ocean
20010701.ocean_daily_2001_202.nc,/g/data/ik11/outputs/mom6-panan/panan-01-zstar-2001rerun/output004/20010701.ocean_daily_2001_202.nc,ocean.1day.nv:2.xh:3600.yh:845,1day,"2001-07-21, 00:00:00","2001-07-22, 00:00:00","['average_DT', 'average_T1', 'average_T2', 'mlotst', 'nv', 'time', 'time_bnds', 'xh', 'yh', 'zos']","['Length of average period', 'Start time for average period', 'End time for average period', 'Ocean Mixed Layer Thickness Defined by Sigma T', 'vertex number', 'time', 'time axis boundaries', 'h point nominal longitude', 'h point nominal latitude', 'Sea surface height above geoid']","['', '', '', 'ocean_mixed_layer_thickness_defined_by_sigma_t', '', '', '', '', '', 'sea_surface_height_above_geoid']","['', '', '', 'area:mean yh:mean xh:mean time: mean', '', '', '', '', '', 'area:mean yh:mean xh:mean time: mean']","['days', 'days since 1991-01-01 00:00:00', 'days since 1991-01-01 00:00:00', 'm', '', 'days since 1991-01-01 00:00:00', 'days', 'degrees_east', 'degrees_north', 'm']",ocean
20010701.ocean_daily_2001_203.nc,/g/data/ik11/outputs/mom6-panan/panan-01-zstar-2001rerun/output004/20010701.ocean_daily_2001_203.nc,ocean.1day.nv:2.xh:3600.yh:845,1day,"2001-07-22, 00:00:00","2001-07-23, 00:00:00","['average_DT', 'average_T1', 'average_T2', 'mlotst', 'nv', 'time', 'time_bnds', 'xh', 'yh', 'zos']","['Length of average period', 'Start time for average period', 'End time for average period', 'Ocean Mixed Layer Thickness Defined by Sigma T', 'vertex number', 'time', 'time axis boundaries', 'h point nominal longitude', 'h point nominal latitude', 'Sea surface height above geoid']","['', '', '', 'ocean_mixed_layer_thickness_defined_by_sigma_t', '', '', '', '', '', 'sea_surface_height_above_geoid']","['', '', '', 'area:mean yh:mean xh:mean time: mean', '', '', '', '', '', 'area:mean yh:mean xh:mean time: mean']","['days', 'days since 1991-01-01 00:00:00', 'days since 1991-01-01 00:00:00', 'm', '', 'days since 1991-01-01 00:00:00', 'days', 'degrees_east', 'degrees_north', 'm']",ocean
20010701.ocean_daily_2001_204.nc,/g/data/ik11/outputs/mom6-panan/panan-01-zstar-2001rerun/output004/20010701.ocean_daily_2001_204.nc,ocean.1day.nv:2.xh:3600.yh:845,1day,"2001-07-23, 00:00:00","2001-07-24, 00:00:00","['average_DT', 'average_T1', 'average_T2', 'mlotst', 'nv', 'time', 'time_bnds', 'xh', 'yh', 'zos']","['Length of average period', 'Start time for average period', 'End time for average period', 'Ocean Mixed Layer Thickness Defined by Sigma T', 'vertex number', 'time', 'time axis boundaries', 'h point nominal longitude', 'h point nominal latitude', 'Sea surface height above geoid']","['', '', '', 'ocean_mixed_layer_thickness_defined_by_sigma_t', '', '', '', '', '', 'sea_surface_height_above_geoid']","['', '', '', 'area:mean yh:mean xh:mean time: mean', '', '', '', '', '', 'area:mean yh:mean xh:mean time: mean']","['days', 'days since 1991-01-01 00:00:00', 'days since 1991-01-01 00:00:00', 'm', '', 'days since 1991-01-01 00:00:00', 'days', 'degrees_east', 'degrees_north', 'm']",ocean
20010701.ocean_daily_2001_205.nc,/g/data/ik11/outputs/mom6-panan/panan-01-zstar-2001rerun/output004/20010701.ocean_daily_2001_205.nc,ocean.1day.nv:2.xh:3600.yh:845,1day,"2001-07-24, 00:00:00","2001-07-25, 00:00:00","['average_DT', 'average_T1', 'average_T2', 'mlotst', 'nv', 'time', 'time_bnds', 'xh', 'yh', 'zos']","['Length of average period', 'Start time for average period', 'End time for average period', 'Ocean Mixed Layer Thickness Defined by Sigma T', 'vertex number', 'time', 'time axis boundaries', 'h point nominal longitude', 'h point nominal latitude', 'Sea surface height above geoid']","['', '', '', 'ocean_mixed_layer_thickness_defined_by_sigma_t', '', '', '', '', '', 'sea_surface_height_above_geoid']","['', '', '', 'area:mean yh:mean xh:mean time: mean', '', '', '', '', '', 'area:mean yh:mean xh:mean time: mean']","['days', 'days since 1991-01-01 00:00:00', 'days since 1991-01-01 00:00:00', 'm', '', 'days since 1991-01-01 00:00:00', 'days', 'degrees_east', 'degrees_north', 'm']",ocean
20010701.ocean_daily_2001_206.nc,/g/data/ik11/outputs/mom6-panan/panan-01-zstar-2001rerun/output004/20010701.ocean_daily_2001_206.nc,ocean.1day.nv:2.xh:3600.yh:845,1day,"2001-07-25, 00:00:00","2001-07-26, 00:00:00","['average_DT', 'average_T1', 'average_T2', 'mlotst', 'nv', 'time', 'time_bnds', 'xh', 'yh', 'zos']","['Length of average period', 'Start time for average period', 'End time for average period', 'Ocean Mixed Layer Thickness Defined by Sigma T', 'vertex number', 'time', 'time axis boundaries', 'h point nominal longitude', 'h point nominal latitude', 'Sea surface height above geoid']","['', '', '', 'ocean_mixed_layer_thickness_defined_by_sigma_t', '', '', '', '', '', 'sea_surface_height_above_geoid']","['', '', '', 'area:mean yh:mean xh:mean time: mean', '', '', '', '', '', 'area:mean yh:mean xh:mean time: mean']","['days', 'days since 1991-01-01 00:00:00', 'days since 1991-01-01 00:00:00', 'm', '', 'days since 1991-01-01 00:00:00', 'days', 'degrees_east', 'degrees_north', 'm']",ocean
20010701.ocean_daily_2001_207.nc,/g/data/ik11/outputs/mom6-panan/panan-01-zstar-2001rerun/output004/20010701.ocean_daily_2001_207.nc,ocean.1day.nv:2.xh:3600.yh:845,1day,"2001-07-26, 00:00:00","2001-07-27, 00:00:00","['average_DT', 'average_T1', 'average_T2', 'mlotst', 'nv', 'time', 'time_bnds', 'xh', 'yh', 'zos']","['Length of average period', 'Start time for average period', 'End time for average period', 'Ocean Mixed Layer Thickness Defined by Sigma T', 'vertex number', 'time', 'time axis boundaries', 'h point nominal longitude', 'h point nominal latitude', 'Sea surface height above geoid']","['', '', '', 'ocean_mixed_layer_thickness_defined_by_sigma_t', '', '', '', '', '', 'sea_surface_height_above_geoid']","['', '', '', 'area:mean yh:mean xh:mean time: mean', '', '', '', '', '', 'area:mean yh:mean xh:mean time: mean']","['days', 'days since 1991-01-01 00:00:00', 'days since 1991-01-01 00:00:00', 'm', '', 'days since 1991-01-01 00:00:00', 'days', 'degrees_east', 'degrees_north', 'm']",ocean
20010701.ocean_daily_2001_208.nc,/g/data/ik11/outputs/mom6-panan/panan-01-zstar-2001rerun/output004/20010701.ocean_daily_2001_208.nc,ocean.1day.nv:2.xh:3600.yh:845,1day,"2001-07-27, 00:00:00","2001-07-28, 00:00:00","['average_DT', 'average_T1', 'average_T2', 'mlotst', 'nv', 'time', 'time_bnds', 'xh', 'yh', 'zos']","['Length of average period', 'Start time for average period', 'End time for average period', 'Ocean Mixed Layer Thickness Defined by Sigma T', 'vertex number', 'time', 'time axis boundaries', 'h point nominal longitude', 'h point nominal latitude', 'Sea surface height above geoid']","['', '', '', 'ocean_mixed_layer_thickness_defined_by_sigma_t', '', '', '', '', '', 'sea_surface_height_above_geoid']","['', '', '', 'area:mean yh:mean xh:mean time: mean', '', '', '', '', '', 'area:mean yh:mean xh:mean time: mean']","['days', 'days since 1991-01-01 00:00:00', 'days since 1991-01-01 00:00:00', 'm', '', 'days since 1991-01-01 00:00:00', 'days', 'degrees_east', 'degrees_north', 'm']",ocean
20010701.ocean_daily_2001_209.nc,/g/data/ik11/outputs/mom6-panan/panan-01-zstar-2001rerun/output004/20010701.ocean_daily_2001_209.nc,ocean.1day.nv:2.xh:3600.yh:845,1day,"2001-07-28, 00:00:00","2001-07-29, 00:00:00","['average_DT', 'average_T1', 'average_T2', 'mlotst', 'nv', 'time', 'time_bnds', 'xh', 'yh', 'zos']","['Length of average period', 'Start time for average period', 'End time for average period', 'Ocean Mixed Layer Thickness Defined by Sigma T', 'vertex number', 'time', 'time axis boundaries', 'h point nominal longitude', 'h point nominal latitude', 'Sea surface height above geoid']","['', '', '', 'ocean_mixed_layer_thickness_defined_by_sigma_t', '', '', '', '', '', 'sea_surface_height_above_geoid']","['', '', '', 'area:mean yh:mean xh:mean time: mean', '', '', '', '', '', 'area:mean yh:mean xh:mean time: mean']","['days', 'days since 1991-01-01 00:00:00', 'days since 1991-01-01 00:00:00', 'm', '', 'days since 1991-01-01 00:00:00', 'days', 'degrees_east', 'degrees_north', 'm']",ocean
20010701.ocean_daily_2001_210.nc,/g/data/ik11/outputs/mom6-panan/panan-01-zstar-2001rerun/output004/20010701.ocean_daily_2001_210.nc,ocean.1day.nv:2.xh:3600.yh:845,1day,"2001-07-29, 00:00:00","2001-07-30, 00:00:00","['average_DT', 'average_T1', 'average_T2', 'mlotst', 'nv', 'time', 'time_bnds', 'xh', 'yh', 'zos']","['Length of average period', 'Start time for average period', 'End time for average period', 'Ocean Mixed Layer Thickness Defined by Sigma T', 'vertex number', 'time', 'time axis boundaries', 'h point nominal longitude', 'h point nominal latitude', 'Sea surface height above geoid']","['', '', '', 'ocean_mixed_layer_thickness_defined_by_sigma_t', '', '', '', '', '', 'sea_surface_height_above_geoid']","['', '', '', 'area:mean yh:mean xh:mean time: mean', '', '', '', '', '', 'area:mean yh:mean xh:mean time: mean']","['days', 'days since 1991-01-01 00:00:00', 'days since 1991-01-01 00:00:00', 'm', '', 'days since 1991-01-01 00:00:00', 'days', 'degrees_east', 'degrees_north', 'm']",ocean
20010701.ocean_daily_2001_211.nc,/g/data/ik11/outputs/mom6-panan/panan-01-zstar-2001rerun/output004/20010701.ocean_daily_2001_211.nc,ocean.1day.nv:2.xh:3600.yh:845,1day,"2001-07-30, 00:00:00","2001-07-31, 00:00:00","['average_DT', 'average_T1', 'average_T2', 'mlotst', 'nv', 'time', 'time_bnds', 'xh', 'yh', 'zos']","['Length of average period', 'Start time for average period', 'End time for average period', 'Ocean Mixed Layer Thickness Defined by Sigma T', 'vertex number', 'time', 'time axis boundaries', 'h point nominal longitude', 'h point nominal latitude', 'Sea surface height above geoid']","['', '', '', 'ocean_mixed_layer_thickness_defined_by_sigma_t', '', '', '', '', '', 'sea_surface_height_above_geoid']","['', '', '', 'area:mean yh:mean xh:mean time: mean', '', '', '', '', '', 'area:mean yh:mean xh:mean time: mean']","['days', 'days since 1991-01-01 00:00:00', 'days since 1991-01-01 00:00:00', 'm', '', 'days since 1991-01-01 00:00:00', 'days', 'degrees_east', 'degrees_north', 'm']",ocean
20010701.ocean_daily_2001_212.nc,/g/data/ik11/outputs/mom6-panan/panan-01-zstar-2001rerun/output004/20010701.ocean_daily_2001_212.nc,ocean.1day.nv:2.xh:3600.yh:845,1day,"2001-07-31, 00:00:00","2001-08-01, 00:00:00","['average_DT', 'average_T1', 'average_T2', 'mlotst', 'nv', 'time', 'time_bnds', 'xh', 'yh', 'zos']","['Length of average period', 'Start time for average period', 'End time for average period', 'Ocean Mixed Layer Thickness Defined by Sigma T', 'vertex number', 'time', 'time axis boundaries', 'h point nominal longitude', 'h point nominal latitude', 'Sea surface height above geoid']","['', '', '', 'ocean_mixed_layer_thickness_defined_by_sigma_t', '', '', '', '', '', 'sea_surface_height_above_geoid']","['', '', '', 'area:mean yh:mean xh:mean time: mean', '', '', '', '', '', 'area:mean yh:mean xh:mean time: mean']","['days', 'days since 1991-01-01 00:00:00', 'days since 1991-01-01 00:00:00', 'm', '', 'days since 1991-01-01 00:00:00', 'days', 'degrees_east', 'degrees_north', 'm']",ocean
20010701.ocean_daily_2001_213.nc,/g/data/ik11/outputs/mom6-panan/panan-01-zstar-2001rerun/output004/20010701.ocean_daily_2001_213.nc,ocean.1day.nv:2.xh:3600.yh:845,1day,"2001-08-01, 00:00:00","2001-08-02, 00:00:00","['average_DT', 'average_T1', 'average_T2', 'mlotst', 'nv', 'time', 'time_bnds', 'xh', 'yh', 'zos']","['Length of average period', 'Start time for average period', 'End time for average period', 'Ocean Mixed Layer Thickness Defined by Sigma T', 'vertex number', 'time', 'time axis boundaries', 'h point nominal longitude', 'h point nominal latitude', 'Sea surface height above geoid']","['', '', '', 'ocean_mixed_layer_thickness_defined_by_sigma_t', '', '', '', '', '', 'sea_surface_height_above_geoid']","['', '', '', 'area:mean yh:mean xh:mean time: mean', '', '', '', '', '', 'area:mean yh:mean xh:mean time: mean']","['days', 'days since 1991-01-01 00:00:00', 'days since 1991-01-01 00:00:00', 'm', '', 'days since 1991-01-01 00:00:00', 'days', 'degrees_east', 'degrees_north', 'm']",ocean
20010701.ocean_daily_2001_214.nc,/g/data/ik11/outputs/mom6-panan/panan-01-zstar-2001rerun/output004/20010701.ocean_daily_2001_214.nc,ocean.1day.nv:2.xh:3600.yh:845,1day,"2001-08-02, 00:00:00","2001-08-03, 00:00:00","['average_DT', 'average_T1', 'average_T2', 'mlotst', 'nv', 'time', 'time_bnds', 'xh', 'yh', 'zos']","['Length of average period', 'Start time for average period', 'End time for average period', 'Ocean Mixed Layer Thickness Defined by Sigma T', 'vertex number', 'time', 'time axis boundaries', 'h point nominal longitude', 'h point nominal latitude', 'Sea surface height above geoid']","['', '', '', 'ocean_mixed_layer_thickness_defined_by_sigma_t', '', '', '', '', '', 'sea_surface_height_above_geoid']","['', '', '', 'area:mean yh:mean xh:mean time: mean', '', '', '', '', '', 'area:mean yh:mean xh:mean time: mean']","['days', 'days since 1991-01-01 00:00:00', 'days since 1991-01-01 00:00:00', 'm', '', 'days since 1991-01-01 00:00:00', 'days', 'degrees_east', 'degrees_north', 'm']",ocean
20010701.ocean_daily_2001_215.nc,/g/data/ik11/outputs/mom6-panan/panan-01-zstar-2001rerun/output004/20010701.ocean_daily_2001_215.nc,ocean.1day.nv:2.xh:3600.yh:845,1day,"2001-08-03, 00:00:00","2001-08-04, 00:00:00","['average_DT', 'average_T1', 'average_T2', 'mlotst', 'nv', 'time', 'time_bnds', 'xh', 'yh', 'zos']","['Length of average period', 'Start time for average period', 'End time for average period', 'Ocean Mixed Layer Thickness Defined by Sigma T', 'vertex number', 'time', 'time axis boundaries', 'h point nominal longitude', 'h point nominal latitude', 'Sea surface height above geoid']","['', '', '', 'ocean_mixed_layer_thickness_defined_by_sigma_t', '', '', '', '', '', 'sea_surface_height_above_geoid']","['', '', '', 'area:mean yh:mean xh:mean time: mean', '', '', '', '', '', 'area:mean yh:mean xh:mean time: mean']","['days', 'days since 1991-01-01 00:00:00', 'days since 1991-01-01 00:00:00', 'm', '', 'days since 1991-01-01 00:00:00', 'days', 'degrees_east', 'degrees_north', 'm']",ocean
20010701.ocean_daily_2001_216.nc,/g/data/ik11/outputs/mom6-panan/panan-01-zstar-2001rerun/output004/20010701.ocean_daily_2001_216.nc,ocean.1day.nv:2.xh:3600.yh:845,1day,"2001-08-04, 00:00:00","2001-08-05, 00:00:00","['average_DT', 'average_T1', 'average_T2', 'mlotst', 'nv', 'time', 'time_bnds', 'xh', 'yh', 'zos']","['Length of average period', 'Start time for average period', 'End time for average period', 'Ocean Mixed Layer Thickness Defined by Sigma T', 'vertex number', 'time', 'time axis boundaries', 'h point nominal longitude', 'h point nominal latitude', 'Sea surface height above geoid']","['', '', '', 'ocean_mixed_layer_thickness_defined_by_sigma_t', '', '', '', '', '', 'sea_surface_height_above_geoid']","['', '', '', 'area:mean yh:mean xh:mean time: mean', '', '', '', '', '', 'area:mean yh:mean xh:mean time: mean']","['days', 'days since 1991-01-01 00:00:00', 'days since 1991-01-01 00:00:00', 'm', '', 'days since 1991-01-01 00:00:00', 'days', 'degrees_east', 'degrees_north', 'm']",ocean
20010701.ocean_daily_2001_217.nc,/g/data/ik11/outputs/mom6-panan/panan-01-zstar-2001rerun/output004/20010701.ocean_daily_2001_217.nc,ocean.1day.nv:2.xh:3600.yh:845,1day,"2001-08-05, 00:00:00","2001-08-06, 00:00:00","['average_DT', 'average_T1', 'average_T2', 'mlotst', 'nv', 'time', 'time_bnds', 'xh', 'yh', 'zos']","['Length of average period', 'Start time for average period', 'End time for average period', 'Ocean Mixed Layer Thickness Defined by Sigma T', 'vertex number', 'time', 'time axis boundaries', 'h point nominal longitude', 'h point nominal latitude', 'Sea surface height above geoid']","['', '', '', 'ocean_mixed_layer_thickness_defined_by_sigma_t', '', '', '', '', '', 'sea_surface_height_above_geoid']","['', '', '', 'area:mean yh:mean xh:mean time: mean', '', '', '', '', '', 'area:mean yh:mean xh:mean time: mean']","['days', 'days since 1991-01-01 00:00:00', 'days since 1991-01-01 00:00:00', 'm', '', 'days since 1991-01-01 00:00:00', 'days', 'degrees_east', 'degrees_north', 'm']",ocean
20010701.ocean_daily_2001_218.nc,/g/data/ik11/outputs/mom6-panan/panan-01-zstar-2001rerun/output004/20010701.ocean_daily_2001_218.nc,ocean.1day.nv:2.xh:3600.yh:845,1day,"2001-08-06, 00:00:00","2001-08-07, 00:00:00","['average_DT', 'average_T1', 'average_T2', 'mlotst', 'nv', 'time', 'time_bnds', 'xh', 'yh', 'zos']","['Length of average period', 'Start time for average period', 'End time for average period', 'Ocean Mixed Layer Thickness Defined by Sigma T', 'vertex number', 'time', 'time axis boundaries', 'h point nominal longitude', 'h point nominal latitude', 'Sea surface height above geoid']","['', '', '', 'ocean_mixed_layer_thickness_defined_by_sigma_t', '', '', '', '', '', 'sea_surface_height_above_geoid']","['', '', '', 'area:mean yh:mean xh:mean time: mean', '', '', '', '', '', 'area:mean yh:mean xh:mean time: mean']","['days', 'days since 1991-01-01 00:00:00', 'days since 1991-01-01 00:00:00', 'm', '', 'days since 1991-01-01 00:00:00', 'days', 'degrees_east', 'degrees_north', 'm']",ocean
20010701.ocean_daily_2001_219.nc,/g/data/ik11/outputs/mom6-panan/panan-01-zstar-2001rerun/output004/20010701.ocean_daily_2001_219.nc,ocean.1day.nv:2.xh:3600.yh:845,1day,"2001-08-07, 00:00:00","2001-08-08, 00:00:00","['average_DT', 'average_T1', 'average_T2', 'mlotst', 'nv', 'time', 'time_bnds', 'xh', 'yh', 'zos']","['Length of average period', 'Start time for average period', 'End time for average period', 'Ocean Mixed Layer Thickness Defined by Sigma T', 'vertex number', 'time', 'time axis boundaries', 'h point nominal longitude', 'h point nominal latitude', 'Sea surface height above geoid']","['', '', '', 'ocean_mixed_layer_thickness_defined_by_sigma_t', '', '', '', '', '', 'sea_surface_height_above_geoid']","['', '', '', 'area:mean yh:mean xh:mean time: mean', '', '', '', '', '', 'area:mean yh:mean xh:mean time: mean']","['days', 'days since 1991-01-01 00:00:00', 'days since 1991-01-01 00:00:00', 'm', '', 'days since 1991-01-01 00:00:00', 'days', 'degrees_east', 'degrees_north', 'm']",ocean
20010701.ocean_daily_2001_220.nc,/g/data/ik11/outputs/mom6-panan/panan-01-zstar-2001rerun/output004/20010701.ocean_daily_2001_220.nc,ocean.1day.nv:2.xh:3600.yh:845,1day,"2001-08-08, 00:00:00","2001-08-09, 00:00:00","['average_DT', 'average_T1', 'average_T2', 'mlotst', 'nv', 'time', 'time_bnds', 'xh', 'yh', 'zos']","['Length of average period', 'Start time for average period', 'End time for average period', 'Ocean Mixed Layer Thickness Defined by Sigma T', 'vertex number', 'time', 'time axis boundaries', 'h point nominal longitude', 'h point nominal latitude', 'Sea surface height above geoid']","['', '', '', 'ocean_mixed_layer_thickness_defined_by_sigma_t', '', '', '', '', '', 'sea_surface_height_above_geoid']","['', '', '', 'area:mean yh:mean xh:mean time: mean', '', '', '', '', '', 'area:mean yh:mean xh:mean time: mean']","['days', 'days since 1991-01-01 00:00:00', 'days since 1991-01-01 00:00:00', 'm', '', 'days since 1991-01-01 00:00:00', 'days', 'degrees_east', 'degrees_north', 'm']",ocean
20010701.ocean_daily_2001_221.nc,/g/data/ik11/outputs/mom6-panan/panan-01-zstar-2001rerun/output004/20010701.ocean_daily_2001_221.nc,ocean.1day.nv:2.xh:3600.yh:845,1day,"2001-08-09, 00:00:00","2001-08-10, 00:00:00","['average_DT', 'average_T1', 'average_T2', 'mlotst', 'nv', 'time', 'time_bnds', 'xh', 'yh', 'zos']","['Length of average period', 'Start time for average period', 'End time for average period', 'Ocean Mixed Layer Thickness Defined by Sigma T', 'vertex number', 'time', 'time axis boundaries', 'h point nominal longitude', 'h point nominal latitude', 'Sea surface height above geoid']","['', '', '', 'ocean_mixed_layer_thickness_defined_by_sigma_t', '', '', '', '', '', 'sea_surface_height_above_geoid']","['', '', '', 'area:mean yh:mean xh:mean time: mean', '', '', '', '', '', 'area:mean yh:mean xh:mean time: mean']","['days', 'days since 1991-01-01 00:00:00', 'days since 1991-01-01 00:00:00', 'm', '', 'days since 1991-01-01 00:00:00', 'days', 'degrees_east', 'degrees_north', 'm']",ocean
20010701.ocean_daily_2001_222.nc,/g/data/ik11/outputs/mom6-panan/panan-01-zstar-2001rerun/output004/20010701.ocean_daily_2001_222.nc,ocean.1day.nv:2.xh:3600.yh:845,1day,"2001-08-10, 00:00:00","2001-08-11, 00:00:00","['average_DT', 'average_T1', 'average_T2', 'mlotst', 'nv', 'time', 'time_bnds', 'xh', 'yh', 'zos']","['Length of average period', 'Start time for average period', 'End time for average period', 'Ocean Mixed Layer Thickness Defined by Sigma T', 'vertex number', 'time', 'time axis boundaries', 'h point nominal longitude', 'h point nominal latitude', 'Sea surface height above geoid']","['', '', '', 'ocean_mixed_layer_thickness_defined_by_sigma_t', '', '', '', '', '', 'sea_surface_height_above_geoid']","['', '', '', 'area:mean yh:mean xh:mean time: mean', '', '', '', '', '', 'area:mean yh:mean xh:mean time: mean']","['days', 'days since 1991-01-01 00:00:00', 'days since 1991-01-01 00:00:00', 'm', '', 'days since 1991-01-01 00:00:00', 'days', 'degrees_east', 'degrees_north', 'm']",ocean
20010701.ocean_daily_2001_223.nc,/g/data/ik11/outputs/mom6-panan/panan-01-zstar-2001rerun/output004/20010701.ocean_daily_2001_223.nc,ocean.1day.nv:2.xh:3600.yh:845,1day,"2001-08-11, 00:00:00","2001-08-12, 00:00:00","['average_DT', 'average_T1', 'average_T2', 'mlotst', 'nv', 'time', 'time_bnds', 'xh', 'yh', 'zos']","['Length of average period', 'Start time for average period', 'End time for average period', 'Ocean Mixed Layer Thickness Defined by Sigma T', 'vertex number', 'time', 'time axis boundaries', 'h point nominal longitude', 'h point nominal latitude', 'Sea surface height above geoid']","['', '', '', 'ocean_mixed_layer_thickness_defined_by_sigma_t', '', '', '', '', '', 'sea_surface_height_above_geoid']","['', '', '', 'area:mean yh:mean xh:mean time: mean', '', '', '', '', '', 'area:mean yh:mean xh:mean time: mean']","['days', 'days since 1991-01-01 00:00:00', 'days since 1991-01-01 00:00:00', 'm', '', 'days since 1991-01-01 00:00:00', 'days', 'degrees_east', 'degrees_north', 'm']",ocean
20010701.ocean_daily_2001_224.nc,/g/data/ik11/outputs/mom6-panan/panan-01-zstar-2001rerun/output004/20010701.ocean_daily_2001_224.nc,ocean.1day.nv:2.xh:3600.yh:845,1day,"2001-08-12, 00:00:00","2001-08-13, 00:00:00","['average_DT', 'average_T1', 'average_T2', 'mlotst', 'nv', 'time', 'time_bnds', 'xh', 'yh', 'zos']","['Length of average period', 'Start time for average period', 'End time for average period', 'Ocean Mixed Layer Thickness Defined by Sigma T', 'vertex number', 'time', 'time axis boundaries', 'h point nominal longitude', 'h point nominal latitude', 'Sea surface height above geoid']","['', '', '', 'ocean_mixed_layer_thickness_defined_by_sigma_t', '', '', '', '', '', 'sea_surface_height_above_geoid']","['', '', '', 'area:mean yh:mean xh:mean time: mean', '', '', '', '', '', 'area:mean yh:mean xh:mean time: mean']","['days', 'days since 1991-01-01 00:00:00', 'days since 1991-01-01 00:00:00', 'm', '', 'days since 1991-01-01 00:00:00', 'days', 'degrees_east', 'degrees_north', 'm']",ocean
20010701.ocean_daily_2001_225.nc,/g/data/ik11/outputs/mom6-panan/panan-01-zstar-2001rerun/output004/20010701.ocean_daily_2001_225.nc,ocean.1day.nv:2.xh:3600.yh:845,1day,"2001-08-13, 00:00:00","2001-08-14, 00:00:00","['average_DT', 'average_T1', 'average_T2', 'mlotst', 'nv', 'time', 'time_bnds', 'xh', 'yh', 'zos']","['Length of average period', 'Start time for average period', 'End time for average period', 'Ocean Mixed Layer Thickness Defined by Sigma T', 'vertex number', 'time', 'time axis boundaries', 'h point nominal longitude', 'h point nominal latitude', 'Sea surface height above geoid']","['', '', '', 'ocean_mixed_layer_thickness_defined_by_sigma_t', '', '', '', '', '', 'sea_surface_height_above_geoid']","['', '', '', 'area:mean yh:mean xh:mean time: mean', '', '', '', '', '', 'area:mean yh:mean xh:mean time: mean']","['days', 'days since 1991-01-01 00:00:00', 'days since 1991-01-01 00:00:00', 'm', '', 'days since 1991-01-01 00:00:00', 'days', 'degrees_east', 'degrees_north', 'm']",ocean
20010701.ocean_daily_2001_226.nc,/g/data/ik11/outputs/mom6-panan/panan-01-zstar-2001rerun/output004/20010701.ocean_daily_2001_226.nc,ocean.1day.nv:2.xh:3600.yh:845,1day,"2001-08-14, 00:00:00","2001-08-15, 00:00:00","['average_DT', 'average_T1', 'average_T2', 'mlotst', 'nv', 'time', 'time_bnds', 'xh', 'yh', 'zos']","['Length of average period', 'Start time for average period', 'End time for average period', 'Ocean Mixed Layer Thickness Defined by Sigma T', 'vertex number', 'time', 'time axis boundaries', 'h point nominal longitude', 'h point nominal latitude', 'Sea surface height above geoid']","['', '', '', 'ocean_mixed_layer_thickness_defined_by_sigma_t', '', '', '', '', '', 'sea_surface_height_above_geoid']","['', '', '', 'area:mean yh:mean xh:mean time: mean', '', '', '', '', '', 'area:mean yh:mean xh:mean time: mean']","['days', 'days since 1991-01-01 00:00:00', 'days since 1991-01-01 00:00:00', 'm', '', 'days since 1991-01-01 00:00:00', 'days', 'degrees_east', 'degrees_north', 'm']",ocean
20010701.ocean_daily_2001_227.nc,/g/data/ik11/outputs/mom6-panan/panan-01-zstar-2001rerun/output004/20010701.ocean_daily_2001_227.nc,ocean.1day.nv:2.xh:3600.yh:845,1day,"2001-08-15, 00:00:00","2001-08-16, 00:00:00","['average_DT', 'average_T1', 'average_T2', 'mlotst', 'nv', 'time', 'time_bnds', 'xh', 'yh', 'zos']","['Length of average period', 'Start time for average period', 'End time for average period', 'Ocean Mixed Layer Thickness Defined by Sigma T', 'vertex number', 'time', 'time axis boundaries', 'h point nominal longitude', 'h point nominal latitude', 'Sea surface height above geoid']","['', '', '', 'ocean_mixed_layer_thickness_defined_by_sigma_t', '', '', '', '', '', 'sea_surface_height_above_geoid']","['', '', '', 'area:mean yh:mean xh:mean time: mean', '', '', '', '', '', 'area:mean yh:mean xh:mean time: mean']","['days', 'days since 1991-01-01 00:00:00', 'days since 1991-01-01 00:00:00', 'm', '', 'days since 1991-01-01 00:00:00', 'days', 'degrees_east', 'degrees_north', 'm']",ocean
20010701.ocean_daily_2001_228.nc,/g/data/ik11/outputs/mom6-panan/panan-01-zstar-2001rerun/output004/20010701.ocean_daily_2001_228.nc,ocean.1day.nv:2.xh:3600.yh:845,1day,"2001-08-16, 00:00:00","2001-08-17, 00:00:00","['average_DT', 'average_T1', 'average_T2', 'mlotst', 'nv', 'time', 'time_bnds', 'xh', 'yh', 'zos']","['Length of average period', 'Start time for average period', 'End time for average period', 'Ocean Mixed Layer Thickness Defined by Sigma T', 'vertex number', 'time', 'time axis boundaries', 'h point nominal longitude', 'h point nominal latitude', 'Sea surface height above geoid']","['', '', '', 'ocean_mixed_layer_thickness_defined_by_sigma_t', '', '', '', '', '', 'sea_surface_height_above_geoid']","['', '', '', 'area:mean yh:mean xh:mean time: mean', '', '', '', '', '', 'area:mean yh:mean xh:mean time: mean']","['days', 'days since 1991-01-01 00:00:00', 'days since 1991-01-01 00:00:00', 'm', '', 'days since 1991-01-01 00:00:00', 'days', 'degrees_east', 'degrees_north', 'm']",ocean
20010701.ocean_daily_2001_229.nc,/g/data/ik11/outputs/mom6-panan/panan-01-zstar-2001rerun/output004/20010701.ocean_daily_2001_229.nc,ocean.1day.nv:2.xh:3600.yh:845,1day,"2001-08-17, 00:00:00","2001-08-18, 00:00:00","['average_DT', 'average_T1', 'average_T2', 'mlotst', 'nv', 'time', 'time_bnds', 'xh', 'yh', 'zos']","['Length of average period', 'Start time for average period', 'End time for average period', 'Ocean Mixed Layer Thickness Defined by Sigma T', 'vertex number', 'time', 'time axis boundaries', 'h point nominal longitude', 'h point nominal latitude', 'Sea surface height above geoid']","['', '', '', 'ocean_mixed_layer_thickness_defined_by_sigma_t', '', '', '', '', '', 'sea_surface_height_above_geoid']","['', '', '', 'area:mean yh:mean xh:mean time: mean', '', '', '', '', '', 'area:mean yh:mean xh:mean time: mean']","['days', 'days since 1991-01-01 00:00:00', 'days since 1991-01-01 00:00:00', 'm', '', 'days since 1991-01-01 00:00:00', 'days', 'degrees_east', 'degrees_north', 'm']",ocean
20010701.ocean_daily_2001_230.nc,/g/data/ik11/outputs/mom6-panan/panan-01-zstar-2001rerun/output004/20010701.ocean_daily_2001_230.nc,ocean.1day.nv:2.xh:3600.yh:845,1day,"2001-08-18, 00:00:00","2001-08-19, 00:00:00","['average_DT', 'average_T1', 'average_T2', 'mlotst', 'nv', 'time', 'time_bnds', 'xh', 'yh', 'zos']","['Length of average period', 'Start time for average period', 'End time for average period', 'Ocean Mixed Layer Thickness Defined by Sigma T', 'vertex number', 'time', 'time axis boundaries', 'h point nominal longitude', 'h point nominal latitude', 'Sea surface height above geoid']","['', '', '', 'ocean_mixed_layer_thickness_defined_by_sigma_t', '', '', '', '', '', 'sea_surface_height_above_geoid']","['', '', '', 'area:mean yh:mean xh:mean time: mean', '', '', '', '', '', 'area:mean yh:mean xh:mean time: mean']","['days', 'days since 1991-01-01 00:00:00', 'days since 1991-01-01 00:00:00', 'm', '', 'days since 1991-01-01 00:00:00', 'days', 'degrees_east', 'degrees_north', 'm']",ocean
20010701.ocean_daily_2001_231.nc,/g/data/ik11/outputs/mom6-panan/panan-01-zstar-2001rerun/output004/20010701.ocean_daily_2001_231.nc,ocean.1day.nv:2.xh:3600.yh:845,1day,"2001-08-19, 00:00:00","2001-08-20, 00:00:00","['average_DT', 'average_T1', 'average_T2', 'mlotst', 'nv', 'time', 'time_bnds', 'xh', 'yh', 'zos']","['Length of average period', 'Start time for average period', 'End time for average period', 'Ocean Mixed Layer Thickness Defined by Sigma T', 'vertex number', 'time', 'time axis boundaries', 'h point nominal longitude', 'h point nominal latitude', 'Sea surface height above geoid']","['', '', '', 'ocean_mixed_layer_thickness_defined_by_sigma_t', '', '', '', '', '', 'sea_surface_height_above_geoid']","['', '', '', 'area:mean yh:mean xh:mean time: mean', '', '', '', '', '', 'area:mean yh:mean xh:mean time: mean']","['days', 'days since 1991-01-01 00:00:00', 'days since 1991-01-01 00:00:00', 'm', '', 'days since 1991-01-01 00:00:00', 'days', 'degrees_east', 'degrees_north', 'm']",ocean
20010701.ocean_daily_2001_232.nc,/g/data/ik11/outputs/mom6-panan/panan-01-zstar-2001rerun/output004/20010701.ocean_daily_2001_232.nc,ocean.1day.nv:2.xh:3600.yh:845,1day,"2001-08-20, 00:00:00","2001-08-21, 00:00:00","['average_DT', 'average_T1', 'average_T2', 'mlotst', 'nv', 'time', 'time_bnds', 'xh', 'yh', 'zos']","['Length of average period', 'Start time for average period', 'End time for average period', 'Ocean Mixed Layer Thickness Defined by Sigma T', 'vertex number', 'time', 'time axis boundaries', 'h point nominal longitude', 'h point nominal latitude', 'Sea surface height above geoid']","['', '', '', 'ocean_mixed_layer_thickness_defined_by_sigma_t', '', '', '', '', '', 'sea_surface_height_above_geoid']","['', '', '', 'area:mean yh:mean xh:mean time: mean', '', '', '', '', '', 'area:mean yh:mean xh:mean time: mean']","['days', 'days since 1991-01-01 00:00:00', 'days since 1991-01-01 00:00:00', 'm', '', 'days since 1991-01-01 00:00:00', 'days', 'degrees_east', 'degrees_north', 'm']",ocean
20010701.ocean_daily_2001_233.nc,/g/data/ik11/outputs/mom6-panan/panan-01-zstar-2001rerun/output004/20010701.ocean_daily_2001_233.nc,ocean.1day.nv:2.xh:3600.yh:845,1day,"2001-08-21, 00:00:00","2001-08-22, 00:00:00","['average_DT', 'average_T1', 'average_T2', 'mlotst', 'nv', 'time', 'time_bnds', 'xh', 'yh', 'zos']","['Length of average period', 'Start time for average period', 'End time for average period', 'Ocean Mixed Layer Thickness Defined by Sigma T', 'vertex number', 'time', 'time axis boundaries', 'h point nominal longitude', 'h point nominal latitude', 'Sea surface height above geoid']","['', '', '', 'ocean_mixed_layer_thickness_defined_by_sigma_t', '', '', '', '', '', 'sea_surface_height_above_geoid']","['', '', '', 'area:mean yh:mean xh:mean time: mean', '', '', '', '', '', 'area:mean yh:mean xh:mean time: mean']","['days', 'days since 1991-01-01 00:00:00', 'days since 1991-01-01 00:00:00', 'm', '', 'days since 1991-01-01 00:00:00', 'days', 'degrees_east', 'degrees_north', 'm']",ocean
20010701.ocean_daily_2001_234.nc,/g/data/ik11/outputs/mom6-panan/panan-01-zstar-2001rerun/output004/20010701.ocean_daily_2001_234.nc,ocean.1day.nv:2.xh:3600.yh:845,1day,"2001-08-22, 00:00:00","2001-08-23, 00:00:00","['average_DT', 'average_T1', 'average_T2', 'mlotst', 'nv', 'time', 'time_bnds', 'xh', 'yh', 'zos']","['Length of average period', 'Start time for average period', 'End time for average period', 'Ocean Mixed Layer Thickness Defined by Sigma T', 'vertex number', 'time', 'time axis boundaries', 'h point nominal longitude', 'h point nominal latitude', 'Sea surface height above geoid']","['', '', '', 'ocean_mixed_layer_thickness_defined_by_sigma_t', '', '', '', '', '', 'sea_surface_height_above_geoid']","['', '', '', 'area:mean yh:mean xh:mean time: mean', '', '', '', '', '', 'area:mean yh:mean xh:mean time: mean']","['days', 'days since 1991-01-01 00:00:00', 'days since 1991-01-01 00:00:00', 'm', '', 'days since 1991-01-01 00:00:00', 'days', 'degrees_east', 'degrees_north', 'm']",ocean
20010701.ocean_daily_2001_235.nc,/g/data/ik11/outputs/mom6-panan/panan-01-zstar-2001rerun/output004/20010701.ocean_daily_2001_235.nc,ocean.1day.nv:2.xh:3600.yh:845,1day,"2001-08-23, 00:00:00","2001-08-24, 00:00:00","['average_DT', 'average_T1', 'average_T2', 'mlotst', 'nv', 'time', 'time_bnds', 'xh', 'yh', 'zos']","['Length of average period', 'Start time for average period', 'End time for average period', 'Ocean Mixed Layer Thickness Defined by Sigma T', 'vertex number', 'time', 'time axis boundaries', 'h point nominal longitude', 'h point nominal latitude', 'Sea surface height above geoid']","['', '', '', 'ocean_mixed_layer_thickness_defined_by_sigma_t', '', '', '', '', '', 'sea_surface_height_above_geoid']","['', '', '', 'area:mean yh:mean xh:mean time: mean', '', '', '', '', '', 'area:mean yh:mean xh:mean time: mean']","['days', 'days since 1991-01-01 00:00:00', 'days since 1991-01-01 00:00:00', 'm', '', 'days since 1991-01-01 00:00:00', 'days', 'degrees_east', 'degrees_north', 'm']",ocean
20010701.ocean_daily_2001_236.nc,/g/data/ik11/outputs/mom6-panan/panan-01-zstar-2001rerun/output004/20010701.ocean_daily_2001_236.nc,ocean.1day.nv:2.xh:3600.yh:845,1day,"2001-08-24, 00:00:00","2001-08-25, 00:00:00","['average_DT', 'average_T1', 'average_T2', 'mlotst', 'nv', 'time', 'time_bnds', 'xh', 'yh', 'zos']","['Length of average period', 'Start time for average period', 'End time for average period', 'Ocean Mixed Layer Thickness Defined by Sigma T', 'vertex number', 'time', 'time axis boundaries', 'h point nominal longitude', 'h point nominal latitude', 'Sea surface height above geoid']","['', '', '', 'ocean_mixed_layer_thickness_defined_by_sigma_t', '', '', '', '', '', 'sea_surface_height_above_geoid']","['', '', '', 'area:mean yh:mean xh:mean time: mean', '', '', '', '', '', 'area:mean yh:mean xh:mean time: mean']","['days', 'days since 1991-01-01 00:00:00', 'days since 1991-01-01 00:00:00', 'm', '', 'days since 1991-01-01 00:00:00', 'days', 'degrees_east', 'degrees_north', 'm']",ocean
20010701.ocean_daily_2001_237.nc,/g/data/ik11/outputs/mom6-panan/panan-01-zstar-2001rerun/output004/20010701.ocean_daily_2001_237.nc,ocean.1day.nv:2.xh:3600.yh:845,1day,"2001-08-25, 00:00:00","2001-08-26, 00:00:00","['average_DT', 'average_T1', 'average_T2', 'mlotst', 'nv', 'time', 'time_bnds', 'xh', 'yh', 'zos']","['Length of average period', 'Start time for average period', 'End time for average period', 'Ocean Mixed Layer Thickness Defined by Sigma T', 'vertex number', 'time', 'time axis boundaries', 'h point nominal longitude', 'h point nominal latitude', 'Sea surface height above geoid']","['', '', '', 'ocean_mixed_layer_thickness_defined_by_sigma_t', '', '', '', '', '', 'sea_surface_height_above_geoid']","['', '', '', 'area:mean yh:mean xh:mean time: mean', '', '', '', '', '', 'area:mean yh:mean xh:mean time: mean']","['days', 'days since 1991-01-01 00:00:00', 'days since 1991-01-01 00:00:00', 'm', '', 'days since 1991-01-01 00:00:00', 'days', 'degrees_east', 'degrees_north', 'm']",ocean
20010701.ocean_daily_2001_238.nc,/g/data/ik11/outputs/mom6-panan/panan-01-zstar-2001rerun/output004/20010701.ocean_daily_2001_238.nc,ocean.1day.nv:2.xh:3600.yh:845,1day,"2001-08-26, 00:00:00","2001-08-27, 00:00:00","['average_DT', 'average_T1', 'average_T2', 'mlotst', 'nv', 'time', 'time_bnds', 'xh', 'yh', 'zos']","['Length of average period', 'Start time for average period', 'End time for average period', 'Ocean Mixed Layer Thickness Defined by Sigma T', 'vertex number', 'time', 'time axis boundaries', 'h point nominal longitude', 'h point nominal latitude', 'Sea surface height above geoid']","['', '', '', 'ocean_mixed_layer_thickness_defined_by_sigma_t', '', '', '', '', '', 'sea_surface_height_above_geoid']","['', '', '', 'area:mean yh:mean xh:mean time: mean', '', '', '', '', '', 'area:mean yh:mean xh:mean time: mean']","['days', 'days since 1991-01-01 00:00:00', 'days since 1991-01-01 00:00:00', 'm', '', 'days since 1991-01-01 00:00:00', 'days', 'degrees_east', 'degrees_north', 'm']",ocean
20010701.ocean_daily_2001_239.nc,/g/data/ik11/outputs/mom6-panan/panan-01-zstar-2001rerun/output004/20010701.ocean_daily_2001_239.nc,ocean.1day.nv:2.xh:3600.yh:845,1day,"2001-08-27, 00:00:00","2001-08-28, 00:00:00","['average_DT', 'average_T1', 'average_T2', 'mlotst', 'nv', 'time', 'time_bnds', 'xh', 'yh', 'zos']","['Length of average period', 'Start time for average period', 'End time for average period', 'Ocean Mixed Layer Thickness Defined by Sigma T', 'vertex number', 'time', 'time axis boundaries', 'h point nominal longitude', 'h point nominal latitude', 'Sea surface height above geoid']","['', '', '', 'ocean_mixed_layer_thickness_defined_by_sigma_t', '', '', '', '', '', 'sea_surface_height_above_geoid']","['', '', '', 'area:mean yh:mean xh:mean time: mean', '', '', '', '', '', 'area:mean yh:mean xh:mean time: mean']","['days', 'days since 1991-01-01 00:00:00', 'days since 1991-01-01 00:00:00', 'm', '', 'days since 1991-01-01 00:00:00', 'days', 'degrees_east', 'degrees_north', 'm']",ocean
20010701.ocean_daily_2001_240.nc,/g/data/ik11/outputs/mom6-panan/panan-01-zstar-2001rerun/output004/20010701.ocean_daily_2001_240.nc,ocean.1day.nv:2.xh:3600.yh:845,1day,"2001-08-28, 00:00:00","2001-08-29, 00:00:00","['average_DT', 'average_T1', 'average_T2', 'mlotst', 'nv', 'time', 'time_bnds', 'xh', 'yh', 'zos']","['Length of average period', 'Start time for average period', 'End time for average period', 'Ocean Mixed Layer Thickness Defined by Sigma T', 'vertex number', 'time', 'time axis boundaries', 'h point nominal longitude', 'h point nominal latitude', 'Sea surface height above geoid']","['', '', '', 'ocean_mixed_layer_thickness_defined_by_sigma_t', '', '', '', '', '', 'sea_surface_height_above_geoid']","['', '', '', 'area:mean yh:mean xh:mean time: mean', '', '', '', '', '', 'area:mean yh:mean xh:mean time: mean']","['days', 'days since 1991-01-01 00:00:00', 'days since 1991-01-01 00:00:00', 'm', '', 'days since 1991-01-01 00:00:00', 'days', 'degrees_east', 'degrees_north', 'm']",ocean
20010701.ocean_daily_2001_241.nc,/g/data/ik11/outputs/mom6-panan/panan-01-zstar-2001rerun/output004/20010701.ocean_daily_2001_241.nc,ocean.1day.nv:2.xh:3600.yh:845,1day,"2001-08-29, 00:00:00","2001-08-30, 00:00:00","['average_DT', 'average_T1', 'average_T2', 'mlotst', 'nv', 'time', 'time_bnds', 'xh', 'yh', 'zos']","['Length of average period', 'Start time for average period', 'End time for average period', 'Ocean Mixed Layer Thickness Defined by Sigma T', 'vertex number', 'time', 'time axis boundaries', 'h point nominal longitude', 'h point nominal latitude', 'Sea surface height above geoid']","['', '', '', 'ocean_mixed_layer_thickness_defined_by_sigma_t', '', '', '', '', '', 'sea_surface_height_above_geoid']","['', '', '', 'area:mean yh:mean xh:mean time: mean', '', '', '', '', '', 'area:mean yh:mean xh:mean time: mean']","['days', 'days since 1991-01-01 00:00:00', 'days since 1991-01-01 00:00:00', 'm', '', 'days since 1991-01-01 00:00:00', 'days', 'degrees_east', 'degrees_north', 'm']",ocean
20010701.ocean_daily_2001_242.nc,/g/data/ik11/outputs/mom6-panan/panan-01-zstar-2001rerun/output004/20010701.ocean_daily_2001_242.nc,ocean.1day.nv:2.xh:3600.yh:845,1day,"2001-08-30, 00:00:00","2001-08-31, 00:00:00","['average_DT', 'average_T1', 'average_T2', 'mlotst', 'nv', 'time', 'time_bnds', 'xh', 'yh', 'zos']","['Length of average period', 'Start time for average period', 'End time for average period', 'Ocean Mixed Layer Thickness Defined by Sigma T', 'vertex number', 'time', 'time axis boundaries', 'h point nominal longitude', 'h point nominal latitude', 'Sea surface height above geoid']","['', '', '', 'ocean_mixed_layer_thickness_defined_by_sigma_t', '', '', '', '', '', 'sea_surface_height_above_geoid']","['', '', '', 'area:mean yh:mean xh:mean time: mean', '', '', '', '', '', 'area:mean yh:mean xh:mean time: mean']","['days', 'days since 1991-01-01 00:00:00', 'days since 1991-01-01 00:00:00', 'm', '', 'days since 1991-01-01 00:00:00', 'days', 'degrees_east', 'degrees_north', 'm']",ocean
20010701.ocean_daily_2001_243.nc,/g/data/ik11/outputs/mom6-panan/panan-01-zstar-2001rerun/output004/20010701.ocean_daily_2001_243.nc,ocean.1day.nv:2.xh:3600.yh:845,1day,"2001-08-31, 00:00:00","2001-09-01, 00:00:00","['average_DT', 'average_T1', 'average_T2', 'mlotst', 'nv', 'time', 'time_bnds', 'xh', 'yh', 'zos']","['Length of average period', 'Start time for average period', 'End time for average period', 'Ocean Mixed Layer Thickness Defined by Sigma T', 'vertex number', 'time', 'time axis boundaries', 'h point nominal longitude', 'h point nominal latitude', 'Sea surface height above geoid']","['', '', '', 'ocean_mixed_layer_thickness_defined_by_sigma_t', '', '', '', '', '', 'sea_surface_height_above_geoid']","['', '', '', 'area:mean yh:mean xh:mean time: mean', '', '', '', '', '', 'area:mean yh:mean xh:mean time: mean']","['days', 'days since 1991-01-01 00:00:00', 'days since 1991-01-01 00:00:00', 'm', '', 'days since 1991-01-01 00:00:00', 'days', 'degrees_east', 'degrees_north', 'm']",ocean
20010701.ocean_daily_z_2001_182.nc,/g/data/ik11/outputs/mom6-panan/panan-01-zstar-2001rerun/output004/20010701.ocean_daily_z_2001_182.nc,ocean.1day.nv:2.xh:3600.xq:3601.yh:845.yq:846.z_l_sub01:1,1day,"2001-07-01, 00:00:00","2001-07-02, 00:00:00","['average_DT', 'average_T1', 'average_T2', 'nv', 'time', 'time_bnds', 'uo', 'vo', 'xh', 'xq', 'yh', 'yq', 'z_l_sub01']","['Length of average period', 'Start time for average period', 'End time for average period', 'vertex number', 'time', 'time axis boundaries', 'Sea Water X Velocity', 'Sea Water Y Velocity', 'h point nominal longitude', 'q point nominal longitude', 'h point nominal latitude', 'q point nominal latitude', 'Depth at cell center']","['', '', '', '', '', '', 'sea_water_x_velocity', 'sea_water_y_velocity', '', '', '', '', '']","['', '', '', '', '', '', 'z_l:mean yh:mean xq:point time: mean', 'z_l:mean yq:point xh:mean time: mean', '', '', '', '', '']","['days', 'days since 1991-01-01 00:00:00', 'days since 1991-01-01 00:00:00', '', 'days since 1991-01-01 00:00:00', 'days', 'm s-1', 'm s-1', 'degrees_east', 'degrees_east', 'degrees_north', 'degrees_north', 'meters']",ocean
20010701.ocean_daily_z_2001_183.nc,/g/data/ik11/outputs/mom6-panan/panan-01-zstar-2001rerun/output004/20010701.ocean_daily_z_2001_183.nc,ocean.1day.nv:2.xh:3600.xq:3601.yh:845.yq:846.z_l_sub01:1,1day,"2001-07-02, 00:00:00","2001-07-03, 00:00:00","['average_DT', 'average_T1', 'average_T2', 'nv', 'time', 'time_bnds', 'uo', 'vo', 'xh', 'xq', 'yh', 'yq', 'z_l_sub01']","['Length of average period', 'Start time for average period', 'End time for average period', 'vertex number', 'time', 'time axis boundaries', 'Sea Water X Velocity', 'Sea Water Y Velocity', 'h point nominal longitude', 'q point nominal longitude', 'h point nominal latitude', 'q point nominal latitude', 'Depth at cell center']","['', '', '', '', '', '', 'sea_water_x_velocity', 'sea_water_y_velocity', '', '', '', '', '']","['', '', '', '', '', '', 'z_l:mean yh:mean xq:point time: mean', 'z_l:mean yq:point xh:mean time: mean', '', '', '', '', '']","['days', 'days since 1991-01-01 00:00:00', 'days since 1991-01-01 00:00:00', '', 'days since 1991-01-01 00:00:00', 'days', 'm s-1', 'm s-1', 'degrees_east', 'degrees_east', 'degrees_north', 'degrees_north', 'meters']",ocean
20010701.ocean_daily_z_2001_184.nc,/g/data/ik11/outputs/mom6-panan/panan-01-zstar-2001rerun/output004/20010701.ocean_daily_z_2001_184.nc,ocean.1day.nv:2.xh:3600.xq:3601.yh:845.yq:846.z_l_sub01:1,1day,"2001-07-03, 00:00:00","2001-07-04, 00:00:00","['average_DT', 'average_T1', 'average_T2', 'nv', 'time', 'time_bnds', 'uo', 'vo', 'xh', 'xq', 'yh', 'yq', 'z_l_sub01']","['Length of average period', 'Start time for average period', 'End time for average period', 'vertex number', 'time', 'time axis boundaries', 'Sea Water X Velocity', 'Sea Water Y Velocity', 'h point nominal longitude', 'q point nominal longitude', 'h point nominal latitude', 'q point nominal latitude', 'Depth at cell center']","['', '', '', '', '', '', 'sea_water_x_velocity', 'sea_water_y_velocity', '', '', '', '', '']","['', '', '', '', '', '', 'z_l:mean yh:mean xq:point time: mean', 'z_l:mean yq:point xh:mean time: mean', '', '', '', '', '']","['days', 'days since 1991-01-01 00:00:00', 'days since 1991-01-01 00:00:00', '', 'days since 1991-01-01 00:00:00', 'days', 'm s-1', 'm s-1', 'degrees_east', 'degrees_east', 'degrees_north', 'degrees_north', 'meters']",ocean
20010701.ocean_daily_z_2001_185.nc,/g/data/ik11/outputs/mom6-panan/panan-01-zstar-2001rerun/output004/20010701.ocean_daily_z_2001_185.nc,ocean.1day.nv:2.xh:3600.xq:3601.yh:845.yq:846.z_l_sub01:1,1day,"2001-07-04, 00:00:00","2001-07-05, 00:00:00","['average_DT', 'average_T1', 'average_T2', 'nv', 'time', 'time_bnds', 'uo', 'vo', 'xh', 'xq', 'yh', 'yq', 'z_l_sub01']","['Length of average period', 'Start time for average period', 'End time for average period', 'vertex number', 'time', 'time axis boundaries', 'Sea Water X Velocity', 'Sea Water Y Velocity', 'h point nominal longitude', 'q point nominal longitude', 'h point nominal latitude', 'q point nominal latitude', 'Depth at cell center']","['', '', '', '', '', '', 'sea_water_x_velocity', 'sea_water_y_velocity', '', '', '', '', '']","['', '', '', '', '', '', 'z_l:mean yh:mean xq:point time: mean', 'z_l:mean yq:point xh:mean time: mean', '', '', '', '', '']","['days', 'days since 1991-01-01 00:00:00', 'days since 1991-01-01 00:00:00', '', 'days since 1991-01-01 00:00:00', 'days', 'm s-1', 'm s-1', 'degrees_east', 'degrees_east', 'degrees_north', 'degrees_north', 'meters']",ocean
20010701.ocean_daily_z_2001_186.nc,/g/data/ik11/outputs/mom6-panan/panan-01-zstar-2001rerun/output004/20010701.ocean_daily_z_2001_186.nc,ocean.1day.nv:2.xh:3600.xq:3601.yh:845.yq:846.z_l_sub01:1,1day,"2001-07-05, 00:00:00","2001-07-06, 00:00:00","['average_DT', 'average_T1', 'average_T2', 'nv', 'time', 'time_bnds', 'uo', 'vo', 'xh', 'xq', 'yh', 'yq', 'z_l_sub01']","['Length of average period', 'Start time for average period', 'End time for average period', 'vertex number', 'time', 'time axis boundaries', 'Sea Water X Velocity', 'Sea Water Y Velocity', 'h point nominal longitude', 'q point nominal longitude', 'h point nominal latitude', 'q point nominal latitude', 'Depth at cell center']","['', '', '', '', '', '', 'sea_water_x_velocity', 'sea_water_y_velocity', '', '', '', '', '']","['', '', '', '', '', '', 'z_l:mean yh:mean xq:point time: mean', 'z_l:mean yq:point xh:mean time: mean', '', '', '', '', '']","['days', 'days since 1991-01-01 00:00:00', 'days since 1991-01-01 00:00:00', '', 'days since 1991-01-01 00:00:00', 'days', 'm s-1', 'm s-1', 'degrees_east', 'degrees_east', 'degrees_north', 'degrees_north', 'meters']",ocean
20010701.ocean_daily_z_2001_187.nc,/g/data/ik11/outputs/mom6-panan/panan-01-zstar-2001rerun/output004/20010701.ocean_daily_z_2001_187.nc,ocean.1day.nv:2.xh:3600.xq:3601.yh:845.yq:846.z_l_sub01:1,1day,"2001-07-06, 00:00:00","2001-07-07, 00:00:00","['average_DT', 'average_T1', 'average_T2', 'nv', 'time', 'time_bnds', 'uo', 'vo', 'xh', 'xq', 'yh', 'yq', 'z_l_sub01']","['Length of average period', 'Start time for average period', 'End time for average period', 'vertex number', 'time', 'time axis boundaries', 'Sea Water X Velocity', 'Sea Water Y Velocity', 'h point nominal longitude', 'q point nominal longitude', 'h point nominal latitude', 'q point nominal latitude', 'Depth at cell center']","['', '', '', '', '', '', 'sea_water_x_velocity', 'sea_water_y_velocity', '', '', '', '', '']","['', '', '', '', '', '', 'z_l:mean yh:mean xq:point time: mean', 'z_l:mean yq:point xh:mean time: mean', '', '', '', '', '']","['days', 'days since 1991-01-01 00:00:00', 'days since 1991-01-01 00:00:00', '', 'days since 1991-01-01 00:00:00', 'days', 'm s-1', 'm s-1', 'degrees_east', 'degrees_east', 'degrees_north', 'degrees_north', 'meters']",ocean
20010701.ocean_daily_z_2001_188.nc,/g/data/ik11/outputs/mom6-panan/panan-01-zstar-2001rerun/output004/20010701.ocean_daily_z_2001_188.nc,ocean.1day.nv:2.xh:3600.xq:3601.yh:845.yq:846.z_l_sub01:1,1day,"2001-07-07, 00:00:00","2001-07-08, 00:00:00","['average_DT', 'average_T1', 'average_T2', 'nv', 'time', 'time_bnds', 'uo', 'vo', 'xh', 'xq', 'yh', 'yq', 'z_l_sub01']","['Length of average period', 'Start time for average period', 'End time for average period', 'vertex number', 'time', 'time axis boundaries', 'Sea Water X Velocity', 'Sea Water Y Velocity', 'h point nominal longitude', 'q point nominal longitude', 'h point nominal latitude', 'q point nominal latitude', 'Depth at cell center']","['', '', '', '', '', '', 'sea_water_x_velocity', 'sea_water_y_velocity', '', '', '', '', '']","['', '', '', '', '', '', 'z_l:mean yh:mean xq:point time: mean', 'z_l:mean yq:point xh:mean time: mean', '', '', '', '', '']","['days', 'days since 1991-01-01 00:00:00', 'days since 1991-01-01 00:00:00', '', 'days since 1991-01-01 00:00:00', 'days', 'm s-1', 'm s-1', 'degrees_east', 'degrees_east', 'degrees_north', 'degrees_north', 'meters']",ocean
20010701.ocean_daily_z_2001_189.nc,/g/data/ik11/outputs/mom6-panan/panan-01-zstar-2001rerun/output004/20010701.ocean_daily_z_2001_189.nc,ocean.1day.nv:2.xh:3600.xq:3601.yh:845.yq:846.z_l_sub01:1,1day,"2001-07-08, 00:00:00","2001-07-09, 00:00:00","['average_DT', 'average_T1', 'average_T2', 'nv', 'time', 'time_bnds', 'uo', 'vo', 'xh', 'xq', 'yh', 'yq', 'z_l_sub01']","['Length of average period', 'Start time for average period', 'End time for average period', 'vertex number', 'time', 'time axis boundaries', 'Sea Water X Velocity', 'Sea Water Y Velocity', 'h point nominal longitude', 'q point nominal longitude', 'h point nominal latitude', 'q point nominal latitude', 'Depth at cell center']","['', '', '', '', '', '', 'sea_water_x_velocity', 'sea_water_y_velocity', '', '', '', '', '']","['', '', '', '', '', '', 'z_l:mean yh:mean xq:point time: mean', 'z_l:mean yq:point xh:mean time: mean', '', '', '', '', '']","['days', 'days since 1991-01-01 00:00:00', 'days since 1991-01-01 00:00:00', '', 'days since 1991-01-01 00:00:00', 'days', 'm s-1', 'm s-1', 'degrees_east', 'degrees_east', 'degrees_north', 'degrees_north', 'meters']",ocean
20010701.ocean_daily_z_2001_190.nc,/g/data/ik11/outputs/mom6-panan/panan-01-zstar-2001rerun/output004/20010701.ocean_daily_z_2001_190.nc,ocean.1day.nv:2.xh:3600.xq:3601.yh:845.yq:846.z_l_sub01:1,1day,"2001-07-09, 00:00:00","2001-07-10, 00:00:00","['average_DT', 'average_T1', 'average_T2', 'nv', 'time', 'time_bnds', 'uo', 'vo', 'xh', 'xq', 'yh', 'yq', 'z_l_sub01']","['Length of average period', 'Start time for average period', 'End time for average period', 'vertex number', 'time', 'time axis boundaries', 'Sea Water X Velocity', 'Sea Water Y Velocity', 'h point nominal longitude', 'q point nominal longitude', 'h point nominal latitude', 'q point nominal latitude', 'Depth at cell center']","['', '', '', '', '', '', 'sea_water_x_velocity', 'sea_water_y_velocity', '', '', '', '', '']","['', '', '', '', '', '', 'z_l:mean yh:mean xq:point time: mean', 'z_l:mean yq:point xh:mean time: mean', '', '', '', '', '']","['days', 'days since 1991-01-01 00:00:00', 'days since 1991-01-01 00:00:00', '', 'days since 1991-01-01 00:00:00', 'days', 'm s-1', 'm s-1', 'degrees_east', 'degrees_east', 'degrees_north', 'degrees_north', 'meters']",ocean
20010701.ocean_daily_z_2001_191.nc,/g/data/ik11/outputs/mom6-panan/panan-01-zstar-2001rerun/output004/20010701.ocean_daily_z_2001_191.nc,ocean.1day.nv:2.xh:3600.xq:3601.yh:845.yq:846.z_l_sub01:1,1day,"2001-07-10, 00:00:00","2001-07-11, 00:00:00","['average_DT', 'average_T1', 'average_T2', 'nv', 'time', 'time_bnds', 'uo', 'vo', 'xh', 'xq', 'yh', 'yq', 'z_l_sub01']","['Length of average period', 'Start time for average period', 'End time for average period', 'vertex number', 'time', 'time axis boundaries', 'Sea Water X Velocity', 'Sea Water Y Velocity', 'h point nominal longitude', 'q point nominal longitude', 'h point nominal latitude', 'q point nominal latitude', 'Depth at cell center']","['', '', '', '', '', '', 'sea_water_x_velocity', 'sea_water_y_velocity', '', '', '', '', '']","['', '', '', '', '', '', 'z_l:mean yh:mean xq:point time: mean', 'z_l:mean yq:point xh:mean time: mean', '', '', '', '', '']","['days', 'days since 1991-01-01 00:00:00', 'days since 1991-01-01 00:00:00', '', 'days since 1991-01-01 00:00:00', 'days', 'm s-1', 'm s-1', 'degrees_east', 'degrees_east', 'degrees_north', 'degrees_north', 'meters']",ocean
20010701.ocean_daily_z_2001_192.nc,/g/data/ik11/outputs/mom6-panan/panan-01-zstar-2001rerun/output004/20010701.ocean_daily_z_2001_192.nc,ocean.1day.nv:2.xh:3600.xq:3601.yh:845.yq:846.z_l_sub01:1,1day,"2001-07-11, 00:00:00","2001-07-12, 00:00:00","['average_DT', 'average_T1', 'average_T2', 'nv', 'time', 'time_bnds', 'uo', 'vo', 'xh', 'xq', 'yh', 'yq', 'z_l_sub01']","['Length of average period', 'Start time for average period', 'End time for average period', 'vertex number', 'time', 'time axis boundaries', 'Sea Water X Velocity', 'Sea Water Y Velocity', 'h point nominal longitude', 'q point nominal longitude', 'h point nominal latitude', 'q point nominal latitude', 'Depth at cell center']","['', '', '', '', '', '', 'sea_water_x_velocity', 'sea_water_y_velocity', '', '', '', '', '']","['', '', '', '', '', '', 'z_l:mean yh:mean xq:point time: mean', 'z_l:mean yq:point xh:mean time: mean', '', '', '', '', '']","['days', 'days since 1991-01-01 00:00:00', 'days since 1991-01-01 00:00:00', '', 'days since 1991-01-01 00:00:00', 'days', 'm s-1', 'm s-1', 'degrees_east', 'degrees_east', 'degrees_north', 'degrees_north', 'meters']",ocean
20010701.ocean_daily_z_2001_193.nc,/g/data/ik11/outputs/mom6-panan/panan-01-zstar-2001rerun/output004/20010701.ocean_daily_z_2001_193.nc,ocean.1day.nv:2.xh:3600.xq:3601.yh:845.yq:846.z_l_sub01:1,1day,"2001-07-12, 00:00:00","2001-07-13, 00:00:00","['average_DT', 'average_T1', 'average_T2', 'nv', 'time', 'time_bnds', 'uo', 'vo', 'xh', 'xq', 'yh', 'yq', 'z_l_sub01']","['Length of average period', 'Start time for average period', 'End time for average period', 'vertex number', 'time', 'time axis boundaries', 'Sea Water X Velocity', 'Sea Water Y Velocity', 'h point nominal longitude', 'q point nominal longitude', 'h point nominal latitude', 'q point nominal latitude', 'Depth at cell center']","['', '', '', '', '', '', 'sea_water_x_velocity', 'sea_water_y_velocity', '', '', '', '', '']","['', '', '', '', '', '', 'z_l:mean yh:mean xq:point time: mean', 'z_l:mean yq:point xh:mean time: mean', '', '', '', '', '']","['days', 'days since 1991-01-01 00:00:00', 'days since 1991-01-01 00:00:00', '', 'days since 1991-01-01 00:00:00', 'days', 'm s-1', 'm s-1', 'degrees_east', 'degrees_east', 'degrees_north', 'degrees_north', 'meters']",ocean
20010701.ocean_daily_z_2001_194.nc,/g/data/ik11/outputs/mom6-panan/panan-01-zstar-2001rerun/output004/20010701.ocean_daily_z_2001_194.nc,ocean.1day.nv:2.xh:3600.xq:3601.yh:845.yq:846.z_l_sub01:1,1day,"2001-07-13, 00:00:00","2001-07-14, 00:00:00","['average_DT', 'average_T1', 'average_T2', 'nv', 'time', 'time_bnds', 'uo', 'vo', 'xh', 'xq', 'yh', 'yq', 'z_l_sub01']","['Length of average period', 'Start time for average period', 'End time for average period', 'vertex number', 'time', 'time axis boundaries', 'Sea Water X Velocity', 'Sea Water Y Velocity', 'h point nominal longitude', 'q point nominal longitude', 'h point nominal latitude', 'q point nominal latitude', 'Depth at cell center']","['', '', '', '', '', '', 'sea_water_x_velocity', 'sea_water_y_velocity', '', '', '', '', '']","['', '', '', '', '', '', 'z_l:mean yh:mean xq:point time: mean', 'z_l:mean yq:point xh:mean time: mean', '', '', '', '', '']","['days', 'days since 1991-01-01 00:00:00', 'days since 1991-01-01 00:00:00', '', 'days since 1991-01-01 00:00:00', 'days', 'm s-1', 'm s-1', 'degrees_east', 'degrees_east', 'degrees_north', 'degrees_north', 'meters']",ocean
20010701.ocean_daily_z_2001_195.nc,/g/data/ik11/outputs/mom6-panan/panan-01-zstar-2001rerun/output004/20010701.ocean_daily_z_2001_195.nc,ocean.1day.nv:2.xh:3600.xq:3601.yh:845.yq:846.z_l_sub01:1,1day,"2001-07-14, 00:00:00","2001-07-15, 00:00:00","['average_DT', 'average_T1', 'average_T2', 'nv', 'time', 'time_bnds', 'uo', 'vo', 'xh', 'xq', 'yh', 'yq', 'z_l_sub01']","['Length of average period', 'Start time for average period', 'End time for average period', 'vertex number', 'time', 'time axis boundaries', 'Sea Water X Velocity', 'Sea Water Y Velocity', 'h point nominal longitude', 'q point nominal longitude', 'h point nominal latitude', 'q point nominal latitude', 'Depth at cell center']","['', '', '', '', '', '', 'sea_water_x_velocity', 'sea_water_y_velocity', '', '', '', '', '']","['', '', '', '', '', '', 'z_l:mean yh:mean xq:point time: mean', 'z_l:mean yq:point xh:mean time: mean', '', '', '', '', '']","['days', 'days since 1991-01-01 00:00:00', 'days since 1991-01-01 00:00:00', '', 'days since 1991-01-01 00:00:00', 'days', 'm s-1', 'm s-1', 'degrees_east', 'degrees_east', 'degrees_north', 'degrees_north', 'meters']",ocean
20010701.ocean_daily_z_2001_196.nc,/g/data/ik11/outputs/mom6-panan/panan-01-zstar-2001rerun/output004/20010701.ocean_daily_z_2001_196.nc,ocean.1day.nv:2.xh:3600.xq:3601.yh:845.yq:846.z_l_sub01:1,1day,"2001-07-15, 00:00:00","2001-07-16, 00:00:00","['average_DT', 'average_T1', 'average_T2', 'nv', 'time', 'time_bnds', 'uo', 'vo', 'xh', 'xq', 'yh', 'yq', 'z_l_sub01']","['Length of average period', 'Start time for average period', 'End time for average period', 'vertex number', 'time', 'time axis boundaries', 'Sea Water X Velocity', 'Sea Water Y Velocity', 'h point nominal longitude', 'q point nominal longitude', 'h point nominal latitude', 'q point nominal latitude', 'Depth at cell center']","['', '', '', '', '', '', 'sea_water_x_velocity', 'sea_water_y_velocity', '', '', '', '', '']","['', '', '', '', '', '', 'z_l:mean yh:mean xq:point time: mean', 'z_l:mean yq:point xh:mean time: mean', '', '', '', '', '']","['days', 'days since 1991-01-01 00:00:00', 'days since 1991-01-01 00:00:00', '', 'days since 1991-01-01 00:00:00', 'days', 'm s-1', 'm s-1', 'degrees_east', 'degrees_east', 'degrees_north', 'degrees_north', 'meters']",ocean
20010701.ocean_daily_z_2001_197.nc,/g/data/ik11/outputs/mom6-panan/panan-01-zstar-2001rerun/output004/20010701.ocean_daily_z_2001_197.nc,ocean.1day.nv:2.xh:3600.xq:3601.yh:845.yq:846.z_l_sub01:1,1day,"2001-07-16, 00:00:00","2001-07-17, 00:00:00","['average_DT', 'average_T1', 'average_T2', 'nv', 'time', 'time_bnds', 'uo', 'vo', 'xh', 'xq', 'yh', 'yq', 'z_l_sub01']","['Length of average period', 'Start time for average period', 'End time for average period', 'vertex number', 'time', 'time axis boundaries', 'Sea Water X Velocity', 'Sea Water Y Velocity', 'h point nominal longitude', 'q point nominal longitude', 'h point nominal latitude', 'q point nominal latitude', 'Depth at cell center']","['', '', '', '', '', '', 'sea_water_x_velocity', 'sea_water_y_velocity', '', '', '', '', '']","['', '', '', '', '', '', 'z_l:mean yh:mean xq:point time: mean', 'z_l:mean yq:point xh:mean time: mean', '', '', '', '', '']","['days', 'days since 1991-01-01 00:00:00', 'days since 1991-01-01 00:00:00', '', 'days since 1991-01-01 00:00:00', 'days', 'm s-1', 'm s-1', 'degrees_east', 'degrees_east', 'degrees_north', 'degrees_north', 'meters']",ocean
20010701.ocean_daily_z_2001_198.nc,/g/data/ik11/outputs/mom6-panan/panan-01-zstar-2001rerun/output004/20010701.ocean_daily_z_2001_198.nc,ocean.1day.nv:2.xh:3600.xq:3601.yh:845.yq:846.z_l_sub01:1,1day,"2001-07-17, 00:00:00","2001-07-18, 00:00:00","['average_DT', 'average_T1', 'average_T2', 'nv', 'time', 'time_bnds', 'uo', 'vo', 'xh', 'xq', 'yh', 'yq', 'z_l_sub01']","['Length of average period', 'Start time for average period', 'End time for average period', 'vertex number', 'time', 'time axis boundaries', 'Sea Water X Velocity', 'Sea Water Y Velocity', 'h point nominal longitude', 'q point nominal longitude', 'h point nominal latitude', 'q point nominal latitude', 'Depth at cell center']","['', '', '', '', '', '', 'sea_water_x_velocity', 'sea_water_y_velocity', '', '', '', '', '']","['', '', '', '', '', '', 'z_l:mean yh:mean xq:point time: mean', 'z_l:mean yq:point xh:mean time: mean', '', '', '', '', '']","['days', 'days since 1991-01-01 00:00:00', 'days since 1991-01-01 00:00:00', '', 'days since 1991-01-01 00:00:00', 'days', 'm s-1', 'm s-1', 'degrees_east', 'degrees_east', 'degrees_north', 'degrees_north', 'meters']",ocean
20010701.ocean_daily_z_2001_199.nc,/g/data/ik11/outputs/mom6-panan/panan-01-zstar-2001rerun/output004/20010701.ocean_daily_z_2001_199.nc,ocean.1day.nv:2.xh:3600.xq:3601.yh:845.yq:846.z_l_sub01:1,1day,"2001-07-18, 00:00:00","2001-07-19, 00:00:00","['average_DT', 'average_T1', 'average_T2', 'nv', 'time', 'time_bnds', 'uo', 'vo', 'xh', 'xq', 'yh', 'yq', 'z_l_sub01']","['Length of average period', 'Start time for average period', 'End time for average period', 'vertex number', 'time', 'time axis boundaries', 'Sea Water X Velocity', 'Sea Water Y Velocity', 'h point nominal longitude', 'q point nominal longitude', 'h point nominal latitude', 'q point nominal latitude', 'Depth at cell center']","['', '', '', '', '', '', 'sea_water_x_velocity', 'sea_water_y_velocity', '', '', '', '', '']","['', '', '', '', '', '', 'z_l:mean yh:mean xq:point time: mean', 'z_l:mean yq:point xh:mean time: mean', '', '', '', '', '']","['days', 'days since 1991-01-01 00:00:00', 'days since 1991-01-01 00:00:00', '', 'days since 1991-01-01 00:00:00', 'days', 'm s-1', 'm s-1', 'degrees_east', 'degrees_east', 'degrees_north', 'degrees_north', 'meters']",ocean
20010701.ocean_daily_z_2001_200.nc,/g/data/ik11/outputs/mom6-panan/panan-01-zstar-2001rerun/output004/20010701.ocean_daily_z_2001_200.nc,ocean.1day.nv:2.xh:3600.xq:3601.yh:845.yq:846.z_l_sub01:1,1day,"2001-07-19, 00:00:00","2001-07-20, 00:00:00","['average_DT', 'average_T1', 'average_T2', 'nv', 'time', 'time_bnds', 'uo', 'vo', 'xh', 'xq', 'yh', 'yq', 'z_l_sub01']","['Length of average period', 'Start time for average period', 'End time for average period', 'vertex number', 'time', 'time axis boundaries', 'Sea Water X Velocity', 'Sea Water Y Velocity', 'h point nominal longitude', 'q point nominal longitude', 'h point nominal latitude', 'q point nominal latitude', 'Depth at cell center']","['', '', '', '', '', '', 'sea_water_x_velocity', 'sea_water_y_velocity', '', '', '', '', '']","['', '', '', '', '', '', 'z_l:mean yh:mean xq:point time: mean', 'z_l:mean yq:point xh:mean time: mean', '', '', '', '', '']","['days', 'days since 1991-01-01 00:00:00', 'days since 1991-01-01 00:00:00', '', 'days since 1991-01-01 00:00:00', 'days', 'm s-1', 'm s-1', 'degrees_east', 'degrees_east', 'degrees_north', 'degrees_north', 'meters']",ocean
20010701.ocean_daily_z_2001_201.nc,/g/data/ik11/outputs/mom6-panan/panan-01-zstar-2001rerun/output004/20010701.ocean_daily_z_2001_201.nc,ocean.1day.nv:2.xh:3600.xq:3601.yh:845.yq:846.z_l_sub01:1,1day,"2001-07-20, 00:00:00","2001-07-21, 00:00:00","['average_DT', 'average_T1', 'average_T2', 'nv', 'time', 'time_bnds', 'uo', 'vo', 'xh', 'xq', 'yh', 'yq', 'z_l_sub01']","['Length of average period', 'Start time for average period', 'End time for average period', 'vertex number', 'time', 'time axis boundaries', 'Sea Water X Velocity', 'Sea Water Y Velocity', 'h point nominal longitude', 'q point nominal longitude', 'h point nominal latitude', 'q point nominal latitude', 'Depth at cell center']","['', '', '', '', '', '', 'sea_water_x_velocity', 'sea_water_y_velocity', '', '', '', '', '']","['', '', '', '', '', '', 'z_l:mean yh:mean xq:point time: mean', 'z_l:mean yq:point xh:mean time: mean', '', '', '', '', '']","['days', 'days since 1991-01-01 00:00:00', 'days since 1991-01-01 00:00:00', '', 'days since 1991-01-01 00:00:00', 'days', 'm s-1', 'm s-1', 'degrees_east', 'degrees_east', 'degrees_north', 'degrees_north', 'meters']",ocean
20010701.ocean_daily_z_2001_202.nc,/g/data/ik11/outputs/mom6-panan/panan-01-zstar-2001rerun/output004/20010701.ocean_daily_z_2001_202.nc,ocean.1day.nv:2.xh:3600.xq:3601.yh:845.yq:846.z_l_sub01:1,1day,"2001-07-21, 00:00:00","2001-07-22, 00:00:00","['average_DT', 'average_T1', 'average_T2', 'nv', 'time', 'time_bnds', 'uo', 'vo', 'xh', 'xq', 'yh', 'yq', 'z_l_sub01']","['Length of average period', 'Start time for average period', 'End time for average period', 'vertex number', 'time', 'time axis boundaries', 'Sea Water X Velocity', 'Sea Water Y Velocity', 'h point nominal longitude', 'q point nominal longitude', 'h point nominal latitude', 'q point nominal latitude', 'Depth at cell center']","['', '', '', '', '', '', 'sea_water_x_velocity', 'sea_water_y_velocity', '', '', '', '', '']","['', '', '', '', '', '', 'z_l:mean yh:mean xq:point time: mean', 'z_l:mean yq:point xh:mean time: mean', '', '', '', '', '']","['days', 'days since 1991-01-01 00:00:00', 'days since 1991-01-01 00:00:00', '', 'days since 1991-01-01 00:00:00', 'days', 'm s-1', 'm s-1', 'degrees_east', 'degrees_east', 'degrees_north', 'degrees_north', 'meters']",ocean
20010701.ocean_daily_z_2001_203.nc,/g/data/ik11/outputs/mom6-panan/panan-01-zstar-2001rerun/output004/20010701.ocean_daily_z_2001_203.nc,ocean.1day.nv:2.xh:3600.xq:3601.yh:845.yq:846.z_l_sub01:1,1day,"2001-07-22, 00:00:00","2001-07-23, 00:00:00","['average_DT', 'average_T1', 'average_T2', 'nv', 'time', 'time_bnds', 'uo', 'vo', 'xh', 'xq', 'yh', 'yq', 'z_l_sub01']","['Length of average period', 'Start time for average period', 'End time for average period', 'vertex number', 'time', 'time axis boundaries', 'Sea Water X Velocity', 'Sea Water Y Velocity', 'h point nominal longitude', 'q point nominal longitude', 'h point nominal latitude', 'q point nominal latitude', 'Depth at cell center']","['', '', '', '', '', '', 'sea_water_x_velocity', 'sea_water_y_velocity', '', '', '', '', '']","['', '', '', '', '', '', 'z_l:mean yh:mean xq:point time: mean', 'z_l:mean yq:point xh:mean time: mean', '', '', '', '', '']","['days', 'days since 1991-01-01 00:00:00', 'days since 1991-01-01 00:00:00', '', 'days since 1991-01-01 00:00:00', 'days', 'm s-1', 'm s-1', 'degrees_east', 'degrees_east', 'degrees_north', 'degrees_north', 'meters']",ocean
20010701.ocean_daily_z_2001_204.nc,/g/data/ik11/outputs/mom6-panan/panan-01-zstar-2001rerun/output004/20010701.ocean_daily_z_2001_204.nc,ocean.1day.nv:2.xh:3600.xq:3601.yh:845.yq:846.z_l_sub01:1,1day,"2001-07-23, 00:00:00","2001-07-24, 00:00:00","['average_DT', 'average_T1', 'average_T2', 'nv', 'time', 'time_bnds', 'uo', 'vo', 'xh', 'xq', 'yh', 'yq', 'z_l_sub01']","['Length of average period', 'Start time for average period', 'End time for average period', 'vertex number', 'time', 'time axis boundaries', 'Sea Water X Velocity', 'Sea Water Y Velocity', 'h point nominal longitude', 'q point nominal longitude', 'h point nominal latitude', 'q point nominal latitude', 'Depth at cell center']","['', '', '', '', '', '', 'sea_water_x_velocity', 'sea_water_y_velocity', '', '', '', '', '']","['', '', '', '', '', '', 'z_l:mean yh:mean xq:point time: mean', 'z_l:mean yq:point xh:mean time: mean', '', '', '', '', '']","['days', 'days since 1991-01-01 00:00:00', 'days since 1991-01-01 00:00:00', '', 'days since 1991-01-01 00:00:00', 'days', 'm s-1', 'm s-1', 'degrees_east', 'degrees_east', 'degrees_north', 'degrees_north', 'meters']",ocean
20010701.ocean_daily_z_2001_205.nc,/g/data/ik11/outputs/mom6-panan/panan-01-zstar-2001rerun/output004/20010701.ocean_daily_z_2001_205.nc,ocean.1day.nv:2.xh:3600.xq:3601.yh:845.yq:846.z_l_sub01:1,1day,"2001-07-24, 00:00:00","2001-07-25, 00:00:00","['average_DT', 'average_T1', 'average_T2', 'nv', 'time', 'time_bnds', 'uo', 'vo', 'xh', 'xq', 'yh', 'yq', 'z_l_sub01']","['Length of average period', 'Start time for average period', 'End time for average period', 'vertex number', 'time', 'time axis boundaries', 'Sea Water X Velocity', 'Sea Water Y Velocity', 'h point nominal longitude', 'q point nominal longitude', 'h point nominal latitude', 'q point nominal latitude', 'Depth at cell center']","['', '', '', '', '', '', 'sea_water_x_velocity', 'sea_water_y_velocity', '', '', '', '', '']","['', '', '', '', '', '', 'z_l:mean yh:mean xq:point time: mean', 'z_l:mean yq:point xh:mean time: mean', '', '', '', '', '']","['days', 'days since 1991-01-01 00:00:00', 'days since 1991-01-01 00:00:00', '', 'days since 1991-01-01 00:00:00', 'days', 'm s-1', 'm s-1', 'degrees_east', 'degrees_east', 'degrees_north', 'degrees_north', 'meters']",ocean
20010701.ocean_daily_z_2001_206.nc,/g/data/ik11/outputs/mom6-panan/panan-01-zstar-2001rerun/output004/20010701.ocean_daily_z_2001_206.nc,ocean.1day.nv:2.xh:3600.xq:3601.yh:845.yq:846.z_l_sub01:1,1day,"2001-07-25, 00:00:00","2001-07-26, 00:00:00","['average_DT', 'average_T1', 'average_T2', 'nv', 'time', 'time_bnds', 'uo', 'vo', 'xh', 'xq', 'yh', 'yq', 'z_l_sub01']","['Length of average period', 'Start time for average period', 'End time for average period', 'vertex number', 'time', 'time axis boundaries', 'Sea Water X Velocity', 'Sea Water Y Velocity', 'h point nominal longitude', 'q point nominal longitude', 'h point nominal latitude', 'q point nominal latitude', 'Depth at cell center']","['', '', '', '', '', '', 'sea_water_x_velocity', 'sea_water_y_velocity', '', '', '', '', '']","['', '', '', '', '', '', 'z_l:mean yh:mean xq:point time: mean', 'z_l:mean yq:point xh:mean time: mean', '', '', '', '', '']","['days', 'days since 1991-01-01 00:00:00', 'days since 1991-01-01 00:00:00', '', 'days since 1991-01-01 00:00:00', 'days', 'm s-1', 'm s-1', 'degrees_east', 'degrees_east', 'degrees_north', 'degrees_north', 'meters']",ocean
20010701.ocean_daily_z_2001_207.nc,/g/data/ik11/outputs/mom6-panan/panan-01-zstar-2001rerun/output004/20010701.ocean_daily_z_2001_207.nc,ocean.1day.nv:2.xh:3600.xq:3601.yh:845.yq:846.z_l_sub01:1,1day,"2001-07-26, 00:00:00","2001-07-27, 00:00:00","['average_DT', 'average_T1', 'average_T2', 'nv', 'time', 'time_bnds', 'uo', 'vo', 'xh', 'xq', 'yh', 'yq', 'z_l_sub01']","['Length of average period', 'Start time for average period', 'End time for average period', 'vertex number', 'time', 'time axis boundaries', 'Sea Water X Velocity', 'Sea Water Y Velocity', 'h point nominal longitude', 'q point nominal longitude', 'h point nominal latitude', 'q point nominal latitude', 'Depth at cell center']","['', '', '', '', '', '', 'sea_water_x_velocity', 'sea_water_y_velocity', '', '', '', '', '']","['', '', '', '', '', '', 'z_l:mean yh:mean xq:point time: mean', 'z_l:mean yq:point xh:mean time: mean', '', '', '', '', '']","['days', 'days since 1991-01-01 00:00:00', 'days since 1991-01-01 00:00:00', '', 'days since 1991-01-01 00:00:00', 'days', 'm s-1', 'm s-1', 'degrees_east', 'degrees_east', 'degrees_north', 'degrees_north', 'meters']",ocean
20010701.ocean_daily_z_2001_208.nc,/g/data/ik11/outputs/mom6-panan/panan-01-zstar-2001rerun/output004/20010701.ocean_daily_z_2001_208.nc,ocean.1day.nv:2.xh:3600.xq:3601.yh:845.yq:846.z_l_sub01:1,1day,"2001-07-27, 00:00:00","2001-07-28, 00:00:00","['average_DT', 'average_T1', 'average_T2', 'nv', 'time', 'time_bnds', 'uo', 'vo', 'xh', 'xq', 'yh', 'yq', 'z_l_sub01']","['Length of average period', 'Start time for average period', 'End time for average period', 'vertex number', 'time', 'time axis boundaries', 'Sea Water X Velocity', 'Sea Water Y Velocity', 'h point nominal longitude', 'q point nominal longitude', 'h point nominal latitude', 'q point nominal latitude', 'Depth at cell center']","['', '', '', '', '', '', 'sea_water_x_velocity', 'sea_water_y_velocity', '', '', '', '', '']","['', '', '', '', '', '', 'z_l:mean yh:mean xq:point time: mean', 'z_l:mean yq:point xh:mean time: mean', '', '', '', '', '']","['days', 'days since 1991-01-01 00:00:00', 'days since 1991-01-01 00:00:00', '', 'days since 1991-01-01 00:00:00', 'days', 'm s-1', 'm s-1', 'degrees_east', 'degrees_east', 'degrees_north', 'degrees_north', 'meters']",ocean
20010701.ocean_daily_z_2001_209.nc,/g/data/ik11/outputs/mom6-panan/panan-01-zstar-2001rerun/output004/20010701.ocean_daily_z_2001_209.nc,ocean.1day.nv:2.xh:3600.xq:3601.yh:845.yq:846.z_l_sub01:1,1day,"2001-07-28, 00:00:00","2001-07-29, 00:00:00","['average_DT', 'average_T1', 'average_T2', 'nv', 'time', 'time_bnds', 'uo', 'vo', 'xh', 'xq', 'yh', 'yq', 'z_l_sub01']","['Length of average period', 'Start time for average period', 'End time for average period', 'vertex number', 'time', 'time axis boundaries', 'Sea Water X Velocity', 'Sea Water Y Velocity', 'h point nominal longitude', 'q point nominal longitude', 'h point nominal latitude', 'q point nominal latitude', 'Depth at cell center']","['', '', '', '', '', '', 'sea_water_x_velocity', 'sea_water_y_velocity', '', '', '', '', '']","['', '', '', '', '', '', 'z_l:mean yh:mean xq:point time: mean', 'z_l:mean yq:point xh:mean time: mean', '', '', '', '', '']","['days', 'days since 1991-01-01 00:00:00', 'days since 1991-01-01 00:00:00', '', 'days since 1991-01-01 00:00:00', 'days', 'm s-1', 'm s-1', 'degrees_east', 'degrees_east', 'degrees_north', 'degrees_north', 'meters']",ocean
20010701.ocean_daily_z_2001_210.nc,/g/data/ik11/outputs/mom6-panan/panan-01-zstar-2001rerun/output004/20010701.ocean_daily_z_2001_210.nc,ocean.1day.nv:2.xh:3600.xq:3601.yh:845.yq:846.z_l_sub01:1,1day,"2001-07-29, 00:00:00","2001-07-30, 00:00:00","['average_DT', 'average_T1', 'average_T2', 'nv', 'time', 'time_bnds', 'uo', 'vo', 'xh', 'xq', 'yh', 'yq', 'z_l_sub01']","['Length of average period', 'Start time for average period', 'End time for average period', 'vertex number', 'time', 'time axis boundaries', 'Sea Water X Velocity', 'Sea Water Y Velocity', 'h point nominal longitude', 'q point nominal longitude', 'h point nominal latitude', 'q point nominal latitude', 'Depth at cell center']","['', '', '', '', '', '', 'sea_water_x_velocity', 'sea_water_y_velocity', '', '', '', '', '']","['', '', '', '', '', '', 'z_l:mean yh:mean xq:point time: mean', 'z_l:mean yq:point xh:mean time: mean', '', '', '', '', '']","['days', 'days since 1991-01-01 00:00:00', 'days since 1991-01-01 00:00:00', '', 'days since 1991-01-01 00:00:00', 'days', 'm s-1', 'm s-1', 'degrees_east', 'degrees_east', 'degrees_north', 'degrees_north', 'meters']",ocean
20010701.ocean_daily_z_2001_211.nc,/g/data/ik11/outputs/mom6-panan/panan-01-zstar-2001rerun/output004/20010701.ocean_daily_z_2001_211.nc,ocean.1day.nv:2.xh:3600.xq:3601.yh:845.yq:846.z_l_sub01:1,1day,"2001-07-30, 00:00:00","2001-07-31, 00:00:00","['average_DT', 'average_T1', 'average_T2', 'nv', 'time', 'time_bnds', 'uo', 'vo', 'xh', 'xq', 'yh', 'yq', 'z_l_sub01']","['Length of average period', 'Start time for average period', 'End time for average period', 'vertex number', 'time', 'time axis boundaries', 'Sea Water X Velocity', 'Sea Water Y Velocity', 'h point nominal longitude', 'q point nominal longitude', 'h point nominal latitude', 'q point nominal latitude', 'Depth at cell center']","['', '', '', '', '', '', 'sea_water_x_velocity', 'sea_water_y_velocity', '', '', '', '', '']","['', '', '', '', '', '', 'z_l:mean yh:mean xq:point time: mean', 'z_l:mean yq:point xh:mean time: mean', '', '', '', '', '']","['days', 'days since 1991-01-01 00:00:00', 'days since 1991-01-01 00:00:00', '', 'days since 1991-01-01 00:00:00', 'days', 'm s-1', 'm s-1', 'degrees_east', 'degrees_east', 'degrees_north', 'degrees_north', 'meters']",ocean
20010701.ocean_daily_z_2001_212.nc,/g/data/ik11/outputs/mom6-panan/panan-01-zstar-2001rerun/output004/20010701.ocean_daily_z_2001_212.nc,ocean.1day.nv:2.xh:3600.xq:3601.yh:845.yq:846.z_l_sub01:1,1day,"2001-07-31, 00:00:00","2001-08-01, 00:00:00","['average_DT', 'average_T1', 'average_T2', 'nv', 'time', 'time_bnds', 'uo', 'vo', 'xh', 'xq', 'yh', 'yq', 'z_l_sub01']","['Length of average period', 'Start time for average period', 'End time for average period', 'vertex number', 'time', 'time axis boundaries', 'Sea Water X Velocity', 'Sea Water Y Velocity', 'h point nominal longitude', 'q point nominal longitude', 'h point nominal latitude', 'q point nominal latitude', 'Depth at cell center']","['', '', '', '', '', '', 'sea_water_x_velocity', 'sea_water_y_velocity', '', '', '', '', '']","['', '', '', '', '', '', 'z_l:mean yh:mean xq:point time: mean', 'z_l:mean yq:point xh:mean time: mean', '', '', '', '', '']","['days', 'days since 1991-01-01 00:00:00', 'days since 1991-01-01 00:00:00', '', 'days since 1991-01-01 00:00:00', 'days', 'm s-1', 'm s-1', 'degrees_east', 'degrees_east', 'degrees_north', 'degrees_north', 'meters']",ocean
20010701.ocean_daily_z_2001_213.nc,/g/data/ik11/outputs/mom6-panan/panan-01-zstar-2001rerun/output004/20010701.ocean_daily_z_2001_213.nc,ocean.1day.nv:2.xh:3600.xq:3601.yh:845.yq:846.z_l_sub01:1,1day,"2001-08-01, 00:00:00","2001-08-02, 00:00:00","['average_DT', 'average_T1', 'average_T2', 'nv', 'time', 'time_bnds', 'uo', 'vo', 'xh', 'xq', 'yh', 'yq', 'z_l_sub01']","['Length of average period', 'Start time for average period', 'End time for average period', 'vertex number', 'time', 'time axis boundaries', 'Sea Water X Velocity', 'Sea Water Y Velocity', 'h point nominal longitude', 'q point nominal longitude', 'h point nominal latitude', 'q point nominal latitude', 'Depth at cell center']","['', '', '', '', '', '', 'sea_water_x_velocity', 'sea_water_y_velocity', '', '', '', '', '']","['', '', '', '', '', '', 'z_l:mean yh:mean xq:point time: mean', 'z_l:mean yq:point xh:mean time: mean', '', '', '', '', '']","['days', 'days since 1991-01-01 00:00:00', 'days since 1991-01-01 00:00:00', '', 'days since 1991-01-01 00:00:00', 'days', 'm s-1', 'm s-1', 'degrees_east', 'degrees_east', 'degrees_north', 'degrees_north', 'meters']",ocean
20010701.ocean_daily_z_2001_214.nc,/g/data/ik11/outputs/mom6-panan/panan-01-zstar-2001rerun/output004/20010701.ocean_daily_z_2001_214.nc,ocean.1day.nv:2.xh:3600.xq:3601.yh:845.yq:846.z_l_sub01:1,1day,"2001-08-02, 00:00:00","2001-08-03, 00:00:00","['average_DT', 'average_T1', 'average_T2', 'nv', 'time', 'time_bnds', 'uo', 'vo', 'xh', 'xq', 'yh', 'yq', 'z_l_sub01']","['Length of average period', 'Start time for average period', 'End time for average period', 'vertex number', 'time', 'time axis boundaries', 'Sea Water X Velocity', 'Sea Water Y Velocity', 'h point nominal longitude', 'q point nominal longitude', 'h point nominal latitude', 'q point nominal latitude', 'Depth at cell center']","['', '', '', '', '', '', 'sea_water_x_velocity', 'sea_water_y_velocity', '', '', '', '', '']","['', '', '', '', '', '', 'z_l:mean yh:mean xq:point time: mean', 'z_l:mean yq:point xh:mean time: mean', '', '', '', '', '']","['days', 'days since 1991-01-01 00:00:00', 'days since 1991-01-01 00:00:00', '', 'days since 1991-01-01 00:00:00', 'days', 'm s-1', 'm s-1', 'degrees_east', 'degrees_east', 'degrees_north', 'degrees_north', 'meters']",ocean
20010701.ocean_daily_z_2001_215.nc,/g/data/ik11/outputs/mom6-panan/panan-01-zstar-2001rerun/output004/20010701.ocean_daily_z_2001_215.nc,ocean.1day.nv:2.xh:3600.xq:3601.yh:845.yq:846.z_l_sub01:1,1day,"2001-08-03, 00:00:00","2001-08-04, 00:00:00","['average_DT', 'average_T1', 'average_T2', 'nv', 'time', 'time_bnds', 'uo', 'vo', 'xh', 'xq', 'yh', 'yq', 'z_l_sub01']","['Length of average period', 'Start time for average period', 'End time for average period', 'vertex number', 'time', 'time axis boundaries', 'Sea Water X Velocity', 'Sea Water Y Velocity', 'h point nominal longitude', 'q point nominal longitude', 'h point nominal latitude', 'q point nominal latitude', 'Depth at cell center']","['', '', '', '', '', '', 'sea_water_x_velocity', 'sea_water_y_velocity', '', '', '', '', '']","['', '', '', '', '', '', 'z_l:mean yh:mean xq:point time: mean', 'z_l:mean yq:point xh:mean time: mean', '', '', '', '', '']","['days', 'days since 1991-01-01 00:00:00', 'days since 1991-01-01 00:00:00', '', 'days since 1991-01-01 00:00:00', 'days', 'm s-1', 'm s-1', 'degrees_east', 'degrees_east', 'degrees_north', 'degrees_north', 'meters']",ocean
20010701.ocean_daily_z_2001_216.nc,/g/data/ik11/outputs/mom6-panan/panan-01-zstar-2001rerun/output004/20010701.ocean_daily_z_2001_216.nc,ocean.1day.nv:2.xh:3600.xq:3601.yh:845.yq:846.z_l_sub01:1,1day,"2001-08-04, 00:00:00","2001-08-05, 00:00:00","['average_DT', 'average_T1', 'average_T2', 'nv', 'time', 'time_bnds', 'uo', 'vo', 'xh', 'xq', 'yh', 'yq', 'z_l_sub01']","['Length of average period', 'Start time for average period', 'End time for average period', 'vertex number', 'time', 'time axis boundaries', 'Sea Water X Velocity', 'Sea Water Y Velocity', 'h point nominal longitude', 'q point nominal longitude', 'h point nominal latitude', 'q point nominal latitude', 'Depth at cell center']","['', '', '', '', '', '', 'sea_water_x_velocity', 'sea_water_y_velocity', '', '', '', '', '']","['', '', '', '', '', '', 'z_l:mean yh:mean xq:point time: mean', 'z_l:mean yq:point xh:mean time: mean', '', '', '', '', '']","['days', 'days since 1991-01-01 00:00:00', 'days since 1991-01-01 00:00:00', '', 'days since 1991-01-01 00:00:00', 'days', 'm s-1', 'm s-1', 'degrees_east', 'degrees_east', 'degrees_north', 'degrees_north', 'meters']",ocean
20010701.ocean_daily_z_2001_217.nc,/g/data/ik11/outputs/mom6-panan/panan-01-zstar-2001rerun/output004/20010701.ocean_daily_z_2001_217.nc,ocean.1day.nv:2.xh:3600.xq:3601.yh:845.yq:846.z_l_sub01:1,1day,"2001-08-05, 00:00:00","2001-08-06, 00:00:00","['average_DT', 'average_T1', 'average_T2', 'nv', 'time', 'time_bnds', 'uo', 'vo', 'xh', 'xq', 'yh', 'yq', 'z_l_sub01']","['Length of average period', 'Start time for average period', 'End time for average period', 'vertex number', 'time', 'time axis boundaries', 'Sea Water X Velocity', 'Sea Water Y Velocity', 'h point nominal longitude', 'q point nominal longitude', 'h point nominal latitude', 'q point nominal latitude', 'Depth at cell center']","['', '', '', '', '', '', 'sea_water_x_velocity', 'sea_water_y_velocity', '', '', '', '', '']","['', '', '', '', '', '', 'z_l:mean yh:mean xq:point time: mean', 'z_l:mean yq:point xh:mean time: mean', '', '', '', '', '']","['days', 'days since 1991-01-01 00:00:00', 'days since 1991-01-01 00:00:00', '', 'days since 1991-01-01 00:00:00', 'days', 'm s-1', 'm s-1', 'degrees_east', 'degrees_east', 'degrees_north', 'degrees_north', 'meters']",ocean
20010701.ocean_daily_z_2001_218.nc,/g/data/ik11/outputs/mom6-panan/panan-01-zstar-2001rerun/output004/20010701.ocean_daily_z_2001_218.nc,ocean.1day.nv:2.xh:3600.xq:3601.yh:845.yq:846.z_l_sub01:1,1day,"2001-08-06, 00:00:00","2001-08-07, 00:00:00","['average_DT', 'average_T1', 'average_T2', 'nv', 'time', 'time_bnds', 'uo', 'vo', 'xh', 'xq', 'yh', 'yq', 'z_l_sub01']","['Length of average period', 'Start time for average period', 'End time for average period', 'vertex number', 'time', 'time axis boundaries', 'Sea Water X Velocity', 'Sea Water Y Velocity', 'h point nominal longitude', 'q point nominal longitude', 'h point nominal latitude', 'q point nominal latitude', 'Depth at cell center']","['', '', '', '', '', '', 'sea_water_x_velocity', 'sea_water_y_velocity', '', '', '', '', '']","['', '', '', '', '', '', 'z_l:mean yh:mean xq:point time: mean', 'z_l:mean yq:point xh:mean time: mean', '', '', '', '', '']","['days', 'days since 1991-01-01 00:00:00', 'days since 1991-01-01 00:00:00', '', 'days since 1991-01-01 00:00:00', 'days', 'm s-1', 'm s-1', 'degrees_east', 'degrees_east', 'degrees_north', 'degrees_north', 'meters']",ocean
20010701.ocean_daily_z_2001_219.nc,/g/data/ik11/outputs/mom6-panan/panan-01-zstar-2001rerun/output004/20010701.ocean_daily_z_2001_219.nc,ocean.1day.nv:2.xh:3600.xq:3601.yh:845.yq:846.z_l_sub01:1,1day,"2001-08-07, 00:00:00","2001-08-08, 00:00:00","['average_DT', 'average_T1', 'average_T2', 'nv', 'time', 'time_bnds', 'uo', 'vo', 'xh', 'xq', 'yh', 'yq', 'z_l_sub01']","['Length of average period', 'Start time for average period', 'End time for average period', 'vertex number', 'time', 'time axis boundaries', 'Sea Water X Velocity', 'Sea Water Y Velocity', 'h point nominal longitude', 'q point nominal longitude', 'h point nominal latitude', 'q point nominal latitude', 'Depth at cell center']","['', '', '', '', '', '', 'sea_water_x_velocity', 'sea_water_y_velocity', '', '', '', '', '']","['', '', '', '', '', '', 'z_l:mean yh:mean xq:point time: mean', 'z_l:mean yq:point xh:mean time: mean', '', '', '', '', '']","['days', 'days since 1991-01-01 00:00:00', 'days since 1991-01-01 00:00:00', '', 'days since 1991-01-01 00:00:00', 'days', 'm s-1', 'm s-1', 'degrees_east', 'degrees_east', 'degrees_north', 'degrees_north', 'meters']",ocean
20010701.ocean_daily_z_2001_220.nc,/g/data/ik11/outputs/mom6-panan/panan-01-zstar-2001rerun/output004/20010701.ocean_daily_z_2001_220.nc,ocean.1day.nv:2.xh:3600.xq:3601.yh:845.yq:846.z_l_sub01:1,1day,"2001-08-08, 00:00:00","2001-08-09, 00:00:00","['average_DT', 'average_T1', 'average_T2', 'nv', 'time', 'time_bnds', 'uo', 'vo', 'xh', 'xq', 'yh', 'yq', 'z_l_sub01']","['Length of average period', 'Start time for average period', 'End time for average period', 'vertex number', 'time', 'time axis boundaries', 'Sea Water X Velocity', 'Sea Water Y Velocity', 'h point nominal longitude', 'q point nominal longitude', 'h point nominal latitude', 'q point nominal latitude', 'Depth at cell center']","['', '', '', '', '', '', 'sea_water_x_velocity', 'sea_water_y_velocity', '', '', '', '', '']","['', '', '', '', '', '', 'z_l:mean yh:mean xq:point time: mean', 'z_l:mean yq:point xh:mean time: mean', '', '', '', '', '']","['days', 'days since 1991-01-01 00:00:00', 'days since 1991-01-01 00:00:00', '', 'days since 1991-01-01 00:00:00', 'days', 'm s-1', 'm s-1', 'degrees_east', 'degrees_east', 'degrees_north', 'degrees_north', 'meters']",ocean
20010701.ocean_daily_z_2001_221.nc,/g/data/ik11/outputs/mom6-panan/panan-01-zstar-2001rerun/output004/20010701.ocean_daily_z_2001_221.nc,ocean.1day.nv:2.xh:3600.xq:3601.yh:845.yq:846.z_l_sub01:1,1day,"2001-08-09, 00:00:00","2001-08-10, 00:00:00","['average_DT', 'average_T1', 'average_T2', 'nv', 'time', 'time_bnds', 'uo', 'vo', 'xh', 'xq', 'yh', 'yq', 'z_l_sub01']","['Length of average period', 'Start time for average period', 'End time for average period', 'vertex number', 'time', 'time axis boundaries', 'Sea Water X Velocity', 'Sea Water Y Velocity', 'h point nominal longitude', 'q point nominal longitude', 'h point nominal latitude', 'q point nominal latitude', 'Depth at cell center']","['', '', '', '', '', '', 'sea_water_x_velocity', 'sea_water_y_velocity', '', '', '', '', '']","['', '', '', '', '', '', 'z_l:mean yh:mean xq:point time: mean', 'z_l:mean yq:point xh:mean time: mean', '', '', '', '', '']","['days', 'days since 1991-01-01 00:00:00', 'days since 1991-01-01 00:00:00', '', 'days since 1991-01-01 00:00:00', 'days', 'm s-1', 'm s-1', 'degrees_east', 'degrees_east', 'degrees_north', 'degrees_north', 'meters']",ocean
20010701.ocean_daily_z_2001_222.nc,/g/data/ik11/outputs/mom6-panan/panan-01-zstar-2001rerun/output004/20010701.ocean_daily_z_2001_222.nc,ocean.1day.nv:2.xh:3600.xq:3601.yh:845.yq:846.z_l_sub01:1,1day,"2001-08-10, 00:00:00","2001-08-11, 00:00:00","['average_DT', 'average_T1', 'average_T2', 'nv', 'time', 'time_bnds', 'uo', 'vo', 'xh', 'xq', 'yh', 'yq', 'z_l_sub01']","['Length of average period', 'Start time for average period', 'End time for average period', 'vertex number', 'time', 'time axis boundaries', 'Sea Water X Velocity', 'Sea Water Y Velocity', 'h point nominal longitude', 'q point nominal longitude', 'h point nominal latitude', 'q point nominal latitude', 'Depth at cell center']","['', '', '', '', '', '', 'sea_water_x_velocity', 'sea_water_y_velocity', '', '', '', '', '']","['', '', '', '', '', '', 'z_l:mean yh:mean xq:point time: mean', 'z_l:mean yq:point xh:mean time: mean', '', '', '', '', '']","['days', 'days since 1991-01-01 00:00:00', 'days since 1991-01-01 00:00:00', '', 'days since 1991-01-01 00:00:00', 'days', 'm s-1', 'm s-1', 'degrees_east', 'degrees_east', 'degrees_north', 'degrees_north', 'meters']",ocean
20010701.ocean_daily_z_2001_223.nc,/g/data/ik11/outputs/mom6-panan/panan-01-zstar-2001rerun/output004/20010701.ocean_daily_z_2001_223.nc,ocean.1day.nv:2.xh:3600.xq:3601.yh:845.yq:846.z_l_sub01:1,1day,"2001-08-11, 00:00:00","2001-08-12, 00:00:00","['average_DT', 'average_T1', 'average_T2', 'nv', 'time', 'time_bnds', 'uo', 'vo', 'xh', 'xq', 'yh', 'yq', 'z_l_sub01']","['Length of average period', 'Start time for average period', 'End time for average period', 'vertex number', 'time', 'time axis boundaries', 'Sea Water X Velocity', 'Sea Water Y Velocity', 'h point nominal longitude', 'q point nominal longitude', 'h point nominal latitude', 'q point nominal latitude', 'Depth at cell center']","['', '', '', '', '', '', 'sea_water_x_velocity', 'sea_water_y_velocity', '', '', '', '', '']","['', '', '', '', '', '', 'z_l:mean yh:mean xq:point time: mean', 'z_l:mean yq:point xh:mean time: mean', '', '', '', '', '']","['days', 'days since 1991-01-01 00:00:00', 'days since 1991-01-01 00:00:00', '', 'days since 1991-01-01 00:00:00', 'days', 'm s-1', 'm s-1', 'degrees_east', 'degrees_east', 'degrees_north', 'degrees_north', 'meters']",ocean
20010701.ocean_daily_z_2001_224.nc,/g/data/ik11/outputs/mom6-panan/panan-01-zstar-2001rerun/output004/20010701.ocean_daily_z_2001_224.nc,ocean.1day.nv:2.xh:3600.xq:3601.yh:845.yq:846.z_l_sub01:1,1day,"2001-08-12, 00:00:00","2001-08-13, 00:00:00","['average_DT', 'average_T1', 'average_T2', 'nv', 'time', 'time_bnds', 'uo', 'vo', 'xh', 'xq', 'yh', 'yq', 'z_l_sub01']","['Length of average period', 'Start time for average period', 'End time for average period', 'vertex number', 'time', 'time axis boundaries', 'Sea Water X Velocity', 'Sea Water Y Velocity', 'h point nominal longitude', 'q point nominal longitude', 'h point nominal latitude', 'q point nominal latitude', 'Depth at cell center']","['', '', '', '', '', '', 'sea_water_x_velocity', 'sea_water_y_velocity', '', '', '', '', '']","['', '', '', '', '', '', 'z_l:mean yh:mean xq:point time: mean', 'z_l:mean yq:point xh:mean time: mean', '', '', '', '', '']","['days', 'days since 1991-01-01 00:00:00', 'days since 1991-01-01 00:00:00', '', 'days since 1991-01-01 00:00:00', 'days', 'm s-1', 'm s-1', 'degrees_east', 'degrees_east', 'degrees_north', 'degrees_north', 'meters']",ocean
20010701.ocean_daily_z_2001_225.nc,/g/data/ik11/outputs/mom6-panan/panan-01-zstar-2001rerun/output004/20010701.ocean_daily_z_2001_225.nc,ocean.1day.nv:2.xh:3600.xq:3601.yh:845.yq:846.z_l_sub01:1,1day,"2001-08-13, 00:00:00","2001-08-14, 00:00:00","['average_DT', 'average_T1', 'average_T2', 'nv', 'time', 'time_bnds', 'uo', 'vo', 'xh', 'xq', 'yh', 'yq', 'z_l_sub01']","['Length of average period', 'Start time for average period', 'End time for average period', 'vertex number', 'time', 'time axis boundaries', 'Sea Water X Velocity', 'Sea Water Y Velocity', 'h point nominal longitude', 'q point nominal longitude', 'h point nominal latitude', 'q point nominal latitude', 'Depth at cell center']","['', '', '', '', '', '', 'sea_water_x_velocity', 'sea_water_y_velocity', '', '', '', '', '']","['', '', '', '', '', '', 'z_l:mean yh:mean xq:point time: mean', 'z_l:mean yq:point xh:mean time: mean', '', '', '', '', '']","['days', 'days since 1991-01-01 00:00:00', 'days since 1991-01-01 00:00:00', '', 'days since 1991-01-01 00:00:00', 'days', 'm s-1', 'm s-1', 'degrees_east', 'degrees_east', 'degrees_north', 'degrees_north', 'meters']",ocean
20010701.ocean_daily_z_2001_226.nc,/g/data/ik11/outputs/mom6-panan/panan-01-zstar-2001rerun/output004/20010701.ocean_daily_z_2001_226.nc,ocean.1day.nv:2.xh:3600.xq:3601.yh:845.yq:846.z_l_sub01:1,1day,"2001-08-14, 00:00:00","2001-08-15, 00:00:00","['average_DT', 'average_T1', 'average_T2', 'nv', 'time', 'time_bnds', 'uo', 'vo', 'xh', 'xq', 'yh', 'yq', 'z_l_sub01']","['Length of average period', 'Start time for average period', 'End time for average period', 'vertex number', 'time', 'time axis boundaries', 'Sea Water X Velocity', 'Sea Water Y Velocity', 'h point nominal longitude', 'q point nominal longitude', 'h point nominal latitude', 'q point nominal latitude', 'Depth at cell center']","['', '', '', '', '', '', 'sea_water_x_velocity', 'sea_water_y_velocity', '', '', '', '', '']","['', '', '', '', '', '', 'z_l:mean yh:mean xq:point time: mean', 'z_l:mean yq:point xh:mean time: mean', '', '', '', '', '']","['days', 'days since 1991-01-01 00:00:00', 'days since 1991-01-01 00:00:00', '', 'days since 1991-01-01 00:00:00', 'days', 'm s-1', 'm s-1', 'degrees_east', 'degrees_east', 'degrees_north', 'degrees_north', 'meters']",ocean
20010701.ocean_daily_z_2001_227.nc,/g/data/ik11/outputs/mom6-panan/panan-01-zstar-2001rerun/output004/20010701.ocean_daily_z_2001_227.nc,ocean.1day.nv:2.xh:3600.xq:3601.yh:845.yq:846.z_l_sub01:1,1day,"2001-08-15, 00:00:00","2001-08-16, 00:00:00","['average_DT', 'average_T1', 'average_T2', 'nv', 'time', 'time_bnds', 'uo', 'vo', 'xh', 'xq', 'yh', 'yq', 'z_l_sub01']","['Length of average period', 'Start time for average period', 'End time for average period', 'vertex number', 'time', 'time axis boundaries', 'Sea Water X Velocity', 'Sea Water Y Velocity', 'h point nominal longitude', 'q point nominal longitude', 'h point nominal latitude', 'q point nominal latitude', 'Depth at cell center']","['', '', '', '', '', '', 'sea_water_x_velocity', 'sea_water_y_velocity', '', '', '', '', '']","['', '', '', '', '', '', 'z_l:mean yh:mean xq:point time: mean', 'z_l:mean yq:point xh:mean time: mean', '', '', '', '', '']","['days', 'days since 1991-01-01 00:00:00', 'days since 1991-01-01 00:00:00', '', 'days since 1991-01-01 00:00:00', 'days', 'm s-1', 'm s-1', 'degrees_east', 'degrees_east', 'degrees_north', 'degrees_north', 'meters']",ocean
20010701.ocean_daily_z_2001_228.nc,/g/data/ik11/outputs/mom6-panan/panan-01-zstar-2001rerun/output004/20010701.ocean_daily_z_2001_228.nc,ocean.1day.nv:2.xh:3600.xq:3601.yh:845.yq:846.z_l_sub01:1,1day,"2001-08-16, 00:00:00","2001-08-17, 00:00:00","['average_DT', 'average_T1', 'average_T2', 'nv', 'time', 'time_bnds', 'uo', 'vo', 'xh', 'xq', 'yh', 'yq', 'z_l_sub01']","['Length of average period', 'Start time for average period', 'End time for average period', 'vertex number', 'time', 'time axis boundaries', 'Sea Water X Velocity', 'Sea Water Y Velocity', 'h point nominal longitude', 'q point nominal longitude', 'h point nominal latitude', 'q point nominal latitude', 'Depth at cell center']","['', '', '', '', '', '', 'sea_water_x_velocity', 'sea_water_y_velocity', '', '', '', '', '']","['', '', '', '', '', '', 'z_l:mean yh:mean xq:point time: mean', 'z_l:mean yq:point xh:mean time: mean', '', '', '', '', '']","['days', 'days since 1991-01-01 00:00:00', 'days since 1991-01-01 00:00:00', '', 'days since 1991-01-01 00:00:00', 'days', 'm s-1', 'm s-1', 'degrees_east', 'degrees_east', 'degrees_north', 'degrees_north', 'meters']",ocean
20010701.ocean_daily_z_2001_229.nc,/g/data/ik11/outputs/mom6-panan/panan-01-zstar-2001rerun/output004/20010701.ocean_daily_z_2001_229.nc,ocean.1day.nv:2.xh:3600.xq:3601.yh:845.yq:846.z_l_sub01:1,1day,"2001-08-17, 00:00:00","2001-08-18, 00:00:00","['average_DT', 'average_T1', 'average_T2', 'nv', 'time', 'time_bnds', 'uo', 'vo', 'xh', 'xq', 'yh', 'yq', 'z_l_sub01']","['Length of average period', 'Start time for average period', 'End time for average period', 'vertex number', 'time', 'time axis boundaries', 'Sea Water X Velocity', 'Sea Water Y Velocity', 'h point nominal longitude', 'q point nominal longitude', 'h point nominal latitude', 'q point nominal latitude', 'Depth at cell center']","['', '', '', '', '', '', 'sea_water_x_velocity', 'sea_water_y_velocity', '', '', '', '', '']","['', '', '', '', '', '', 'z_l:mean yh:mean xq:point time: mean', 'z_l:mean yq:point xh:mean time: mean', '', '', '', '', '']","['days', 'days since 1991-01-01 00:00:00', 'days since 1991-01-01 00:00:00', '', 'days since 1991-01-01 00:00:00', 'days', 'm s-1', 'm s-1', 'degrees_east', 'degrees_east', 'degrees_north', 'degrees_north', 'meters']",ocean
20010701.ocean_daily_z_2001_230.nc,/g/data/ik11/outputs/mom6-panan/panan-01-zstar-2001rerun/output004/20010701.ocean_daily_z_2001_230.nc,ocean.1day.nv:2.xh:3600.xq:3601.yh:845.yq:846.z_l_sub01:1,1day,"2001-08-18, 00:00:00","2001-08-19, 00:00:00","['average_DT', 'average_T1', 'average_T2', 'nv', 'time', 'time_bnds', 'uo', 'vo', 'xh', 'xq', 'yh', 'yq', 'z_l_sub01']","['Length of average period', 'Start time for average period', 'End time for average period', 'vertex number', 'time', 'time axis boundaries', 'Sea Water X Velocity', 'Sea Water Y Velocity', 'h point nominal longitude', 'q point nominal longitude', 'h point nominal latitude', 'q point nominal latitude', 'Depth at cell center']","['', '', '', '', '', '', 'sea_water_x_velocity', 'sea_water_y_velocity', '', '', '', '', '']","['', '', '', '', '', '', 'z_l:mean yh:mean xq:point time: mean', 'z_l:mean yq:point xh:mean time: mean', '', '', '', '', '']","['days', 'days since 1991-01-01 00:00:00', 'days since 1991-01-01 00:00:00', '', 'days since 1991-01-01 00:00:00', 'days', 'm s-1', 'm s-1', 'degrees_east', 'degrees_east', 'degrees_north', 'degrees_north', 'meters']",ocean
20010701.ocean_daily_z_2001_231.nc,/g/data/ik11/outputs/mom6-panan/panan-01-zstar-2001rerun/output004/20010701.ocean_daily_z_2001_231.nc,ocean.1day.nv:2.xh:3600.xq:3601.yh:845.yq:846.z_l_sub01:1,1day,"2001-08-19, 00:00:00","2001-08-20, 00:00:00","['average_DT', 'average_T1', 'average_T2', 'nv', 'time', 'time_bnds', 'uo', 'vo', 'xh', 'xq', 'yh', 'yq', 'z_l_sub01']","['Length of average period', 'Start time for average period', 'End time for average period', 'vertex number', 'time', 'time axis boundaries', 'Sea Water X Velocity', 'Sea Water Y Velocity', 'h point nominal longitude', 'q point nominal longitude', 'h point nominal latitude', 'q point nominal latitude', 'Depth at cell center']","['', '', '', '', '', '', 'sea_water_x_velocity', 'sea_water_y_velocity', '', '', '', '', '']","['', '', '', '', '', '', 'z_l:mean yh:mean xq:point time: mean', 'z_l:mean yq:point xh:mean time: mean', '', '', '', '', '']","['days', 'days since 1991-01-01 00:00:00', 'days since 1991-01-01 00:00:00', '', 'days since 1991-01-01 00:00:00', 'days', 'm s-1', 'm s-1', 'degrees_east', 'degrees_east', 'degrees_north', 'degrees_north', 'meters']",ocean
20010701.ocean_daily_z_2001_232.nc,/g/data/ik11/outputs/mom6-panan/panan-01-zstar-2001rerun/output004/20010701.ocean_daily_z_2001_232.nc,ocean.1day.nv:2.xh:3600.xq:3601.yh:845.yq:846.z_l_sub01:1,1day,"2001-08-20, 00:00:00","2001-08-21, 00:00:00","['average_DT', 'average_T1', 'average_T2', 'nv', 'time', 'time_bnds', 'uo', 'vo', 'xh', 'xq', 'yh', 'yq', 'z_l_sub01']","['Length of average period', 'Start time for average period', 'End time for average period', 'vertex number', 'time', 'time axis boundaries', 'Sea Water X Velocity', 'Sea Water Y Velocity', 'h point nominal longitude', 'q point nominal longitude', 'h point nominal latitude', 'q point nominal latitude', 'Depth at cell center']","['', '', '', '', '', '', 'sea_water_x_velocity', 'sea_water_y_velocity', '', '', '', '', '']","['', '', '', '', '', '', 'z_l:mean yh:mean xq:point time: mean', 'z_l:mean yq:point xh:mean time: mean', '', '', '', '', '']","['days', 'days since 1991-01-01 00:00:00', 'days since 1991-01-01 00:00:00', '', 'days since 1991-01-01 00:00:00', 'days', 'm s-1', 'm s-1', 'degrees_east', 'degrees_east', 'degrees_north', 'degrees_north', 'meters']",ocean
20010701.ocean_daily_z_2001_233.nc,/g/data/ik11/outputs/mom6-panan/panan-01-zstar-2001rerun/output004/20010701.ocean_daily_z_2001_233.nc,ocean.1day.nv:2.xh:3600.xq:3601.yh:845.yq:846.z_l_sub01:1,1day,"2001-08-21, 00:00:00","2001-08-22, 00:00:00","['average_DT', 'average_T1', 'average_T2', 'nv', 'time', 'time_bnds', 'uo', 'vo', 'xh', 'xq', 'yh', 'yq', 'z_l_sub01']","['Length of average period', 'Start time for average period', 'End time for average period', 'vertex number', 'time', 'time axis boundaries', 'Sea Water X Velocity', 'Sea Water Y Velocity', 'h point nominal longitude', 'q point nominal longitude', 'h point nominal latitude', 'q point nominal latitude', 'Depth at cell center']","['', '', '', '', '', '', 'sea_water_x_velocity', 'sea_water_y_velocity', '', '', '', '', '']","['', '', '', '', '', '', 'z_l:mean yh:mean xq:point time: mean', 'z_l:mean yq:point xh:mean time: mean', '', '', '', '', '']","['days', 'days since 1991-01-01 00:00:00', 'days since 1991-01-01 00:00:00', '', 'days since 1991-01-01 00:00:00', 'days', 'm s-1', 'm s-1', 'degrees_east', 'degrees_east', 'degrees_north', 'degrees_north', 'meters']",ocean
20010701.ocean_daily_z_2001_234.nc,/g/data/ik11/outputs/mom6-panan/panan-01-zstar-2001rerun/output004/20010701.ocean_daily_z_2001_234.nc,ocean.1day.nv:2.xh:3600.xq:3601.yh:845.yq:846.z_l_sub01:1,1day,"2001-08-22, 00:00:00","2001-08-23, 00:00:00","['average_DT', 'average_T1', 'average_T2', 'nv', 'time', 'time_bnds', 'uo', 'vo', 'xh', 'xq', 'yh', 'yq', 'z_l_sub01']","['Length of average period', 'Start time for average period', 'End time for average period', 'vertex number', 'time', 'time axis boundaries', 'Sea Water X Velocity', 'Sea Water Y Velocity', 'h point nominal longitude', 'q point nominal longitude', 'h point nominal latitude', 'q point nominal latitude', 'Depth at cell center']","['', '', '', '', '', '', 'sea_water_x_velocity', 'sea_water_y_velocity', '', '', '', '', '']","['', '', '', '', '', '', 'z_l:mean yh:mean xq:point time: mean', 'z_l:mean yq:point xh:mean time: mean', '', '', '', '', '']","['days', 'days since 1991-01-01 00:00:00', 'days since 1991-01-01 00:00:00', '', 'days since 1991-01-01 00:00:00', 'days', 'm s-1', 'm s-1', 'degrees_east', 'degrees_east', 'degrees_north', 'degrees_north', 'meters']",ocean
20010701.ocean_daily_z_2001_235.nc,/g/data/ik11/outputs/mom6-panan/panan-01-zstar-2001rerun/output004/20010701.ocean_daily_z_2001_235.nc,ocean.1day.nv:2.xh:3600.xq:3601.yh:845.yq:846.z_l_sub01:1,1day,"2001-08-23, 00:00:00","2001-08-24, 00:00:00","['average_DT', 'average_T1', 'average_T2', 'nv', 'time', 'time_bnds', 'uo', 'vo', 'xh', 'xq', 'yh', 'yq', 'z_l_sub01']","['Length of average period', 'Start time for average period', 'End time for average period', 'vertex number', 'time', 'time axis boundaries', 'Sea Water X Velocity', 'Sea Water Y Velocity', 'h point nominal longitude', 'q point nominal longitude', 'h point nominal latitude', 'q point nominal latitude', 'Depth at cell center']","['', '', '', '', '', '', 'sea_water_x_velocity', 'sea_water_y_velocity', '', '', '', '', '']","['', '', '', '', '', '', 'z_l:mean yh:mean xq:point time: mean', 'z_l:mean yq:point xh:mean time: mean', '', '', '', '', '']","['days', 'days since 1991-01-01 00:00:00', 'days since 1991-01-01 00:00:00', '', 'days since 1991-01-01 00:00:00', 'days', 'm s-1', 'm s-1', 'degrees_east', 'degrees_east', 'degrees_north', 'degrees_north', 'meters']",ocean
20010701.ocean_daily_z_2001_236.nc,/g/data/ik11/outputs/mom6-panan/panan-01-zstar-2001rerun/output004/20010701.ocean_daily_z_2001_236.nc,ocean.1day.nv:2.xh:3600.xq:3601.yh:845.yq:846.z_l_sub01:1,1day,"2001-08-24, 00:00:00","2001-08-25, 00:00:00","['average_DT', 'average_T1', 'average_T2', 'nv', 'time', 'time_bnds', 'uo', 'vo', 'xh', 'xq', 'yh', 'yq', 'z_l_sub01']","['Length of average period', 'Start time for average period', 'End time for average period', 'vertex number', 'time', 'time axis boundaries', 'Sea Water X Velocity', 'Sea Water Y Velocity', 'h point nominal longitude', 'q point nominal longitude', 'h point nominal latitude', 'q point nominal latitude', 'Depth at cell center']","['', '', '', '', '', '', 'sea_water_x_velocity', 'sea_water_y_velocity', '', '', '', '', '']","['', '', '', '', '', '', 'z_l:mean yh:mean xq:point time: mean', 'z_l:mean yq:point xh:mean time: mean', '', '', '', '', '']","['days', 'days since 1991-01-01 00:00:00', 'days since 1991-01-01 00:00:00', '', 'days since 1991-01-01 00:00:00', 'days', 'm s-1', 'm s-1', 'degrees_east', 'degrees_east', 'degrees_north', 'degrees_north', 'meters']",ocean
20010701.ocean_daily_z_2001_237.nc,/g/data/ik11/outputs/mom6-panan/panan-01-zstar-2001rerun/output004/20010701.ocean_daily_z_2001_237.nc,ocean.1day.nv:2.xh:3600.xq:3601.yh:845.yq:846.z_l_sub01:1,1day,"2001-08-25, 00:00:00","2001-08-26, 00:00:00","['average_DT', 'average_T1', 'average_T2', 'nv', 'time', 'time_bnds', 'uo', 'vo', 'xh', 'xq', 'yh', 'yq', 'z_l_sub01']","['Length of average period', 'Start time for average period', 'End time for average period', 'vertex number', 'time', 'time axis boundaries', 'Sea Water X Velocity', 'Sea Water Y Velocity', 'h point nominal longitude', 'q point nominal longitude', 'h point nominal latitude', 'q point nominal latitude', 'Depth at cell center']","['', '', '', '', '', '', 'sea_water_x_velocity', 'sea_water_y_velocity', '', '', '', '', '']","['', '', '', '', '', '', 'z_l:mean yh:mean xq:point time: mean', 'z_l:mean yq:point xh:mean time: mean', '', '', '', '', '']","['days', 'days since 1991-01-01 00:00:00', 'days since 1991-01-01 00:00:00', '', 'days since 1991-01-01 00:00:00', 'days', 'm s-1', 'm s-1', 'degrees_east', 'degrees_east', 'degrees_north', 'degrees_north', 'meters']",ocean
20010701.ocean_daily_z_2001_238.nc,/g/data/ik11/outputs/mom6-panan/panan-01-zstar-2001rerun/output004/20010701.ocean_daily_z_2001_238.nc,ocean.1day.nv:2.xh:3600.xq:3601.yh:845.yq:846.z_l_sub01:1,1day,"2001-08-26, 00:00:00","2001-08-27, 00:00:00","['average_DT', 'average_T1', 'average_T2', 'nv', 'time', 'time_bnds', 'uo', 'vo', 'xh', 'xq', 'yh', 'yq', 'z_l_sub01']","['Length of average period', 'Start time for average period', 'End time for average period', 'vertex number', 'time', 'time axis boundaries', 'Sea Water X Velocity', 'Sea Water Y Velocity', 'h point nominal longitude', 'q point nominal longitude', 'h point nominal latitude', 'q point nominal latitude', 'Depth at cell center']","['', '', '', '', '', '', 'sea_water_x_velocity', 'sea_water_y_velocity', '', '', '', '', '']","['', '', '', '', '', '', 'z_l:mean yh:mean xq:point time: mean', 'z_l:mean yq:point xh:mean time: mean', '', '', '', '', '']","['days', 'days since 1991-01-01 00:00:00', 'days since 1991-01-01 00:00:00', '', 'days since 1991-01-01 00:00:00', 'days', 'm s-1', 'm s-1', 'degrees_east', 'degrees_east', 'degrees_north', 'degrees_north', 'meters']",ocean
20010701.ocean_daily_z_2001_239.nc,/g/data/ik11/outputs/mom6-panan/panan-01-zstar-2001rerun/output004/20010701.ocean_daily_z_2001_239.nc,ocean.1day.nv:2.xh:3600.xq:3601.yh:845.yq:846.z_l_sub01:1,1day,"2001-08-27, 00:00:00","2001-08-28, 00:00:00","['average_DT', 'average_T1', 'average_T2', 'nv', 'time', 'time_bnds', 'uo', 'vo', 'xh', 'xq', 'yh', 'yq', 'z_l_sub01']","['Length of average period', 'Start time for average period', 'End time for average period', 'vertex number', 'time', 'time axis boundaries', 'Sea Water X Velocity', 'Sea Water Y Velocity', 'h point nominal longitude', 'q point nominal longitude', 'h point nominal latitude', 'q point nominal latitude', 'Depth at cell center']","['', '', '', '', '', '', 'sea_water_x_velocity', 'sea_water_y_velocity', '', '', '', '', '']","['', '', '', '', '', '', 'z_l:mean yh:mean xq:point time: mean', 'z_l:mean yq:point xh:mean time: mean', '', '', '', '', '']","['days', 'days since 1991-01-01 00:00:00', 'days since 1991-01-01 00:00:00', '', 'days since 1991-01-01 00:00:00', 'days', 'm s-1', 'm s-1', 'degrees_east', 'degrees_east', 'degrees_north', 'degrees_north', 'meters']",ocean
20010701.ocean_daily_z_2001_240.nc,/g/data/ik11/outputs/mom6-panan/panan-01-zstar-2001rerun/output004/20010701.ocean_daily_z_2001_240.nc,ocean.1day.nv:2.xh:3600.xq:3601.yh:845.yq:846.z_l_sub01:1,1day,"2001-08-28, 00:00:00","2001-08-29, 00:00:00","['average_DT', 'average_T1', 'average_T2', 'nv', 'time', 'time_bnds', 'uo', 'vo', 'xh', 'xq', 'yh', 'yq', 'z_l_sub01']","['Length of average period', 'Start time for average period', 'End time for average period', 'vertex number', 'time', 'time axis boundaries', 'Sea Water X Velocity', 'Sea Water Y Velocity', 'h point nominal longitude', 'q point nominal longitude', 'h point nominal latitude', 'q point nominal latitude', 'Depth at cell center']","['', '', '', '', '', '', 'sea_water_x_velocity', 'sea_water_y_velocity', '', '', '', '', '']","['', '', '', '', '', '', 'z_l:mean yh:mean xq:point time: mean', 'z_l:mean yq:point xh:mean time: mean', '', '', '', '', '']","['days', 'days since 1991-01-01 00:00:00', 'days since 1991-01-01 00:00:00', '', 'days since 1991-01-01 00:00:00', 'days', 'm s-1', 'm s-1', 'degrees_east', 'degrees_east', 'degrees_north', 'degrees_north', 'meters']",ocean
20010701.ocean_daily_z_2001_241.nc,/g/data/ik11/outputs/mom6-panan/panan-01-zstar-2001rerun/output004/20010701.ocean_daily_z_2001_241.nc,ocean.1day.nv:2.xh:3600.xq:3601.yh:845.yq:846.z_l_sub01:1,1day,"2001-08-29, 00:00:00","2001-08-30, 00:00:00","['average_DT', 'average_T1', 'average_T2', 'nv', 'time', 'time_bnds', 'uo', 'vo', 'xh', 'xq', 'yh', 'yq', 'z_l_sub01']","['Length of average period', 'Start time for average period', 'End time for average period', 'vertex number', 'time', 'time axis boundaries', 'Sea Water X Velocity', 'Sea Water Y Velocity', 'h point nominal longitude', 'q point nominal longitude', 'h point nominal latitude', 'q point nominal latitude', 'Depth at cell center']","['', '', '', '', '', '', 'sea_water_x_velocity', 'sea_water_y_velocity', '', '', '', '', '']","['', '', '', '', '', '', 'z_l:mean yh:mean xq:point time: mean', 'z_l:mean yq:point xh:mean time: mean', '', '', '', '', '']","['days', 'days since 1991-01-01 00:00:00', 'days since 1991-01-01 00:00:00', '', 'days since 1991-01-01 00:00:00', 'days', 'm s-1', 'm s-1', 'degrees_east', 'degrees_east', 'degrees_north', 'degrees_north', 'meters']",ocean
20010701.ocean_daily_z_2001_242.nc,/g/data/ik11/outputs/mom6-panan/panan-01-zstar-2001rerun/output004/20010701.ocean_daily_z_2001_242.nc,ocean.1day.nv:2.xh:3600.xq:3601.yh:845.yq:846.z_l_sub01:1,1day,"2001-08-30, 00:00:00","2001-08-31, 00:00:00","['average_DT', 'average_T1', 'average_T2', 'nv', 'time', 'time_bnds', 'uo', 'vo', 'xh', 'xq', 'yh', 'yq', 'z_l_sub01']","['Length of average period', 'Start time for average period', 'End time for average period', 'vertex number', 'time', 'time axis boundaries', 'Sea Water X Velocity', 'Sea Water Y Velocity', 'h point nominal longitude', 'q point nominal longitude', 'h point nominal latitude', 'q point nominal latitude', 'Depth at cell center']","['', '', '', '', '', '', 'sea_water_x_velocity', 'sea_water_y_velocity', '', '', '', '', '']","['', '', '', '', '', '', 'z_l:mean yh:mean xq:point time: mean', 'z_l:mean yq:point xh:mean time: mean', '', '', '', '', '']","['days', 'days since 1991-01-01 00:00:00', 'days since 1991-01-01 00:00:00', '', 'days since 1991-01-01 00:00:00', 'days', 'm s-1', 'm s-1', 'degrees_east', 'degrees_east', 'degrees_north', 'degrees_north', 'meters']",ocean
20010701.ocean_daily_z_2001_243.nc,/g/data/ik11/outputs/mom6-panan/panan-01-zstar-2001rerun/output004/20010701.ocean_daily_z_2001_243.nc,ocean.1day.nv:2.xh:3600.xq:3601.yh:845.yq:846.z_l_sub01:1,1day,"2001-08-31, 00:00:00","2001-09-01, 00:00:00","['average_DT', 'average_T1', 'average_T2', 'nv', 'time', 'time_bnds', 'uo', 'vo', 'xh', 'xq', 'yh', 'yq', 'z_l_sub01']","['Length of average period', 'Start time for average period', 'End time for average period', 'vertex number', 'time', 'time axis boundaries', 'Sea Water X Velocity', 'Sea Water Y Velocity', 'h point nominal longitude', 'q point nominal longitude', 'h point nominal latitude', 'q point nominal latitude', 'Depth at cell center']","['', '', '', '', '', '', 'sea_water_x_velocity', 'sea_water_y_velocity', '', '', '', '', '']","['', '', '', '', '', '', 'z_l:mean yh:mean xq:point time: mean', 'z_l:mean yq:point xh:mean time: mean', '', '', '', '', '']","['days', 'days since 1991-01-01 00:00:00', 'days since 1991-01-01 00:00:00', '', 'days since 1991-01-01 00:00:00', 'days', 'm s-1', 'm s-1', 'degrees_east', 'degrees_east', 'degrees_north', 'degrees_north', 'meters']",ocean
20010701.ocean_month.nc,/g/data/ik11/outputs/mom6-panan/panan-01-zstar-2001rerun/output004/20010701.ocean_month.nc,ocean.1mon.nv:2.scalar_axis:1.xh:3600.xq:3601.yh:845.yq:846.zi:76,1mon,"2001-07-01, 00:00:00","2001-09-01, 00:00:00","['Heat_PmE', 'LW', 'SW', 'T_advection_xy_2d', 'Th_tendency_vert_remap_2d', 'average_DT', 'average_T1', 'average_T2', 'boundary_forcing_heat_tendency_2d', 'evap', 'frazil', 'frazil_heat_tendency_2d', 'frunoff', 'heat_added', 'heat_content_fprec', 'heat_content_frunoff', 'heat_content_icemelt', 'heat_content_lprec', 'heat_content_lrunoff', 'heat_content_massin', 'heat_content_massout', 'hfds', 'hfrainds', 'hfrunoffds', 'latent', 'latent_evap', 'latent_fprec_diag', 'latent_frunoff', 'lrunoff', 'mlotst', 'net_heat_coupler', 'net_massin', 'net_massout', 'nv', 'opottempdiff_2d', 'opottemppmdiff_2d', 'opottemptend_2d', 'precip', 'rsdo', 'salt_flux', 'salt_flux_added', 'salt_flux_in', 'scalar_axis', 'seaice_melt', 'seaice_melt_heat', 'sensible', 'sob', 'sos', 'tauuo', 'tauvo', 'time', 'time_bnds', 'tob', 'tos', 'total_icemelt', 'umo_2d', 'vmo_2d', 'wfo', 'xh', 'xq', 'yh', 'yq', 'zi', 'zos']","['Heat flux into ocean from mass flux into ocean', 'Longwave radiation flux into ocean', 'Shortwave radiation flux into ocean', 'Vertical sum of horizontal convergence of residual mean advective fluxes of heat', 'Vertical sum of vertical remapping tracer content tendency for Heat', 'Length of average period', 'Start time for average period', 'End time for average period', 'Depth integrated boundary forcing of ocean heat', 'Evaporation/condensation at ocean surface (evaporation is negative)', 'Heat from frazil formation', 'Depth integrated heat tendency due to frazil formation', 'Frozen runoff (calving) and iceberg melt into ocean', 'Flux Adjustment or restoring surface heat flux into ocean', 'Heat content (relative to 0degC) of frozen prec entering ocean', 'Heat content (relative to 0C) of solid runoff into ocean', 'Heat content (relative to 0degC) of water flux due to sea ice melting/freezing', 'Heat content (relative to 0degC) of liquid precip entering ocean', 'Heat content (relative to 0C) of liquid runoff into ocean', 'Heat content (relative to 0degC) of net mass entering ocean ocean', 'Heat content (relative to 0degC) of net mass leaving ocean ocean via evap and ice form', 'Surface ocean heat flux from SW+LW+latent+sensible+masstransfer+frazil+seaice_melt_heat', 'Heat content (relative to 0degC) of liquid+frozen precip entering ocean', 'Heat content (relative to 0C) of liquid+solid runoff into ocean', 'Latent heat flux into ocean due to fusion and evaporation (negative means ocean heat loss)', 'Latent heat flux into ocean due to evaporation/condensation', 'Latent heat flux into ocean due to melting of frozen precipitation', 'Latent heat flux into ocean due to melting of icebergs', 'Liquid runoff (rivers) into ocean', 'Ocean Mixed Layer Thickness Defined by Sigma T', 'Surface ocean heat flux from SW+LW+latent+sensible+seaice_melt_heat (via the coupler)', 'Net mass entering ocean due to precip, runoff, ice melt', 'Net mass leaving the ocean due to evaporation, seaice formation', 'vertex number', 'Tendency of sea water potential temperature expressed as heat content due to parameterized dianeutral mixing depth integrated', 'Tendency of sea water potential temperature expressed as heat content due to parameterized mesoscale neutral diffusion', 'Tendency of Sea Water Potential Temperature Expressed as Heat Content Vertical Sum', 'Liquid + frozen precipitation into ocean', 'Downwelling Shortwave Flux in Sea Water at Grid Cell Upper Interface', 'Net salt flux into ocean at surface (restoring + sea-ice)', 'Salt flux into ocean at surface due to restoring or flux adjustment', 'Salt flux into ocean at surface from coupler', 'none', 'water flux to ocean from snow/sea ice melting(> 0) or formation(< 0)', 'Heat flux into ocean due to snow and sea ice melt/freeze', 'Sensible heat flux into ocean', 'Sea Water Salinity at Sea Floor', 'Sea Surface Salinity', 'Surface Downward X Stress', 'Surface Downward Y Stress', 'time', 'time axis boundaries', 'Sea Water Potential Temperature at Sea Floor', 'Sea Surface Temperature', 'Area integrated sea ice melt (>0) or form (<0)', 'Ocean Mass X Transport Vertical Sum', 'Ocean Mass Y Transport Vertical Sum', 'Water Flux Into Sea Water', 'h point nominal longitude', 'q point nominal longitude', 'h point nominal latitude', 'q point nominal latitude', 'Interface pseudo-depth, -z*', 'Sea surface height above geoid']","['', 'surface_net_downward_longwave_flux', 'net_downward_shortwave_flux_at_sea_water_surface', '', '', '', '', '', '', 'water_evaporation_flux', '', '', 'water_flux_into_sea_water_from_icebergs', '', '', 'temperature_flux_due_to_solid_runoff_expressed_as_heat_flux_into_sea_water', '', '', 'temperature_flux_due_to_runoff_expressed_as_heat_flux_into_sea_water', '', '', 'surface_downward_heat_flux_in_sea_water', 'temperature_flux_due_to_rainfall_expressed_as_heat_flux_into_sea_water', 'temperature_flux_due_to_runoff_expressed_as_heat_flux_into_sea_water', '', '', '', '', 'water_flux_into_sea_water_from_rivers', 'ocean_mixed_layer_thickness_defined_by_sigma_t', '', '', '', '', 'tendency_of_sea_water_potential_temperature_expressed_as_heat_content_due_to_parameterized_dianeutral_mixing_depth_integrated', 'tendency_of_sea_water_potential_temperature_expressed_as_heat_content_due_to_parameterized_mesoscale_neutral_diffusion', 'tendency_of_sea_water_potential_temperature_expressed_as_heat_content_vertical_sum', '', 'downwelling_shortwave_flux_in_sea_water', '', '', '', '', 'water_flux_into_sea_water_due_to_sea_ice_thermodynamics', 'snow_ice_melt_heat_flux', 'surface_downward_sensible_heat_flux', 'sea_water_salinity_at_sea_floor', 'sea_surface_salinity', 'surface_downward_x_stress', 'surface_downward_y_stress', '', '', 'sea_water_potential_temperature_at_sea_floor', 'sea_surface_temperature', 'water_flux_into_sea_water_due_to_sea_ice_thermodynamics_area_integrated', 'ocean_mass_x_transport_vertical_sum', 'ocean_mass_y_transport_vertical_sum', 'water_flux_into_sea_water', '', '', '', '', '', 'sea_surface_height_above_geoid']","['area:mean yh:mean xh:mean time: mean', 'area:mean yh:mean xh:mean time: mean', 'area:mean yh:mean xh:mean time: mean', 'area:mean yh:mean xh:mean time: mean', 'area:mean yh:mean xh:mean time: mean', '', '', '', 'area:mean yh:mean xh:mean time: mean', 'area:mean yh:mean xh:mean time: mean', 'area:mean yh:mean xh:mean time: mean', 'area:mean yh:mean xh:mean time: mean', 'area:mean yh:mean xh:mean time: mean', 'area:mean yh:mean xh:mean time: mean', 'area:mean yh:mean xh:mean time: mean', 'area:mean yh:mean xh:mean time: mean', 'area:mean yh:mean xh:mean time: mean', 'area:mean yh:mean xh:mean time: mean', 'area:mean yh:mean xh:mean time: mean', 'area:mean yh:mean xh:mean time: mean', 'area:mean yh:mean xh:mean time: mean', 'area:mean yh:mean xh:mean time: mean', 'area:mean yh:mean xh:mean time: mean', 'area:mean yh:mean xh:mean time: mean', 'area:mean yh:mean xh:mean time: mean', 'area:mean yh:mean xh:mean time: mean', 'area:mean yh:mean xh:mean time: mean', 'area:mean yh:mean xh:mean time: mean', 'area:mean yh:mean xh:mean time: mean', 'area:mean yh:mean xh:mean time: mean', 'area:mean yh:mean xh:mean time: mean', 'area:mean yh:mean xh:mean time: mean', 'area:mean yh:mean xh:mean time: mean', '', 'area:mean yh:mean xh:mean time: mean', 'area:sum yh:sum xh:sum time: mean', 'area:mean yh:mean xh:mean time: mean', 'area:mean yh:mean xh:mean time: mean', 'area:mean zi:point yh:mean xh:mean time: mean', 'area:mean yh:mean xh:mean time: mean', 'area:mean yh:mean xh:mean time: mean', 'area:mean yh:mean xh:mean time: mean', '', 'area:mean yh:mean xh:mean time: mean', 'area:mean yh:mean xh:mean time: mean', 'area:mean yh:mean xh:mean time: mean', 'area:mean yh:mean xh:mean time: mean', 'area:mean yh:mean xh:mean time: mean', 'yh:mean xq:point time: mean', 'yq:point xh:mean time: mean', '', '', 'area:mean yh:mean xh:mean time: mean', 'area:mean yh:mean xh:mean time: mean', 'time: mean', 'yh:sum xq:point time: mean', 'yq:point xh:sum time: mean', 'area:mean yh:mean xh:mean time: mean', '', '', '', '', '', 'area:mean yh:mean xh:mean time: mean']","['W m-2', 'W m-2', 'W m-2', 'W m-2', 'W m-2', 'days', 'days since 1991-01-01 00:00:00', 'days since 1991-01-01 00:00:00', 'W m-2', 'kg m-2 s-1', 'W m-2', 'W m-2', 'kg m-2 s-1', 'W m-2', 'W m-2', 'W m-2', 'W m-2', 'W m-2', 'W m-2', 'W m-2', 'W m-2', 'W m-2', 'W m-2', 'W m-2', 'W m-2', 'W m-2', 'W m-2', 'W m-2', 'kg m-2 s-1', 'm', 'W m-2', 'kg m-2 s-1', 'kg m-2 s-1', '', 'W m-2', 'W m-2', 'W m-2', 'kg m-2 s-1', 'W m-2', 'kg m-2 s-1', 'kg m-2 s-1', 'kg m-2 s-1', '', 'kg m-2 s-1', 'W m-2', 'W m-2', 'psu', 'psu', 'N m-2', 'N m-2', 'days since 1991-01-01 00:00:00', 'days', 'degC', 'degC', 'kg s-1', 'kg s-1', 'kg s-1', 'kg m-2 s-1', 'degrees_east', 'degrees_east', 'degrees_north', 'degrees_north', 'meter', 'm']",ocean
20010701.ocean_month_rho2.nc,/g/data/ik11/outputs/mom6-panan/panan-01-zstar-2001rerun/output004/20010701.ocean_month_rho2.nc,ocean.1mon.nv:2.rho2_i:100.rho2_l:99.xh:3600.xq:3601.yh:845.yq:846,1mon,"2001-07-01, 00:00:00","2001-09-01, 00:00:00","['T_advection_xy', 'T_adx', 'T_ady', 'Th_tendency_vert_remap', 'average_DT', 'average_T1', 'average_T2', 'boundary_forcing_heat_tendency', 'frazil_heat_tendency', 'nv', 'opottempdiff', 'opottemppmdiff', 'opottemptend', 'rho2_i', 'rho2_l', 'thetao', 'time', 'time_bnds', 'umo', 'uo', 'vmo', 'vo', 'volcello', 'xh', 'xq', 'yh', 'yq']","['Horizontal convergence of residual mean advective fluxes of heat', 'Advective (by residual mean) Zonal Flux of Heat', 'Advective (by residual mean) Meridional Flux of Heat', 'Vertical remapping tracer content tendency for Heat', 'Length of average period', 'Start time for average period', 'End time for average period', 'Boundary forcing heat tendency', 'Heat tendency due to frazil formation', 'vertex number', 'Tendency of sea water potential temperature expressed as heat content due to parameterized dianeutral mixing', 'Tendency of sea water potential temperature expressed as heat content due to parameterized mesoscale neutral diffusion', 'Tendency of Sea Water Potential Temperature Expressed as Heat Content', 'Target Potential Density at interface', 'Target Potential Density at cell center', 'Sea Water Potential Temperature', 'time', 'time axis boundaries', 'Ocean Mass X Transport', 'Sea Water X Velocity', 'Ocean Mass Y Transport', 'Sea Water Y Velocity', 'Ocean grid-cell volume', 'h point nominal longitude', 'q point nominal longitude', 'h point nominal latitude', 'q point nominal latitude']","['', '', '', '', '', '', '', '', '', '', 'tendency_of_sea_water_potential_temperature_expressed_as_heat_content_due_to_parameterized_dianeutral_mixing', 'tendency_of_sea_water_potential_temperature_expressed_as_heat_content_due_to_parameterized_mesoscale_neutral_diffusion', 'tendency_of_sea_water_potential_temperature_expressed_as_heat_content', '', '', 'sea_water_potential_temperature', '', '', 'ocean_mass_x_transport', 'sea_water_x_velocity', 'ocean_mass_y_transport', 'sea_water_y_velocity', 'ocean_volume', '', '', '', '']","['area:mean rho2_l:sum yh:mean xh:mean time: mean', 'rho2_l:sum yh:sum xq:point time: mean', 'rho2_l:sum yq:point xh:sum time: mean', 'area:mean rho2_l:sum yh:mean xh:mean time: mean', '', '', '', 'area:mean rho2_l:sum yh:mean xh:mean time: mean', 'area:mean rho2_l:sum yh:mean xh:mean time: mean', '', 'area:mean rho2_l:sum yh:mean xh:mean time: mean', 'area:sum rho2_l:sum yh:sum xh:sum time: mean', 'area:mean rho2_l:sum yh:mean xh:mean time: mean', '', '', 'area:mean rho2_l:mean yh:mean xh:mean time: mean', '', '', 'rho2_l:sum yh:sum xq:point time: mean', 'rho2_l:mean yh:mean xq:point time: mean', 'rho2_l:sum yq:point xh:sum time: mean', 'rho2_l:mean yq:point xh:mean time: mean', 'area:sum rho2_l:sum yh:sum xh:sum time: mean', '', '', '', '']","['W m-2', 'W', 'W', 'W m-2', 'days', 'days since 1991-01-01 00:00:00', 'days since 1991-01-01 00:00:00', 'W m-2', 'W m-2', '', 'W m-2', 'W m-2', 'W m-2', 'kg m-3', 'kg m-3', 'degC', 'days since 1991-01-01 00:00:00', 'days', 'kg s-1', 'm s-1', 'kg s-1', 'm s-1', 'm3', 'degrees_east', 'degrees_east', 'degrees_north', 'degrees_north']",ocean
20010701.ocean_month_z.nc,/g/data/ik11/outputs/mom6-panan/panan-01-zstar-2001rerun/output004/20010701.ocean_month_z.nc,ocean.1mon.nv:2.xh:3600.xq:3601.yh:845.yq:846.z_i:76.z_l:75,1mon,"2001-07-01, 00:00:00","2001-09-01, 00:00:00","['T_advection_xy', 'T_adx', 'T_ady', 'Th_tendency_vert_remap', 'agessc', 'average_DT', 'average_T1', 'average_T2', 'boundary_forcing_heat_tendency', 'frazil_heat_tendency', 'nv', 'opottempdiff', 'opottemppmdiff', 'opottemptend', 'rhopot0', 'rhopot2', 'so', 'thetao', 'time', 'time_bnds', 'umo', 'uo', 'vmo', 'vo', 'volcello', 'xh', 'xq', 'yh', 'yq', 'z_i', 'z_l']","['Horizontal convergence of residual mean advective fluxes of heat', 'Advective (by residual mean) Zonal Flux of Heat', 'Advective (by residual mean) Meridional Flux of Heat', 'Vertical remapping tracer content tendency for Heat', 'Ideal Age Tracer', 'Length of average period', 'Start time for average period', 'End time for average period', 'Boundary forcing heat tendency', 'Heat tendency due to frazil formation', 'vertex number', 'Tendency of sea water potential temperature expressed as heat content due to parameterized dianeutral mixing', 'Tendency of sea water potential temperature expressed as heat content due to parameterized mesoscale neutral diffusion', 'Tendency of Sea Water Potential Temperature Expressed as Heat Content', 'Potential density referenced to surface', 'Potential density referenced to 2000 dbar', 'Sea Water Salinity', 'Sea Water Potential Temperature', 'time', 'time axis boundaries', 'Ocean Mass X Transport', 'Sea Water X Velocity', 'Ocean Mass Y Transport', 'Sea Water Y Velocity', 'Ocean grid-cell volume', 'h point nominal longitude', 'q point nominal longitude', 'h point nominal latitude', 'q point nominal latitude', 'Depth at interface', 'Depth at cell center']","['', '', '', '', 'ideal_age_tracer', '', '', '', '', '', '', 'tendency_of_sea_water_potential_temperature_expressed_as_heat_content_due_to_parameterized_dianeutral_mixing', 'tendency_of_sea_water_potential_temperature_expressed_as_heat_content_due_to_parameterized_mesoscale_neutral_diffusion', 'tendency_of_sea_water_potential_temperature_expressed_as_heat_content', '', '', 'sea_water_salinity', 'sea_water_potential_temperature', '', '', 'ocean_mass_x_transport', 'sea_water_x_velocity', 'ocean_mass_y_transport', 'sea_water_y_velocity', 'ocean_volume', '', '', '', '', '', '']","['area:mean z_l:sum yh:mean xh:mean time: mean', 'z_l:sum yh:sum xq:point time: mean', 'z_l:sum yq:point xh:sum time: mean', 'area:mean z_l:sum yh:mean xh:mean time: mean', 'area:mean z_l:mean yh:mean xh:mean time: mean', '', '', '', 'area:mean z_l:sum yh:mean xh:mean time: mean', 'area:mean z_l:sum yh:mean xh:mean time: mean', '', 'area:mean z_l:sum yh:mean xh:mean time: mean', 'area:sum z_l:sum yh:sum xh:sum time: mean', 'area:mean z_l:sum yh:mean xh:mean time: mean', 'area:mean z_l:mean yh:mean xh:mean time: mean', 'area:mean z_l:mean yh:mean xh:mean time: mean', 'area:mean z_l:mean yh:mean xh:mean time: mean', 'area:mean z_l:mean yh:mean xh:mean time: mean', '', '', 'z_l:sum yh:sum xq:point time: mean', 'z_l:mean yh:mean xq:point time: mean', 'z_l:sum yq:point xh:sum time: mean', 'z_l:mean yq:point xh:mean time: mean', 'area:sum z_l:sum yh:sum xh:sum time: mean', '', '', '', '', '', '']","['W m-2', 'W', 'W', 'W m-2', 'yr', 'days', 'days since 1991-01-01 00:00:00', 'days since 1991-01-01 00:00:00', 'W m-2', 'W m-2', '', 'W m-2', 'W m-2', 'W m-2', 'kg m-3', 'kg m-3', 'psu', 'degC', 'days since 1991-01-01 00:00:00', 'days', 'kg s-1', 'm s-1', 'kg s-1', 'm s-1', 'm3', 'degrees_east', 'degrees_east', 'degrees_north', 'degrees_north', 'meters', 'meters']",ocean
20010701.ocean_static.nc,/g/data/ik11/outputs/mom6-panan/panan-01-zstar-2001rerun/output004/20010701.ocean_static.nc,ocean.fx.xh:3600.xq:3601.yh:845.yq:846,fx,"1991-01-01, 00:00:00","1991-01-01, 00:00:00","['Coriolis', 'areacello', 'areacello_bu', 'areacello_cu', 'areacello_cv', 'deptho', 'dxCu', 'dxCv', 'dxt', 'dyCu', 'dyCv', 'dyt', 'geolat', 'geolat_c', 'geolat_u', 'geolat_v', 'geolon', 'geolon_c', 'geolon_u', 'geolon_v', 'time', 'wet', 'wet_c', 'wet_u', 'wet_v', 'xh', 'xq', 'yh', 'yq']","['Coriolis parameter at corner (Bu) points', 'Ocean Grid-Cell Area', 'Ocean Grid-Cell Area', 'Ocean Grid-Cell Area', 'Ocean Grid-Cell Area', 'Sea Floor Depth', 'Delta(x) at u points (meter)', 'Delta(x) at v points (meter)', 'Delta(x) at thickness/tracer points (meter)', 'Delta(y) at u points (meter)', 'Delta(y) at v points (meter)', 'Delta(y) at thickness/tracer points (meter)', 'Latitude of tracer (T) points', 'Latitude of corner (Bu) points', 'Latitude of zonal velocity (Cu) points', 'Latitude of meridional velocity (Cv) points', 'Longitude of tracer (T) points', 'Longitude of corner (Bu) points', 'Longitude of zonal velocity (Cu) points', 'Longitude of meridional velocity (Cv) points', 'time', '0 if land, 1 if ocean at tracer points', '0 if land, 1 if ocean at corner (Bu) points', '0 if land, 1 if ocean at zonal velocity (Cu) points', '0 if land, 1 if ocean at meridional velocity (Cv) points', 'h point nominal longitude', 'q point nominal longitude', 'h point nominal latitude', 'q point nominal latitude']","['', 'cell_area', 'cell_area', 'cell_area', 'cell_area', 'sea_floor_depth_below_geoid', '', '', '', '', '', '', '', '', '', '', '', '', '', '', '', '', '', '', '', '', '', '', '']","['time: point', 'area:sum yh:sum xh:sum time: point', 'area:sum yq:sum xq:sum time: point', 'area:sum yh:sum xq:sum time: point', 'area:sum yq:sum xh:sum time: point', 'area:mean yh:mean xh:mean time: point', 'time: point', 'time: point', 'time: point', 'time: point', 'time: point', 'time: point', 'time: point', 'time: point', 'time: point', 'time: point', 'time: point', 'time: point', 'time: point', 'time: point', '', 'time: point', 'time: point', 'time: point', 'time: point', '', '', '', '']","['s-1', 'm2', 'm2', 'm2', 'm2', 'm', 'm', 'm', 'm', 'm', 'm', 'm', 'degrees_north', 'degrees_north', 'degrees_north', 'degrees_north', 'degrees_east', 'degrees_east', 'degrees_east', 'degrees_east', 'days since 1991-01-01 00:00:00', '', '', '', '', 'degrees_east', 'degrees_east', 'degrees_north', 'degrees_north']",ocean
20010901.ice_daily.nc,/g/data/ik11/outputs/mom6-panan/panan-01-zstar-2001rerun/output005/20010901.ice_daily.nc,seaIce.1day.nv:2.xT:3600.xTe:3601.yT:845.yTe:846,1day,"2001-09-01, 00:00:00","2001-11-01, 00:00:00","['BHEAT', 'BMELT', 'E2MELT', 'average_DT', 'average_T1', 'average_T2', 'net_melt', 'nv', 'siconc', 'sithick', 'time', 'time_bnds', 'xT', 'xTe', 'yT', 'yTe']","['ocean to ice heat flux', 'bottom surface melting energy flux', 'heat needed to melt ice', 'Length of average period', 'Start time for average period', 'End time for average period', 'net mass flux from ice & snow to ocean due to melting & freezing', 'vertex number', 'ice concentration', 'ice thickness', 'time', 'time axis boundaries', 'T point nominal longitude', 'T-cell edge nominal longitude', 'T point nominal latitude', 'T-cell edge nominal latitude']","['', '', '', '', '', '', '', '', '', '', '', '', '', '', '', '']","['time: mean', 'time: mean', 'time: mean', '', '', '', 'time: mean', '', 'time: mean', 'time: mean', '', '', '', '', '', '']","['W/m^2', 'W/m^2', 'J/m^2', 'days', 'days since 1991-01-01 00:00:00', 'days since 1991-01-01 00:00:00', 'kg m-2 s-1', '', '0-1', 'm-ice', 'days since 1991-01-01 00:00:00', 'days', 'degrees_E', 'degrees_E', 'degrees_N', 'degrees_N']",seaIce
20010901.ice_month.nc,/g/data/ik11/outputs/mom6-panan/panan-01-zstar-2001rerun/output005/20010901.ice_month.nc,seaIce.1mon.nv:2.xB:3601.xT:3600.xTe:3601.yB:846.yT:845.yTe:846,1mon,"2001-09-01, 00:00:00","2001-11-01, 00:00:00","['BHEAT', 'BMELT', 'E2MELT', 'FA_X', 'FA_Y', 'TMELT', 'average_DT', 'average_T1', 'average_T2', 'fsitherm', 'net_melt', 'nv', 'siconc', 'sithick', 'time', 'time_bnds', 'xB', 'xT', 'xTe', 'yB', 'yT', 'yTe']","['ocean to ice heat flux', 'bottom surface melting energy flux', 'heat needed to melt ice', 'Air stress on ice on C-grid - x component', 'Air stress on ice on C-grid - y component', 'upper surface melting energy flux', 'Length of average period', 'Start time for average period', 'End time for average period', 'water_flux_into_sea_water_due_to_sea_ice_thermodynamics', 'net mass flux from ice & snow to ocean due to melting & freezing', 'vertex number', 'ice concentration', 'ice thickness', 'time', 'time axis boundaries', 'Boundary point nominal longitude', 'T point nominal longitude', 'T-cell edge nominal longitude', 'Boundary point nominal latitude', 'T point nominal latitude', 'T-cell edge nominal latitude']","['', '', '', '', '', '', '', '', '', '', '', '', '', '', '', '', '', '', '', '', '', '']","['time: mean', 'time: mean', 'time: mean', 'time: mean', 'time: mean', 'time: mean', '', '', '', 'time: mean', 'time: mean', '', 'time: mean', 'time: mean', '', '', '', '', '', '', '', '']","['W/m^2', 'W/m^2', 'J/m^2', 'Pa', 'Pa', 'W/m^2', 'days', 'days since 1991-01-01 00:00:00', 'days since 1991-01-01 00:00:00', 'kg m-2 s-1', 'kg m-2 s-1', '', '0-1', 'm-ice', 'days since 1991-01-01 00:00:00', 'days', 'degrees_E', 'degrees_E', 'degrees_E', 'degrees_N', 'degrees_N', 'degrees_N']",seaIce
20010901.ocean_daily_2001_244.nc,/g/data/ik11/outputs/mom6-panan/panan-01-zstar-2001rerun/output005/20010901.ocean_daily_2001_244.nc,ocean.1day.nv:2.xh:3600.yh:845,1day,"2001-09-01, 00:00:00","2001-09-02, 00:00:00","['average_DT', 'average_T1', 'average_T2', 'mlotst', 'nv', 'time', 'time_bnds', 'xh', 'yh', 'zos']","['Length of average period', 'Start time for average period', 'End time for average period', 'Ocean Mixed Layer Thickness Defined by Sigma T', 'vertex number', 'time', 'time axis boundaries', 'h point nominal longitude', 'h point nominal latitude', 'Sea surface height above geoid']","['', '', '', 'ocean_mixed_layer_thickness_defined_by_sigma_t', '', '', '', '', '', 'sea_surface_height_above_geoid']","['', '', '', 'area:mean yh:mean xh:mean time: mean', '', '', '', '', '', 'area:mean yh:mean xh:mean time: mean']","['days', 'days since 1991-01-01 00:00:00', 'days since 1991-01-01 00:00:00', 'm', '', 'days since 1991-01-01 00:00:00', 'days', 'degrees_east', 'degrees_north', 'm']",ocean
20010901.ocean_daily_2001_245.nc,/g/data/ik11/outputs/mom6-panan/panan-01-zstar-2001rerun/output005/20010901.ocean_daily_2001_245.nc,ocean.1day.nv:2.xh:3600.yh:845,1day,"2001-09-02, 00:00:00","2001-09-03, 00:00:00","['average_DT', 'average_T1', 'average_T2', 'mlotst', 'nv', 'time', 'time_bnds', 'xh', 'yh', 'zos']","['Length of average period', 'Start time for average period', 'End time for average period', 'Ocean Mixed Layer Thickness Defined by Sigma T', 'vertex number', 'time', 'time axis boundaries', 'h point nominal longitude', 'h point nominal latitude', 'Sea surface height above geoid']","['', '', '', 'ocean_mixed_layer_thickness_defined_by_sigma_t', '', '', '', '', '', 'sea_surface_height_above_geoid']","['', '', '', 'area:mean yh:mean xh:mean time: mean', '', '', '', '', '', 'area:mean yh:mean xh:mean time: mean']","['days', 'days since 1991-01-01 00:00:00', 'days since 1991-01-01 00:00:00', 'm', '', 'days since 1991-01-01 00:00:00', 'days', 'degrees_east', 'degrees_north', 'm']",ocean
20010901.ocean_daily_2001_246.nc,/g/data/ik11/outputs/mom6-panan/panan-01-zstar-2001rerun/output005/20010901.ocean_daily_2001_246.nc,ocean.1day.nv:2.xh:3600.yh:845,1day,"2001-09-03, 00:00:00","2001-09-04, 00:00:00","['average_DT', 'average_T1', 'average_T2', 'mlotst', 'nv', 'time', 'time_bnds', 'xh', 'yh', 'zos']","['Length of average period', 'Start time for average period', 'End time for average period', 'Ocean Mixed Layer Thickness Defined by Sigma T', 'vertex number', 'time', 'time axis boundaries', 'h point nominal longitude', 'h point nominal latitude', 'Sea surface height above geoid']","['', '', '', 'ocean_mixed_layer_thickness_defined_by_sigma_t', '', '', '', '', '', 'sea_surface_height_above_geoid']","['', '', '', 'area:mean yh:mean xh:mean time: mean', '', '', '', '', '', 'area:mean yh:mean xh:mean time: mean']","['days', 'days since 1991-01-01 00:00:00', 'days since 1991-01-01 00:00:00', 'm', '', 'days since 1991-01-01 00:00:00', 'days', 'degrees_east', 'degrees_north', 'm']",ocean
20010901.ocean_daily_2001_247.nc,/g/data/ik11/outputs/mom6-panan/panan-01-zstar-2001rerun/output005/20010901.ocean_daily_2001_247.nc,ocean.1day.nv:2.xh:3600.yh:845,1day,"2001-09-04, 00:00:00","2001-09-05, 00:00:00","['average_DT', 'average_T1', 'average_T2', 'mlotst', 'nv', 'time', 'time_bnds', 'xh', 'yh', 'zos']","['Length of average period', 'Start time for average period', 'End time for average period', 'Ocean Mixed Layer Thickness Defined by Sigma T', 'vertex number', 'time', 'time axis boundaries', 'h point nominal longitude', 'h point nominal latitude', 'Sea surface height above geoid']","['', '', '', 'ocean_mixed_layer_thickness_defined_by_sigma_t', '', '', '', '', '', 'sea_surface_height_above_geoid']","['', '', '', 'area:mean yh:mean xh:mean time: mean', '', '', '', '', '', 'area:mean yh:mean xh:mean time: mean']","['days', 'days since 1991-01-01 00:00:00', 'days since 1991-01-01 00:00:00', 'm', '', 'days since 1991-01-01 00:00:00', 'days', 'degrees_east', 'degrees_north', 'm']",ocean
20010901.ocean_daily_2001_248.nc,/g/data/ik11/outputs/mom6-panan/panan-01-zstar-2001rerun/output005/20010901.ocean_daily_2001_248.nc,ocean.1day.nv:2.xh:3600.yh:845,1day,"2001-09-05, 00:00:00","2001-09-06, 00:00:00","['average_DT', 'average_T1', 'average_T2', 'mlotst', 'nv', 'time', 'time_bnds', 'xh', 'yh', 'zos']","['Length of average period', 'Start time for average period', 'End time for average period', 'Ocean Mixed Layer Thickness Defined by Sigma T', 'vertex number', 'time', 'time axis boundaries', 'h point nominal longitude', 'h point nominal latitude', 'Sea surface height above geoid']","['', '', '', 'ocean_mixed_layer_thickness_defined_by_sigma_t', '', '', '', '', '', 'sea_surface_height_above_geoid']","['', '', '', 'area:mean yh:mean xh:mean time: mean', '', '', '', '', '', 'area:mean yh:mean xh:mean time: mean']","['days', 'days since 1991-01-01 00:00:00', 'days since 1991-01-01 00:00:00', 'm', '', 'days since 1991-01-01 00:00:00', 'days', 'degrees_east', 'degrees_north', 'm']",ocean
20010901.ocean_daily_2001_249.nc,/g/data/ik11/outputs/mom6-panan/panan-01-zstar-2001rerun/output005/20010901.ocean_daily_2001_249.nc,ocean.1day.nv:2.xh:3600.yh:845,1day,"2001-09-06, 00:00:00","2001-09-07, 00:00:00","['average_DT', 'average_T1', 'average_T2', 'mlotst', 'nv', 'time', 'time_bnds', 'xh', 'yh', 'zos']","['Length of average period', 'Start time for average period', 'End time for average period', 'Ocean Mixed Layer Thickness Defined by Sigma T', 'vertex number', 'time', 'time axis boundaries', 'h point nominal longitude', 'h point nominal latitude', 'Sea surface height above geoid']","['', '', '', 'ocean_mixed_layer_thickness_defined_by_sigma_t', '', '', '', '', '', 'sea_surface_height_above_geoid']","['', '', '', 'area:mean yh:mean xh:mean time: mean', '', '', '', '', '', 'area:mean yh:mean xh:mean time: mean']","['days', 'days since 1991-01-01 00:00:00', 'days since 1991-01-01 00:00:00', 'm', '', 'days since 1991-01-01 00:00:00', 'days', 'degrees_east', 'degrees_north', 'm']",ocean
20010901.ocean_daily_2001_250.nc,/g/data/ik11/outputs/mom6-panan/panan-01-zstar-2001rerun/output005/20010901.ocean_daily_2001_250.nc,ocean.1day.nv:2.xh:3600.yh:845,1day,"2001-09-07, 00:00:00","2001-09-08, 00:00:00","['average_DT', 'average_T1', 'average_T2', 'mlotst', 'nv', 'time', 'time_bnds', 'xh', 'yh', 'zos']","['Length of average period', 'Start time for average period', 'End time for average period', 'Ocean Mixed Layer Thickness Defined by Sigma T', 'vertex number', 'time', 'time axis boundaries', 'h point nominal longitude', 'h point nominal latitude', 'Sea surface height above geoid']","['', '', '', 'ocean_mixed_layer_thickness_defined_by_sigma_t', '', '', '', '', '', 'sea_surface_height_above_geoid']","['', '', '', 'area:mean yh:mean xh:mean time: mean', '', '', '', '', '', 'area:mean yh:mean xh:mean time: mean']","['days', 'days since 1991-01-01 00:00:00', 'days since 1991-01-01 00:00:00', 'm', '', 'days since 1991-01-01 00:00:00', 'days', 'degrees_east', 'degrees_north', 'm']",ocean
20010901.ocean_daily_2001_251.nc,/g/data/ik11/outputs/mom6-panan/panan-01-zstar-2001rerun/output005/20010901.ocean_daily_2001_251.nc,ocean.1day.nv:2.xh:3600.yh:845,1day,"2001-09-08, 00:00:00","2001-09-09, 00:00:00","['average_DT', 'average_T1', 'average_T2', 'mlotst', 'nv', 'time', 'time_bnds', 'xh', 'yh', 'zos']","['Length of average period', 'Start time for average period', 'End time for average period', 'Ocean Mixed Layer Thickness Defined by Sigma T', 'vertex number', 'time', 'time axis boundaries', 'h point nominal longitude', 'h point nominal latitude', 'Sea surface height above geoid']","['', '', '', 'ocean_mixed_layer_thickness_defined_by_sigma_t', '', '', '', '', '', 'sea_surface_height_above_geoid']","['', '', '', 'area:mean yh:mean xh:mean time: mean', '', '', '', '', '', 'area:mean yh:mean xh:mean time: mean']","['days', 'days since 1991-01-01 00:00:00', 'days since 1991-01-01 00:00:00', 'm', '', 'days since 1991-01-01 00:00:00', 'days', 'degrees_east', 'degrees_north', 'm']",ocean
20010901.ocean_daily_2001_252.nc,/g/data/ik11/outputs/mom6-panan/panan-01-zstar-2001rerun/output005/20010901.ocean_daily_2001_252.nc,ocean.1day.nv:2.xh:3600.yh:845,1day,"2001-09-09, 00:00:00","2001-09-10, 00:00:00","['average_DT', 'average_T1', 'average_T2', 'mlotst', 'nv', 'time', 'time_bnds', 'xh', 'yh', 'zos']","['Length of average period', 'Start time for average period', 'End time for average period', 'Ocean Mixed Layer Thickness Defined by Sigma T', 'vertex number', 'time', 'time axis boundaries', 'h point nominal longitude', 'h point nominal latitude', 'Sea surface height above geoid']","['', '', '', 'ocean_mixed_layer_thickness_defined_by_sigma_t', '', '', '', '', '', 'sea_surface_height_above_geoid']","['', '', '', 'area:mean yh:mean xh:mean time: mean', '', '', '', '', '', 'area:mean yh:mean xh:mean time: mean']","['days', 'days since 1991-01-01 00:00:00', 'days since 1991-01-01 00:00:00', 'm', '', 'days since 1991-01-01 00:00:00', 'days', 'degrees_east', 'degrees_north', 'm']",ocean
20010901.ocean_daily_2001_253.nc,/g/data/ik11/outputs/mom6-panan/panan-01-zstar-2001rerun/output005/20010901.ocean_daily_2001_253.nc,ocean.1day.nv:2.xh:3600.yh:845,1day,"2001-09-10, 00:00:00","2001-09-11, 00:00:00","['average_DT', 'average_T1', 'average_T2', 'mlotst', 'nv', 'time', 'time_bnds', 'xh', 'yh', 'zos']","['Length of average period', 'Start time for average period', 'End time for average period', 'Ocean Mixed Layer Thickness Defined by Sigma T', 'vertex number', 'time', 'time axis boundaries', 'h point nominal longitude', 'h point nominal latitude', 'Sea surface height above geoid']","['', '', '', 'ocean_mixed_layer_thickness_defined_by_sigma_t', '', '', '', '', '', 'sea_surface_height_above_geoid']","['', '', '', 'area:mean yh:mean xh:mean time: mean', '', '', '', '', '', 'area:mean yh:mean xh:mean time: mean']","['days', 'days since 1991-01-01 00:00:00', 'days since 1991-01-01 00:00:00', 'm', '', 'days since 1991-01-01 00:00:00', 'days', 'degrees_east', 'degrees_north', 'm']",ocean
20010901.ocean_daily_2001_254.nc,/g/data/ik11/outputs/mom6-panan/panan-01-zstar-2001rerun/output005/20010901.ocean_daily_2001_254.nc,ocean.1day.nv:2.xh:3600.yh:845,1day,"2001-09-11, 00:00:00","2001-09-12, 00:00:00","['average_DT', 'average_T1', 'average_T2', 'mlotst', 'nv', 'time', 'time_bnds', 'xh', 'yh', 'zos']","['Length of average period', 'Start time for average period', 'End time for average period', 'Ocean Mixed Layer Thickness Defined by Sigma T', 'vertex number', 'time', 'time axis boundaries', 'h point nominal longitude', 'h point nominal latitude', 'Sea surface height above geoid']","['', '', '', 'ocean_mixed_layer_thickness_defined_by_sigma_t', '', '', '', '', '', 'sea_surface_height_above_geoid']","['', '', '', 'area:mean yh:mean xh:mean time: mean', '', '', '', '', '', 'area:mean yh:mean xh:mean time: mean']","['days', 'days since 1991-01-01 00:00:00', 'days since 1991-01-01 00:00:00', 'm', '', 'days since 1991-01-01 00:00:00', 'days', 'degrees_east', 'degrees_north', 'm']",ocean
20010901.ocean_daily_2001_255.nc,/g/data/ik11/outputs/mom6-panan/panan-01-zstar-2001rerun/output005/20010901.ocean_daily_2001_255.nc,ocean.1day.nv:2.xh:3600.yh:845,1day,"2001-09-12, 00:00:00","2001-09-13, 00:00:00","['average_DT', 'average_T1', 'average_T2', 'mlotst', 'nv', 'time', 'time_bnds', 'xh', 'yh', 'zos']","['Length of average period', 'Start time for average period', 'End time for average period', 'Ocean Mixed Layer Thickness Defined by Sigma T', 'vertex number', 'time', 'time axis boundaries', 'h point nominal longitude', 'h point nominal latitude', 'Sea surface height above geoid']","['', '', '', 'ocean_mixed_layer_thickness_defined_by_sigma_t', '', '', '', '', '', 'sea_surface_height_above_geoid']","['', '', '', 'area:mean yh:mean xh:mean time: mean', '', '', '', '', '', 'area:mean yh:mean xh:mean time: mean']","['days', 'days since 1991-01-01 00:00:00', 'days since 1991-01-01 00:00:00', 'm', '', 'days since 1991-01-01 00:00:00', 'days', 'degrees_east', 'degrees_north', 'm']",ocean
20010901.ocean_daily_2001_256.nc,/g/data/ik11/outputs/mom6-panan/panan-01-zstar-2001rerun/output005/20010901.ocean_daily_2001_256.nc,ocean.1day.nv:2.xh:3600.yh:845,1day,"2001-09-13, 00:00:00","2001-09-14, 00:00:00","['average_DT', 'average_T1', 'average_T2', 'mlotst', 'nv', 'time', 'time_bnds', 'xh', 'yh', 'zos']","['Length of average period', 'Start time for average period', 'End time for average period', 'Ocean Mixed Layer Thickness Defined by Sigma T', 'vertex number', 'time', 'time axis boundaries', 'h point nominal longitude', 'h point nominal latitude', 'Sea surface height above geoid']","['', '', '', 'ocean_mixed_layer_thickness_defined_by_sigma_t', '', '', '', '', '', 'sea_surface_height_above_geoid']","['', '', '', 'area:mean yh:mean xh:mean time: mean', '', '', '', '', '', 'area:mean yh:mean xh:mean time: mean']","['days', 'days since 1991-01-01 00:00:00', 'days since 1991-01-01 00:00:00', 'm', '', 'days since 1991-01-01 00:00:00', 'days', 'degrees_east', 'degrees_north', 'm']",ocean
20010901.ocean_daily_2001_257.nc,/g/data/ik11/outputs/mom6-panan/panan-01-zstar-2001rerun/output005/20010901.ocean_daily_2001_257.nc,ocean.1day.nv:2.xh:3600.yh:845,1day,"2001-09-14, 00:00:00","2001-09-15, 00:00:00","['average_DT', 'average_T1', 'average_T2', 'mlotst', 'nv', 'time', 'time_bnds', 'xh', 'yh', 'zos']","['Length of average period', 'Start time for average period', 'End time for average period', 'Ocean Mixed Layer Thickness Defined by Sigma T', 'vertex number', 'time', 'time axis boundaries', 'h point nominal longitude', 'h point nominal latitude', 'Sea surface height above geoid']","['', '', '', 'ocean_mixed_layer_thickness_defined_by_sigma_t', '', '', '', '', '', 'sea_surface_height_above_geoid']","['', '', '', 'area:mean yh:mean xh:mean time: mean', '', '', '', '', '', 'area:mean yh:mean xh:mean time: mean']","['days', 'days since 1991-01-01 00:00:00', 'days since 1991-01-01 00:00:00', 'm', '', 'days since 1991-01-01 00:00:00', 'days', 'degrees_east', 'degrees_north', 'm']",ocean
20010901.ocean_daily_2001_258.nc,/g/data/ik11/outputs/mom6-panan/panan-01-zstar-2001rerun/output005/20010901.ocean_daily_2001_258.nc,ocean.1day.nv:2.xh:3600.yh:845,1day,"2001-09-15, 00:00:00","2001-09-16, 00:00:00","['average_DT', 'average_T1', 'average_T2', 'mlotst', 'nv', 'time', 'time_bnds', 'xh', 'yh', 'zos']","['Length of average period', 'Start time for average period', 'End time for average period', 'Ocean Mixed Layer Thickness Defined by Sigma T', 'vertex number', 'time', 'time axis boundaries', 'h point nominal longitude', 'h point nominal latitude', 'Sea surface height above geoid']","['', '', '', 'ocean_mixed_layer_thickness_defined_by_sigma_t', '', '', '', '', '', 'sea_surface_height_above_geoid']","['', '', '', 'area:mean yh:mean xh:mean time: mean', '', '', '', '', '', 'area:mean yh:mean xh:mean time: mean']","['days', 'days since 1991-01-01 00:00:00', 'days since 1991-01-01 00:00:00', 'm', '', 'days since 1991-01-01 00:00:00', 'days', 'degrees_east', 'degrees_north', 'm']",ocean
20010901.ocean_daily_2001_259.nc,/g/data/ik11/outputs/mom6-panan/panan-01-zstar-2001rerun/output005/20010901.ocean_daily_2001_259.nc,ocean.1day.nv:2.xh:3600.yh:845,1day,"2001-09-16, 00:00:00","2001-09-17, 00:00:00","['average_DT', 'average_T1', 'average_T2', 'mlotst', 'nv', 'time', 'time_bnds', 'xh', 'yh', 'zos']","['Length of average period', 'Start time for average period', 'End time for average period', 'Ocean Mixed Layer Thickness Defined by Sigma T', 'vertex number', 'time', 'time axis boundaries', 'h point nominal longitude', 'h point nominal latitude', 'Sea surface height above geoid']","['', '', '', 'ocean_mixed_layer_thickness_defined_by_sigma_t', '', '', '', '', '', 'sea_surface_height_above_geoid']","['', '', '', 'area:mean yh:mean xh:mean time: mean', '', '', '', '', '', 'area:mean yh:mean xh:mean time: mean']","['days', 'days since 1991-01-01 00:00:00', 'days since 1991-01-01 00:00:00', 'm', '', 'days since 1991-01-01 00:00:00', 'days', 'degrees_east', 'degrees_north', 'm']",ocean
20010901.ocean_daily_2001_260.nc,/g/data/ik11/outputs/mom6-panan/panan-01-zstar-2001rerun/output005/20010901.ocean_daily_2001_260.nc,ocean.1day.nv:2.xh:3600.yh:845,1day,"2001-09-17, 00:00:00","2001-09-18, 00:00:00","['average_DT', 'average_T1', 'average_T2', 'mlotst', 'nv', 'time', 'time_bnds', 'xh', 'yh', 'zos']","['Length of average period', 'Start time for average period', 'End time for average period', 'Ocean Mixed Layer Thickness Defined by Sigma T', 'vertex number', 'time', 'time axis boundaries', 'h point nominal longitude', 'h point nominal latitude', 'Sea surface height above geoid']","['', '', '', 'ocean_mixed_layer_thickness_defined_by_sigma_t', '', '', '', '', '', 'sea_surface_height_above_geoid']","['', '', '', 'area:mean yh:mean xh:mean time: mean', '', '', '', '', '', 'area:mean yh:mean xh:mean time: mean']","['days', 'days since 1991-01-01 00:00:00', 'days since 1991-01-01 00:00:00', 'm', '', 'days since 1991-01-01 00:00:00', 'days', 'degrees_east', 'degrees_north', 'm']",ocean
20010901.ocean_daily_2001_261.nc,/g/data/ik11/outputs/mom6-panan/panan-01-zstar-2001rerun/output005/20010901.ocean_daily_2001_261.nc,ocean.1day.nv:2.xh:3600.yh:845,1day,"2001-09-18, 00:00:00","2001-09-19, 00:00:00","['average_DT', 'average_T1', 'average_T2', 'mlotst', 'nv', 'time', 'time_bnds', 'xh', 'yh', 'zos']","['Length of average period', 'Start time for average period', 'End time for average period', 'Ocean Mixed Layer Thickness Defined by Sigma T', 'vertex number', 'time', 'time axis boundaries', 'h point nominal longitude', 'h point nominal latitude', 'Sea surface height above geoid']","['', '', '', 'ocean_mixed_layer_thickness_defined_by_sigma_t', '', '', '', '', '', 'sea_surface_height_above_geoid']","['', '', '', 'area:mean yh:mean xh:mean time: mean', '', '', '', '', '', 'area:mean yh:mean xh:mean time: mean']","['days', 'days since 1991-01-01 00:00:00', 'days since 1991-01-01 00:00:00', 'm', '', 'days since 1991-01-01 00:00:00', 'days', 'degrees_east', 'degrees_north', 'm']",ocean
20010901.ocean_daily_2001_262.nc,/g/data/ik11/outputs/mom6-panan/panan-01-zstar-2001rerun/output005/20010901.ocean_daily_2001_262.nc,ocean.1day.nv:2.xh:3600.yh:845,1day,"2001-09-19, 00:00:00","2001-09-20, 00:00:00","['average_DT', 'average_T1', 'average_T2', 'mlotst', 'nv', 'time', 'time_bnds', 'xh', 'yh', 'zos']","['Length of average period', 'Start time for average period', 'End time for average period', 'Ocean Mixed Layer Thickness Defined by Sigma T', 'vertex number', 'time', 'time axis boundaries', 'h point nominal longitude', 'h point nominal latitude', 'Sea surface height above geoid']","['', '', '', 'ocean_mixed_layer_thickness_defined_by_sigma_t', '', '', '', '', '', 'sea_surface_height_above_geoid']","['', '', '', 'area:mean yh:mean xh:mean time: mean', '', '', '', '', '', 'area:mean yh:mean xh:mean time: mean']","['days', 'days since 1991-01-01 00:00:00', 'days since 1991-01-01 00:00:00', 'm', '', 'days since 1991-01-01 00:00:00', 'days', 'degrees_east', 'degrees_north', 'm']",ocean
20010901.ocean_daily_2001_263.nc,/g/data/ik11/outputs/mom6-panan/panan-01-zstar-2001rerun/output005/20010901.ocean_daily_2001_263.nc,ocean.1day.nv:2.xh:3600.yh:845,1day,"2001-09-20, 00:00:00","2001-09-21, 00:00:00","['average_DT', 'average_T1', 'average_T2', 'mlotst', 'nv', 'time', 'time_bnds', 'xh', 'yh', 'zos']","['Length of average period', 'Start time for average period', 'End time for average period', 'Ocean Mixed Layer Thickness Defined by Sigma T', 'vertex number', 'time', 'time axis boundaries', 'h point nominal longitude', 'h point nominal latitude', 'Sea surface height above geoid']","['', '', '', 'ocean_mixed_layer_thickness_defined_by_sigma_t', '', '', '', '', '', 'sea_surface_height_above_geoid']","['', '', '', 'area:mean yh:mean xh:mean time: mean', '', '', '', '', '', 'area:mean yh:mean xh:mean time: mean']","['days', 'days since 1991-01-01 00:00:00', 'days since 1991-01-01 00:00:00', 'm', '', 'days since 1991-01-01 00:00:00', 'days', 'degrees_east', 'degrees_north', 'm']",ocean
20010901.ocean_daily_2001_264.nc,/g/data/ik11/outputs/mom6-panan/panan-01-zstar-2001rerun/output005/20010901.ocean_daily_2001_264.nc,ocean.1day.nv:2.xh:3600.yh:845,1day,"2001-09-21, 00:00:00","2001-09-22, 00:00:00","['average_DT', 'average_T1', 'average_T2', 'mlotst', 'nv', 'time', 'time_bnds', 'xh', 'yh', 'zos']","['Length of average period', 'Start time for average period', 'End time for average period', 'Ocean Mixed Layer Thickness Defined by Sigma T', 'vertex number', 'time', 'time axis boundaries', 'h point nominal longitude', 'h point nominal latitude', 'Sea surface height above geoid']","['', '', '', 'ocean_mixed_layer_thickness_defined_by_sigma_t', '', '', '', '', '', 'sea_surface_height_above_geoid']","['', '', '', 'area:mean yh:mean xh:mean time: mean', '', '', '', '', '', 'area:mean yh:mean xh:mean time: mean']","['days', 'days since 1991-01-01 00:00:00', 'days since 1991-01-01 00:00:00', 'm', '', 'days since 1991-01-01 00:00:00', 'days', 'degrees_east', 'degrees_north', 'm']",ocean
20010901.ocean_daily_2001_265.nc,/g/data/ik11/outputs/mom6-panan/panan-01-zstar-2001rerun/output005/20010901.ocean_daily_2001_265.nc,ocean.1day.nv:2.xh:3600.yh:845,1day,"2001-09-22, 00:00:00","2001-09-23, 00:00:00","['average_DT', 'average_T1', 'average_T2', 'mlotst', 'nv', 'time', 'time_bnds', 'xh', 'yh', 'zos']","['Length of average period', 'Start time for average period', 'End time for average period', 'Ocean Mixed Layer Thickness Defined by Sigma T', 'vertex number', 'time', 'time axis boundaries', 'h point nominal longitude', 'h point nominal latitude', 'Sea surface height above geoid']","['', '', '', 'ocean_mixed_layer_thickness_defined_by_sigma_t', '', '', '', '', '', 'sea_surface_height_above_geoid']","['', '', '', 'area:mean yh:mean xh:mean time: mean', '', '', '', '', '', 'area:mean yh:mean xh:mean time: mean']","['days', 'days since 1991-01-01 00:00:00', 'days since 1991-01-01 00:00:00', 'm', '', 'days since 1991-01-01 00:00:00', 'days', 'degrees_east', 'degrees_north', 'm']",ocean
20010901.ocean_daily_2001_266.nc,/g/data/ik11/outputs/mom6-panan/panan-01-zstar-2001rerun/output005/20010901.ocean_daily_2001_266.nc,ocean.1day.nv:2.xh:3600.yh:845,1day,"2001-09-23, 00:00:00","2001-09-24, 00:00:00","['average_DT', 'average_T1', 'average_T2', 'mlotst', 'nv', 'time', 'time_bnds', 'xh', 'yh', 'zos']","['Length of average period', 'Start time for average period', 'End time for average period', 'Ocean Mixed Layer Thickness Defined by Sigma T', 'vertex number', 'time', 'time axis boundaries', 'h point nominal longitude', 'h point nominal latitude', 'Sea surface height above geoid']","['', '', '', 'ocean_mixed_layer_thickness_defined_by_sigma_t', '', '', '', '', '', 'sea_surface_height_above_geoid']","['', '', '', 'area:mean yh:mean xh:mean time: mean', '', '', '', '', '', 'area:mean yh:mean xh:mean time: mean']","['days', 'days since 1991-01-01 00:00:00', 'days since 1991-01-01 00:00:00', 'm', '', 'days since 1991-01-01 00:00:00', 'days', 'degrees_east', 'degrees_north', 'm']",ocean
20010901.ocean_daily_2001_267.nc,/g/data/ik11/outputs/mom6-panan/panan-01-zstar-2001rerun/output005/20010901.ocean_daily_2001_267.nc,ocean.1day.nv:2.xh:3600.yh:845,1day,"2001-09-24, 00:00:00","2001-09-25, 00:00:00","['average_DT', 'average_T1', 'average_T2', 'mlotst', 'nv', 'time', 'time_bnds', 'xh', 'yh', 'zos']","['Length of average period', 'Start time for average period', 'End time for average period', 'Ocean Mixed Layer Thickness Defined by Sigma T', 'vertex number', 'time', 'time axis boundaries', 'h point nominal longitude', 'h point nominal latitude', 'Sea surface height above geoid']","['', '', '', 'ocean_mixed_layer_thickness_defined_by_sigma_t', '', '', '', '', '', 'sea_surface_height_above_geoid']","['', '', '', 'area:mean yh:mean xh:mean time: mean', '', '', '', '', '', 'area:mean yh:mean xh:mean time: mean']","['days', 'days since 1991-01-01 00:00:00', 'days since 1991-01-01 00:00:00', 'm', '', 'days since 1991-01-01 00:00:00', 'days', 'degrees_east', 'degrees_north', 'm']",ocean
20010901.ocean_daily_2001_268.nc,/g/data/ik11/outputs/mom6-panan/panan-01-zstar-2001rerun/output005/20010901.ocean_daily_2001_268.nc,ocean.1day.nv:2.xh:3600.yh:845,1day,"2001-09-25, 00:00:00","2001-09-26, 00:00:00","['average_DT', 'average_T1', 'average_T2', 'mlotst', 'nv', 'time', 'time_bnds', 'xh', 'yh', 'zos']","['Length of average period', 'Start time for average period', 'End time for average period', 'Ocean Mixed Layer Thickness Defined by Sigma T', 'vertex number', 'time', 'time axis boundaries', 'h point nominal longitude', 'h point nominal latitude', 'Sea surface height above geoid']","['', '', '', 'ocean_mixed_layer_thickness_defined_by_sigma_t', '', '', '', '', '', 'sea_surface_height_above_geoid']","['', '', '', 'area:mean yh:mean xh:mean time: mean', '', '', '', '', '', 'area:mean yh:mean xh:mean time: mean']","['days', 'days since 1991-01-01 00:00:00', 'days since 1991-01-01 00:00:00', 'm', '', 'days since 1991-01-01 00:00:00', 'days', 'degrees_east', 'degrees_north', 'm']",ocean
20010901.ocean_daily_2001_269.nc,/g/data/ik11/outputs/mom6-panan/panan-01-zstar-2001rerun/output005/20010901.ocean_daily_2001_269.nc,ocean.1day.nv:2.xh:3600.yh:845,1day,"2001-09-26, 00:00:00","2001-09-27, 00:00:00","['average_DT', 'average_T1', 'average_T2', 'mlotst', 'nv', 'time', 'time_bnds', 'xh', 'yh', 'zos']","['Length of average period', 'Start time for average period', 'End time for average period', 'Ocean Mixed Layer Thickness Defined by Sigma T', 'vertex number', 'time', 'time axis boundaries', 'h point nominal longitude', 'h point nominal latitude', 'Sea surface height above geoid']","['', '', '', 'ocean_mixed_layer_thickness_defined_by_sigma_t', '', '', '', '', '', 'sea_surface_height_above_geoid']","['', '', '', 'area:mean yh:mean xh:mean time: mean', '', '', '', '', '', 'area:mean yh:mean xh:mean time: mean']","['days', 'days since 1991-01-01 00:00:00', 'days since 1991-01-01 00:00:00', 'm', '', 'days since 1991-01-01 00:00:00', 'days', 'degrees_east', 'degrees_north', 'm']",ocean
20010901.ocean_daily_2001_270.nc,/g/data/ik11/outputs/mom6-panan/panan-01-zstar-2001rerun/output005/20010901.ocean_daily_2001_270.nc,ocean.1day.nv:2.xh:3600.yh:845,1day,"2001-09-27, 00:00:00","2001-09-28, 00:00:00","['average_DT', 'average_T1', 'average_T2', 'mlotst', 'nv', 'time', 'time_bnds', 'xh', 'yh', 'zos']","['Length of average period', 'Start time for average period', 'End time for average period', 'Ocean Mixed Layer Thickness Defined by Sigma T', 'vertex number', 'time', 'time axis boundaries', 'h point nominal longitude', 'h point nominal latitude', 'Sea surface height above geoid']","['', '', '', 'ocean_mixed_layer_thickness_defined_by_sigma_t', '', '', '', '', '', 'sea_surface_height_above_geoid']","['', '', '', 'area:mean yh:mean xh:mean time: mean', '', '', '', '', '', 'area:mean yh:mean xh:mean time: mean']","['days', 'days since 1991-01-01 00:00:00', 'days since 1991-01-01 00:00:00', 'm', '', 'days since 1991-01-01 00:00:00', 'days', 'degrees_east', 'degrees_north', 'm']",ocean
20010901.ocean_daily_2001_271.nc,/g/data/ik11/outputs/mom6-panan/panan-01-zstar-2001rerun/output005/20010901.ocean_daily_2001_271.nc,ocean.1day.nv:2.xh:3600.yh:845,1day,"2001-09-28, 00:00:00","2001-09-29, 00:00:00","['average_DT', 'average_T1', 'average_T2', 'mlotst', 'nv', 'time', 'time_bnds', 'xh', 'yh', 'zos']","['Length of average period', 'Start time for average period', 'End time for average period', 'Ocean Mixed Layer Thickness Defined by Sigma T', 'vertex number', 'time', 'time axis boundaries', 'h point nominal longitude', 'h point nominal latitude', 'Sea surface height above geoid']","['', '', '', 'ocean_mixed_layer_thickness_defined_by_sigma_t', '', '', '', '', '', 'sea_surface_height_above_geoid']","['', '', '', 'area:mean yh:mean xh:mean time: mean', '', '', '', '', '', 'area:mean yh:mean xh:mean time: mean']","['days', 'days since 1991-01-01 00:00:00', 'days since 1991-01-01 00:00:00', 'm', '', 'days since 1991-01-01 00:00:00', 'days', 'degrees_east', 'degrees_north', 'm']",ocean
20010901.ocean_daily_2001_272.nc,/g/data/ik11/outputs/mom6-panan/panan-01-zstar-2001rerun/output005/20010901.ocean_daily_2001_272.nc,ocean.1day.nv:2.xh:3600.yh:845,1day,"2001-09-29, 00:00:00","2001-09-30, 00:00:00","['average_DT', 'average_T1', 'average_T2', 'mlotst', 'nv', 'time', 'time_bnds', 'xh', 'yh', 'zos']","['Length of average period', 'Start time for average period', 'End time for average period', 'Ocean Mixed Layer Thickness Defined by Sigma T', 'vertex number', 'time', 'time axis boundaries', 'h point nominal longitude', 'h point nominal latitude', 'Sea surface height above geoid']","['', '', '', 'ocean_mixed_layer_thickness_defined_by_sigma_t', '', '', '', '', '', 'sea_surface_height_above_geoid']","['', '', '', 'area:mean yh:mean xh:mean time: mean', '', '', '', '', '', 'area:mean yh:mean xh:mean time: mean']","['days', 'days since 1991-01-01 00:00:00', 'days since 1991-01-01 00:00:00', 'm', '', 'days since 1991-01-01 00:00:00', 'days', 'degrees_east', 'degrees_north', 'm']",ocean
20010901.ocean_daily_2001_273.nc,/g/data/ik11/outputs/mom6-panan/panan-01-zstar-2001rerun/output005/20010901.ocean_daily_2001_273.nc,ocean.1day.nv:2.xh:3600.yh:845,1day,"2001-09-30, 00:00:00","2001-10-01, 00:00:00","['average_DT', 'average_T1', 'average_T2', 'mlotst', 'nv', 'time', 'time_bnds', 'xh', 'yh', 'zos']","['Length of average period', 'Start time for average period', 'End time for average period', 'Ocean Mixed Layer Thickness Defined by Sigma T', 'vertex number', 'time', 'time axis boundaries', 'h point nominal longitude', 'h point nominal latitude', 'Sea surface height above geoid']","['', '', '', 'ocean_mixed_layer_thickness_defined_by_sigma_t', '', '', '', '', '', 'sea_surface_height_above_geoid']","['', '', '', 'area:mean yh:mean xh:mean time: mean', '', '', '', '', '', 'area:mean yh:mean xh:mean time: mean']","['days', 'days since 1991-01-01 00:00:00', 'days since 1991-01-01 00:00:00', 'm', '', 'days since 1991-01-01 00:00:00', 'days', 'degrees_east', 'degrees_north', 'm']",ocean
20010901.ocean_daily_2001_274.nc,/g/data/ik11/outputs/mom6-panan/panan-01-zstar-2001rerun/output005/20010901.ocean_daily_2001_274.nc,ocean.1day.nv:2.xh:3600.yh:845,1day,"2001-10-01, 00:00:00","2001-10-02, 00:00:00","['average_DT', 'average_T1', 'average_T2', 'mlotst', 'nv', 'time', 'time_bnds', 'xh', 'yh', 'zos']","['Length of average period', 'Start time for average period', 'End time for average period', 'Ocean Mixed Layer Thickness Defined by Sigma T', 'vertex number', 'time', 'time axis boundaries', 'h point nominal longitude', 'h point nominal latitude', 'Sea surface height above geoid']","['', '', '', 'ocean_mixed_layer_thickness_defined_by_sigma_t', '', '', '', '', '', 'sea_surface_height_above_geoid']","['', '', '', 'area:mean yh:mean xh:mean time: mean', '', '', '', '', '', 'area:mean yh:mean xh:mean time: mean']","['days', 'days since 1991-01-01 00:00:00', 'days since 1991-01-01 00:00:00', 'm', '', 'days since 1991-01-01 00:00:00', 'days', 'degrees_east', 'degrees_north', 'm']",ocean
20010901.ocean_daily_2001_275.nc,/g/data/ik11/outputs/mom6-panan/panan-01-zstar-2001rerun/output005/20010901.ocean_daily_2001_275.nc,ocean.1day.nv:2.xh:3600.yh:845,1day,"2001-10-02, 00:00:00","2001-10-03, 00:00:00","['average_DT', 'average_T1', 'average_T2', 'mlotst', 'nv', 'time', 'time_bnds', 'xh', 'yh', 'zos']","['Length of average period', 'Start time for average period', 'End time for average period', 'Ocean Mixed Layer Thickness Defined by Sigma T', 'vertex number', 'time', 'time axis boundaries', 'h point nominal longitude', 'h point nominal latitude', 'Sea surface height above geoid']","['', '', '', 'ocean_mixed_layer_thickness_defined_by_sigma_t', '', '', '', '', '', 'sea_surface_height_above_geoid']","['', '', '', 'area:mean yh:mean xh:mean time: mean', '', '', '', '', '', 'area:mean yh:mean xh:mean time: mean']","['days', 'days since 1991-01-01 00:00:00', 'days since 1991-01-01 00:00:00', 'm', '', 'days since 1991-01-01 00:00:00', 'days', 'degrees_east', 'degrees_north', 'm']",ocean
20010901.ocean_daily_2001_276.nc,/g/data/ik11/outputs/mom6-panan/panan-01-zstar-2001rerun/output005/20010901.ocean_daily_2001_276.nc,ocean.1day.nv:2.xh:3600.yh:845,1day,"2001-10-03, 00:00:00","2001-10-04, 00:00:00","['average_DT', 'average_T1', 'average_T2', 'mlotst', 'nv', 'time', 'time_bnds', 'xh', 'yh', 'zos']","['Length of average period', 'Start time for average period', 'End time for average period', 'Ocean Mixed Layer Thickness Defined by Sigma T', 'vertex number', 'time', 'time axis boundaries', 'h point nominal longitude', 'h point nominal latitude', 'Sea surface height above geoid']","['', '', '', 'ocean_mixed_layer_thickness_defined_by_sigma_t', '', '', '', '', '', 'sea_surface_height_above_geoid']","['', '', '', 'area:mean yh:mean xh:mean time: mean', '', '', '', '', '', 'area:mean yh:mean xh:mean time: mean']","['days', 'days since 1991-01-01 00:00:00', 'days since 1991-01-01 00:00:00', 'm', '', 'days since 1991-01-01 00:00:00', 'days', 'degrees_east', 'degrees_north', 'm']",ocean
20010901.ocean_daily_2001_277.nc,/g/data/ik11/outputs/mom6-panan/panan-01-zstar-2001rerun/output005/20010901.ocean_daily_2001_277.nc,ocean.1day.nv:2.xh:3600.yh:845,1day,"2001-10-04, 00:00:00","2001-10-05, 00:00:00","['average_DT', 'average_T1', 'average_T2', 'mlotst', 'nv', 'time', 'time_bnds', 'xh', 'yh', 'zos']","['Length of average period', 'Start time for average period', 'End time for average period', 'Ocean Mixed Layer Thickness Defined by Sigma T', 'vertex number', 'time', 'time axis boundaries', 'h point nominal longitude', 'h point nominal latitude', 'Sea surface height above geoid']","['', '', '', 'ocean_mixed_layer_thickness_defined_by_sigma_t', '', '', '', '', '', 'sea_surface_height_above_geoid']","['', '', '', 'area:mean yh:mean xh:mean time: mean', '', '', '', '', '', 'area:mean yh:mean xh:mean time: mean']","['days', 'days since 1991-01-01 00:00:00', 'days since 1991-01-01 00:00:00', 'm', '', 'days since 1991-01-01 00:00:00', 'days', 'degrees_east', 'degrees_north', 'm']",ocean
20010901.ocean_daily_2001_278.nc,/g/data/ik11/outputs/mom6-panan/panan-01-zstar-2001rerun/output005/20010901.ocean_daily_2001_278.nc,ocean.1day.nv:2.xh:3600.yh:845,1day,"2001-10-05, 00:00:00","2001-10-06, 00:00:00","['average_DT', 'average_T1', 'average_T2', 'mlotst', 'nv', 'time', 'time_bnds', 'xh', 'yh', 'zos']","['Length of average period', 'Start time for average period', 'End time for average period', 'Ocean Mixed Layer Thickness Defined by Sigma T', 'vertex number', 'time', 'time axis boundaries', 'h point nominal longitude', 'h point nominal latitude', 'Sea surface height above geoid']","['', '', '', 'ocean_mixed_layer_thickness_defined_by_sigma_t', '', '', '', '', '', 'sea_surface_height_above_geoid']","['', '', '', 'area:mean yh:mean xh:mean time: mean', '', '', '', '', '', 'area:mean yh:mean xh:mean time: mean']","['days', 'days since 1991-01-01 00:00:00', 'days since 1991-01-01 00:00:00', 'm', '', 'days since 1991-01-01 00:00:00', 'days', 'degrees_east', 'degrees_north', 'm']",ocean
20010901.ocean_daily_2001_279.nc,/g/data/ik11/outputs/mom6-panan/panan-01-zstar-2001rerun/output005/20010901.ocean_daily_2001_279.nc,ocean.1day.nv:2.xh:3600.yh:845,1day,"2001-10-06, 00:00:00","2001-10-07, 00:00:00","['average_DT', 'average_T1', 'average_T2', 'mlotst', 'nv', 'time', 'time_bnds', 'xh', 'yh', 'zos']","['Length of average period', 'Start time for average period', 'End time for average period', 'Ocean Mixed Layer Thickness Defined by Sigma T', 'vertex number', 'time', 'time axis boundaries', 'h point nominal longitude', 'h point nominal latitude', 'Sea surface height above geoid']","['', '', '', 'ocean_mixed_layer_thickness_defined_by_sigma_t', '', '', '', '', '', 'sea_surface_height_above_geoid']","['', '', '', 'area:mean yh:mean xh:mean time: mean', '', '', '', '', '', 'area:mean yh:mean xh:mean time: mean']","['days', 'days since 1991-01-01 00:00:00', 'days since 1991-01-01 00:00:00', 'm', '', 'days since 1991-01-01 00:00:00', 'days', 'degrees_east', 'degrees_north', 'm']",ocean
20010901.ocean_daily_2001_280.nc,/g/data/ik11/outputs/mom6-panan/panan-01-zstar-2001rerun/output005/20010901.ocean_daily_2001_280.nc,ocean.1day.nv:2.xh:3600.yh:845,1day,"2001-10-07, 00:00:00","2001-10-08, 00:00:00","['average_DT', 'average_T1', 'average_T2', 'mlotst', 'nv', 'time', 'time_bnds', 'xh', 'yh', 'zos']","['Length of average period', 'Start time for average period', 'End time for average period', 'Ocean Mixed Layer Thickness Defined by Sigma T', 'vertex number', 'time', 'time axis boundaries', 'h point nominal longitude', 'h point nominal latitude', 'Sea surface height above geoid']","['', '', '', 'ocean_mixed_layer_thickness_defined_by_sigma_t', '', '', '', '', '', 'sea_surface_height_above_geoid']","['', '', '', 'area:mean yh:mean xh:mean time: mean', '', '', '', '', '', 'area:mean yh:mean xh:mean time: mean']","['days', 'days since 1991-01-01 00:00:00', 'days since 1991-01-01 00:00:00', 'm', '', 'days since 1991-01-01 00:00:00', 'days', 'degrees_east', 'degrees_north', 'm']",ocean
20010901.ocean_daily_2001_281.nc,/g/data/ik11/outputs/mom6-panan/panan-01-zstar-2001rerun/output005/20010901.ocean_daily_2001_281.nc,ocean.1day.nv:2.xh:3600.yh:845,1day,"2001-10-08, 00:00:00","2001-10-09, 00:00:00","['average_DT', 'average_T1', 'average_T2', 'mlotst', 'nv', 'time', 'time_bnds', 'xh', 'yh', 'zos']","['Length of average period', 'Start time for average period', 'End time for average period', 'Ocean Mixed Layer Thickness Defined by Sigma T', 'vertex number', 'time', 'time axis boundaries', 'h point nominal longitude', 'h point nominal latitude', 'Sea surface height above geoid']","['', '', '', 'ocean_mixed_layer_thickness_defined_by_sigma_t', '', '', '', '', '', 'sea_surface_height_above_geoid']","['', '', '', 'area:mean yh:mean xh:mean time: mean', '', '', '', '', '', 'area:mean yh:mean xh:mean time: mean']","['days', 'days since 1991-01-01 00:00:00', 'days since 1991-01-01 00:00:00', 'm', '', 'days since 1991-01-01 00:00:00', 'days', 'degrees_east', 'degrees_north', 'm']",ocean
20010901.ocean_daily_2001_282.nc,/g/data/ik11/outputs/mom6-panan/panan-01-zstar-2001rerun/output005/20010901.ocean_daily_2001_282.nc,ocean.1day.nv:2.xh:3600.yh:845,1day,"2001-10-09, 00:00:00","2001-10-10, 00:00:00","['average_DT', 'average_T1', 'average_T2', 'mlotst', 'nv', 'time', 'time_bnds', 'xh', 'yh', 'zos']","['Length of average period', 'Start time for average period', 'End time for average period', 'Ocean Mixed Layer Thickness Defined by Sigma T', 'vertex number', 'time', 'time axis boundaries', 'h point nominal longitude', 'h point nominal latitude', 'Sea surface height above geoid']","['', '', '', 'ocean_mixed_layer_thickness_defined_by_sigma_t', '', '', '', '', '', 'sea_surface_height_above_geoid']","['', '', '', 'area:mean yh:mean xh:mean time: mean', '', '', '', '', '', 'area:mean yh:mean xh:mean time: mean']","['days', 'days since 1991-01-01 00:00:00', 'days since 1991-01-01 00:00:00', 'm', '', 'days since 1991-01-01 00:00:00', 'days', 'degrees_east', 'degrees_north', 'm']",ocean
20010901.ocean_daily_2001_283.nc,/g/data/ik11/outputs/mom6-panan/panan-01-zstar-2001rerun/output005/20010901.ocean_daily_2001_283.nc,ocean.1day.nv:2.xh:3600.yh:845,1day,"2001-10-10, 00:00:00","2001-10-11, 00:00:00","['average_DT', 'average_T1', 'average_T2', 'mlotst', 'nv', 'time', 'time_bnds', 'xh', 'yh', 'zos']","['Length of average period', 'Start time for average period', 'End time for average period', 'Ocean Mixed Layer Thickness Defined by Sigma T', 'vertex number', 'time', 'time axis boundaries', 'h point nominal longitude', 'h point nominal latitude', 'Sea surface height above geoid']","['', '', '', 'ocean_mixed_layer_thickness_defined_by_sigma_t', '', '', '', '', '', 'sea_surface_height_above_geoid']","['', '', '', 'area:mean yh:mean xh:mean time: mean', '', '', '', '', '', 'area:mean yh:mean xh:mean time: mean']","['days', 'days since 1991-01-01 00:00:00', 'days since 1991-01-01 00:00:00', 'm', '', 'days since 1991-01-01 00:00:00', 'days', 'degrees_east', 'degrees_north', 'm']",ocean
20010901.ocean_daily_2001_284.nc,/g/data/ik11/outputs/mom6-panan/panan-01-zstar-2001rerun/output005/20010901.ocean_daily_2001_284.nc,ocean.1day.nv:2.xh:3600.yh:845,1day,"2001-10-11, 00:00:00","2001-10-12, 00:00:00","['average_DT', 'average_T1', 'average_T2', 'mlotst', 'nv', 'time', 'time_bnds', 'xh', 'yh', 'zos']","['Length of average period', 'Start time for average period', 'End time for average period', 'Ocean Mixed Layer Thickness Defined by Sigma T', 'vertex number', 'time', 'time axis boundaries', 'h point nominal longitude', 'h point nominal latitude', 'Sea surface height above geoid']","['', '', '', 'ocean_mixed_layer_thickness_defined_by_sigma_t', '', '', '', '', '', 'sea_surface_height_above_geoid']","['', '', '', 'area:mean yh:mean xh:mean time: mean', '', '', '', '', '', 'area:mean yh:mean xh:mean time: mean']","['days', 'days since 1991-01-01 00:00:00', 'days since 1991-01-01 00:00:00', 'm', '', 'days since 1991-01-01 00:00:00', 'days', 'degrees_east', 'degrees_north', 'm']",ocean
20010901.ocean_daily_2001_285.nc,/g/data/ik11/outputs/mom6-panan/panan-01-zstar-2001rerun/output005/20010901.ocean_daily_2001_285.nc,ocean.1day.nv:2.xh:3600.yh:845,1day,"2001-10-12, 00:00:00","2001-10-13, 00:00:00","['average_DT', 'average_T1', 'average_T2', 'mlotst', 'nv', 'time', 'time_bnds', 'xh', 'yh', 'zos']","['Length of average period', 'Start time for average period', 'End time for average period', 'Ocean Mixed Layer Thickness Defined by Sigma T', 'vertex number', 'time', 'time axis boundaries', 'h point nominal longitude', 'h point nominal latitude', 'Sea surface height above geoid']","['', '', '', 'ocean_mixed_layer_thickness_defined_by_sigma_t', '', '', '', '', '', 'sea_surface_height_above_geoid']","['', '', '', 'area:mean yh:mean xh:mean time: mean', '', '', '', '', '', 'area:mean yh:mean xh:mean time: mean']","['days', 'days since 1991-01-01 00:00:00', 'days since 1991-01-01 00:00:00', 'm', '', 'days since 1991-01-01 00:00:00', 'days', 'degrees_east', 'degrees_north', 'm']",ocean
20010901.ocean_daily_2001_286.nc,/g/data/ik11/outputs/mom6-panan/panan-01-zstar-2001rerun/output005/20010901.ocean_daily_2001_286.nc,ocean.1day.nv:2.xh:3600.yh:845,1day,"2001-10-13, 00:00:00","2001-10-14, 00:00:00","['average_DT', 'average_T1', 'average_T2', 'mlotst', 'nv', 'time', 'time_bnds', 'xh', 'yh', 'zos']","['Length of average period', 'Start time for average period', 'End time for average period', 'Ocean Mixed Layer Thickness Defined by Sigma T', 'vertex number', 'time', 'time axis boundaries', 'h point nominal longitude', 'h point nominal latitude', 'Sea surface height above geoid']","['', '', '', 'ocean_mixed_layer_thickness_defined_by_sigma_t', '', '', '', '', '', 'sea_surface_height_above_geoid']","['', '', '', 'area:mean yh:mean xh:mean time: mean', '', '', '', '', '', 'area:mean yh:mean xh:mean time: mean']","['days', 'days since 1991-01-01 00:00:00', 'days since 1991-01-01 00:00:00', 'm', '', 'days since 1991-01-01 00:00:00', 'days', 'degrees_east', 'degrees_north', 'm']",ocean
20010901.ocean_daily_2001_287.nc,/g/data/ik11/outputs/mom6-panan/panan-01-zstar-2001rerun/output005/20010901.ocean_daily_2001_287.nc,ocean.1day.nv:2.xh:3600.yh:845,1day,"2001-10-14, 00:00:00","2001-10-15, 00:00:00","['average_DT', 'average_T1', 'average_T2', 'mlotst', 'nv', 'time', 'time_bnds', 'xh', 'yh', 'zos']","['Length of average period', 'Start time for average period', 'End time for average period', 'Ocean Mixed Layer Thickness Defined by Sigma T', 'vertex number', 'time', 'time axis boundaries', 'h point nominal longitude', 'h point nominal latitude', 'Sea surface height above geoid']","['', '', '', 'ocean_mixed_layer_thickness_defined_by_sigma_t', '', '', '', '', '', 'sea_surface_height_above_geoid']","['', '', '', 'area:mean yh:mean xh:mean time: mean', '', '', '', '', '', 'area:mean yh:mean xh:mean time: mean']","['days', 'days since 1991-01-01 00:00:00', 'days since 1991-01-01 00:00:00', 'm', '', 'days since 1991-01-01 00:00:00', 'days', 'degrees_east', 'degrees_north', 'm']",ocean
20010901.ocean_daily_2001_288.nc,/g/data/ik11/outputs/mom6-panan/panan-01-zstar-2001rerun/output005/20010901.ocean_daily_2001_288.nc,ocean.1day.nv:2.xh:3600.yh:845,1day,"2001-10-15, 00:00:00","2001-10-16, 00:00:00","['average_DT', 'average_T1', 'average_T2', 'mlotst', 'nv', 'time', 'time_bnds', 'xh', 'yh', 'zos']","['Length of average period', 'Start time for average period', 'End time for average period', 'Ocean Mixed Layer Thickness Defined by Sigma T', 'vertex number', 'time', 'time axis boundaries', 'h point nominal longitude', 'h point nominal latitude', 'Sea surface height above geoid']","['', '', '', 'ocean_mixed_layer_thickness_defined_by_sigma_t', '', '', '', '', '', 'sea_surface_height_above_geoid']","['', '', '', 'area:mean yh:mean xh:mean time: mean', '', '', '', '', '', 'area:mean yh:mean xh:mean time: mean']","['days', 'days since 1991-01-01 00:00:00', 'days since 1991-01-01 00:00:00', 'm', '', 'days since 1991-01-01 00:00:00', 'days', 'degrees_east', 'degrees_north', 'm']",ocean
20010901.ocean_daily_2001_289.nc,/g/data/ik11/outputs/mom6-panan/panan-01-zstar-2001rerun/output005/20010901.ocean_daily_2001_289.nc,ocean.1day.nv:2.xh:3600.yh:845,1day,"2001-10-16, 00:00:00","2001-10-17, 00:00:00","['average_DT', 'average_T1', 'average_T2', 'mlotst', 'nv', 'time', 'time_bnds', 'xh', 'yh', 'zos']","['Length of average period', 'Start time for average period', 'End time for average period', 'Ocean Mixed Layer Thickness Defined by Sigma T', 'vertex number', 'time', 'time axis boundaries', 'h point nominal longitude', 'h point nominal latitude', 'Sea surface height above geoid']","['', '', '', 'ocean_mixed_layer_thickness_defined_by_sigma_t', '', '', '', '', '', 'sea_surface_height_above_geoid']","['', '', '', 'area:mean yh:mean xh:mean time: mean', '', '', '', '', '', 'area:mean yh:mean xh:mean time: mean']","['days', 'days since 1991-01-01 00:00:00', 'days since 1991-01-01 00:00:00', 'm', '', 'days since 1991-01-01 00:00:00', 'days', 'degrees_east', 'degrees_north', 'm']",ocean
20010901.ocean_daily_2001_290.nc,/g/data/ik11/outputs/mom6-panan/panan-01-zstar-2001rerun/output005/20010901.ocean_daily_2001_290.nc,ocean.1day.nv:2.xh:3600.yh:845,1day,"2001-10-17, 00:00:00","2001-10-18, 00:00:00","['average_DT', 'average_T1', 'average_T2', 'mlotst', 'nv', 'time', 'time_bnds', 'xh', 'yh', 'zos']","['Length of average period', 'Start time for average period', 'End time for average period', 'Ocean Mixed Layer Thickness Defined by Sigma T', 'vertex number', 'time', 'time axis boundaries', 'h point nominal longitude', 'h point nominal latitude', 'Sea surface height above geoid']","['', '', '', 'ocean_mixed_layer_thickness_defined_by_sigma_t', '', '', '', '', '', 'sea_surface_height_above_geoid']","['', '', '', 'area:mean yh:mean xh:mean time: mean', '', '', '', '', '', 'area:mean yh:mean xh:mean time: mean']","['days', 'days since 1991-01-01 00:00:00', 'days since 1991-01-01 00:00:00', 'm', '', 'days since 1991-01-01 00:00:00', 'days', 'degrees_east', 'degrees_north', 'm']",ocean
20010901.ocean_daily_2001_291.nc,/g/data/ik11/outputs/mom6-panan/panan-01-zstar-2001rerun/output005/20010901.ocean_daily_2001_291.nc,ocean.1day.nv:2.xh:3600.yh:845,1day,"2001-10-18, 00:00:00","2001-10-19, 00:00:00","['average_DT', 'average_T1', 'average_T2', 'mlotst', 'nv', 'time', 'time_bnds', 'xh', 'yh', 'zos']","['Length of average period', 'Start time for average period', 'End time for average period', 'Ocean Mixed Layer Thickness Defined by Sigma T', 'vertex number', 'time', 'time axis boundaries', 'h point nominal longitude', 'h point nominal latitude', 'Sea surface height above geoid']","['', '', '', 'ocean_mixed_layer_thickness_defined_by_sigma_t', '', '', '', '', '', 'sea_surface_height_above_geoid']","['', '', '', 'area:mean yh:mean xh:mean time: mean', '', '', '', '', '', 'area:mean yh:mean xh:mean time: mean']","['days', 'days since 1991-01-01 00:00:00', 'days since 1991-01-01 00:00:00', 'm', '', 'days since 1991-01-01 00:00:00', 'days', 'degrees_east', 'degrees_north', 'm']",ocean
20010901.ocean_daily_2001_292.nc,/g/data/ik11/outputs/mom6-panan/panan-01-zstar-2001rerun/output005/20010901.ocean_daily_2001_292.nc,ocean.1day.nv:2.xh:3600.yh:845,1day,"2001-10-19, 00:00:00","2001-10-20, 00:00:00","['average_DT', 'average_T1', 'average_T2', 'mlotst', 'nv', 'time', 'time_bnds', 'xh', 'yh', 'zos']","['Length of average period', 'Start time for average period', 'End time for average period', 'Ocean Mixed Layer Thickness Defined by Sigma T', 'vertex number', 'time', 'time axis boundaries', 'h point nominal longitude', 'h point nominal latitude', 'Sea surface height above geoid']","['', '', '', 'ocean_mixed_layer_thickness_defined_by_sigma_t', '', '', '', '', '', 'sea_surface_height_above_geoid']","['', '', '', 'area:mean yh:mean xh:mean time: mean', '', '', '', '', '', 'area:mean yh:mean xh:mean time: mean']","['days', 'days since 1991-01-01 00:00:00', 'days since 1991-01-01 00:00:00', 'm', '', 'days since 1991-01-01 00:00:00', 'days', 'degrees_east', 'degrees_north', 'm']",ocean
20010901.ocean_daily_2001_293.nc,/g/data/ik11/outputs/mom6-panan/panan-01-zstar-2001rerun/output005/20010901.ocean_daily_2001_293.nc,ocean.1day.nv:2.xh:3600.yh:845,1day,"2001-10-20, 00:00:00","2001-10-21, 00:00:00","['average_DT', 'average_T1', 'average_T2', 'mlotst', 'nv', 'time', 'time_bnds', 'xh', 'yh', 'zos']","['Length of average period', 'Start time for average period', 'End time for average period', 'Ocean Mixed Layer Thickness Defined by Sigma T', 'vertex number', 'time', 'time axis boundaries', 'h point nominal longitude', 'h point nominal latitude', 'Sea surface height above geoid']","['', '', '', 'ocean_mixed_layer_thickness_defined_by_sigma_t', '', '', '', '', '', 'sea_surface_height_above_geoid']","['', '', '', 'area:mean yh:mean xh:mean time: mean', '', '', '', '', '', 'area:mean yh:mean xh:mean time: mean']","['days', 'days since 1991-01-01 00:00:00', 'days since 1991-01-01 00:00:00', 'm', '', 'days since 1991-01-01 00:00:00', 'days', 'degrees_east', 'degrees_north', 'm']",ocean
20010901.ocean_daily_2001_294.nc,/g/data/ik11/outputs/mom6-panan/panan-01-zstar-2001rerun/output005/20010901.ocean_daily_2001_294.nc,ocean.1day.nv:2.xh:3600.yh:845,1day,"2001-10-21, 00:00:00","2001-10-22, 00:00:00","['average_DT', 'average_T1', 'average_T2', 'mlotst', 'nv', 'time', 'time_bnds', 'xh', 'yh', 'zos']","['Length of average period', 'Start time for average period', 'End time for average period', 'Ocean Mixed Layer Thickness Defined by Sigma T', 'vertex number', 'time', 'time axis boundaries', 'h point nominal longitude', 'h point nominal latitude', 'Sea surface height above geoid']","['', '', '', 'ocean_mixed_layer_thickness_defined_by_sigma_t', '', '', '', '', '', 'sea_surface_height_above_geoid']","['', '', '', 'area:mean yh:mean xh:mean time: mean', '', '', '', '', '', 'area:mean yh:mean xh:mean time: mean']","['days', 'days since 1991-01-01 00:00:00', 'days since 1991-01-01 00:00:00', 'm', '', 'days since 1991-01-01 00:00:00', 'days', 'degrees_east', 'degrees_north', 'm']",ocean
20010901.ocean_daily_2001_295.nc,/g/data/ik11/outputs/mom6-panan/panan-01-zstar-2001rerun/output005/20010901.ocean_daily_2001_295.nc,ocean.1day.nv:2.xh:3600.yh:845,1day,"2001-10-22, 00:00:00","2001-10-23, 00:00:00","['average_DT', 'average_T1', 'average_T2', 'mlotst', 'nv', 'time', 'time_bnds', 'xh', 'yh', 'zos']","['Length of average period', 'Start time for average period', 'End time for average period', 'Ocean Mixed Layer Thickness Defined by Sigma T', 'vertex number', 'time', 'time axis boundaries', 'h point nominal longitude', 'h point nominal latitude', 'Sea surface height above geoid']","['', '', '', 'ocean_mixed_layer_thickness_defined_by_sigma_t', '', '', '', '', '', 'sea_surface_height_above_geoid']","['', '', '', 'area:mean yh:mean xh:mean time: mean', '', '', '', '', '', 'area:mean yh:mean xh:mean time: mean']","['days', 'days since 1991-01-01 00:00:00', 'days since 1991-01-01 00:00:00', 'm', '', 'days since 1991-01-01 00:00:00', 'days', 'degrees_east', 'degrees_north', 'm']",ocean
20010901.ocean_daily_2001_296.nc,/g/data/ik11/outputs/mom6-panan/panan-01-zstar-2001rerun/output005/20010901.ocean_daily_2001_296.nc,ocean.1day.nv:2.xh:3600.yh:845,1day,"2001-10-23, 00:00:00","2001-10-24, 00:00:00","['average_DT', 'average_T1', 'average_T2', 'mlotst', 'nv', 'time', 'time_bnds', 'xh', 'yh', 'zos']","['Length of average period', 'Start time for average period', 'End time for average period', 'Ocean Mixed Layer Thickness Defined by Sigma T', 'vertex number', 'time', 'time axis boundaries', 'h point nominal longitude', 'h point nominal latitude', 'Sea surface height above geoid']","['', '', '', 'ocean_mixed_layer_thickness_defined_by_sigma_t', '', '', '', '', '', 'sea_surface_height_above_geoid']","['', '', '', 'area:mean yh:mean xh:mean time: mean', '', '', '', '', '', 'area:mean yh:mean xh:mean time: mean']","['days', 'days since 1991-01-01 00:00:00', 'days since 1991-01-01 00:00:00', 'm', '', 'days since 1991-01-01 00:00:00', 'days', 'degrees_east', 'degrees_north', 'm']",ocean
20010901.ocean_daily_2001_297.nc,/g/data/ik11/outputs/mom6-panan/panan-01-zstar-2001rerun/output005/20010901.ocean_daily_2001_297.nc,ocean.1day.nv:2.xh:3600.yh:845,1day,"2001-10-24, 00:00:00","2001-10-25, 00:00:00","['average_DT', 'average_T1', 'average_T2', 'mlotst', 'nv', 'time', 'time_bnds', 'xh', 'yh', 'zos']","['Length of average period', 'Start time for average period', 'End time for average period', 'Ocean Mixed Layer Thickness Defined by Sigma T', 'vertex number', 'time', 'time axis boundaries', 'h point nominal longitude', 'h point nominal latitude', 'Sea surface height above geoid']","['', '', '', 'ocean_mixed_layer_thickness_defined_by_sigma_t', '', '', '', '', '', 'sea_surface_height_above_geoid']","['', '', '', 'area:mean yh:mean xh:mean time: mean', '', '', '', '', '', 'area:mean yh:mean xh:mean time: mean']","['days', 'days since 1991-01-01 00:00:00', 'days since 1991-01-01 00:00:00', 'm', '', 'days since 1991-01-01 00:00:00', 'days', 'degrees_east', 'degrees_north', 'm']",ocean
20010901.ocean_daily_2001_298.nc,/g/data/ik11/outputs/mom6-panan/panan-01-zstar-2001rerun/output005/20010901.ocean_daily_2001_298.nc,ocean.1day.nv:2.xh:3600.yh:845,1day,"2001-10-25, 00:00:00","2001-10-26, 00:00:00","['average_DT', 'average_T1', 'average_T2', 'mlotst', 'nv', 'time', 'time_bnds', 'xh', 'yh', 'zos']","['Length of average period', 'Start time for average period', 'End time for average period', 'Ocean Mixed Layer Thickness Defined by Sigma T', 'vertex number', 'time', 'time axis boundaries', 'h point nominal longitude', 'h point nominal latitude', 'Sea surface height above geoid']","['', '', '', 'ocean_mixed_layer_thickness_defined_by_sigma_t', '', '', '', '', '', 'sea_surface_height_above_geoid']","['', '', '', 'area:mean yh:mean xh:mean time: mean', '', '', '', '', '', 'area:mean yh:mean xh:mean time: mean']","['days', 'days since 1991-01-01 00:00:00', 'days since 1991-01-01 00:00:00', 'm', '', 'days since 1991-01-01 00:00:00', 'days', 'degrees_east', 'degrees_north', 'm']",ocean
20010901.ocean_daily_2001_299.nc,/g/data/ik11/outputs/mom6-panan/panan-01-zstar-2001rerun/output005/20010901.ocean_daily_2001_299.nc,ocean.1day.nv:2.xh:3600.yh:845,1day,"2001-10-26, 00:00:00","2001-10-27, 00:00:00","['average_DT', 'average_T1', 'average_T2', 'mlotst', 'nv', 'time', 'time_bnds', 'xh', 'yh', 'zos']","['Length of average period', 'Start time for average period', 'End time for average period', 'Ocean Mixed Layer Thickness Defined by Sigma T', 'vertex number', 'time', 'time axis boundaries', 'h point nominal longitude', 'h point nominal latitude', 'Sea surface height above geoid']","['', '', '', 'ocean_mixed_layer_thickness_defined_by_sigma_t', '', '', '', '', '', 'sea_surface_height_above_geoid']","['', '', '', 'area:mean yh:mean xh:mean time: mean', '', '', '', '', '', 'area:mean yh:mean xh:mean time: mean']","['days', 'days since 1991-01-01 00:00:00', 'days since 1991-01-01 00:00:00', 'm', '', 'days since 1991-01-01 00:00:00', 'days', 'degrees_east', 'degrees_north', 'm']",ocean
20010901.ocean_daily_2001_300.nc,/g/data/ik11/outputs/mom6-panan/panan-01-zstar-2001rerun/output005/20010901.ocean_daily_2001_300.nc,ocean.1day.nv:2.xh:3600.yh:845,1day,"2001-10-27, 00:00:00","2001-10-28, 00:00:00","['average_DT', 'average_T1', 'average_T2', 'mlotst', 'nv', 'time', 'time_bnds', 'xh', 'yh', 'zos']","['Length of average period', 'Start time for average period', 'End time for average period', 'Ocean Mixed Layer Thickness Defined by Sigma T', 'vertex number', 'time', 'time axis boundaries', 'h point nominal longitude', 'h point nominal latitude', 'Sea surface height above geoid']","['', '', '', 'ocean_mixed_layer_thickness_defined_by_sigma_t', '', '', '', '', '', 'sea_surface_height_above_geoid']","['', '', '', 'area:mean yh:mean xh:mean time: mean', '', '', '', '', '', 'area:mean yh:mean xh:mean time: mean']","['days', 'days since 1991-01-01 00:00:00', 'days since 1991-01-01 00:00:00', 'm', '', 'days since 1991-01-01 00:00:00', 'days', 'degrees_east', 'degrees_north', 'm']",ocean
20010901.ocean_daily_2001_301.nc,/g/data/ik11/outputs/mom6-panan/panan-01-zstar-2001rerun/output005/20010901.ocean_daily_2001_301.nc,ocean.1day.nv:2.xh:3600.yh:845,1day,"2001-10-28, 00:00:00","2001-10-29, 00:00:00","['average_DT', 'average_T1', 'average_T2', 'mlotst', 'nv', 'time', 'time_bnds', 'xh', 'yh', 'zos']","['Length of average period', 'Start time for average period', 'End time for average period', 'Ocean Mixed Layer Thickness Defined by Sigma T', 'vertex number', 'time', 'time axis boundaries', 'h point nominal longitude', 'h point nominal latitude', 'Sea surface height above geoid']","['', '', '', 'ocean_mixed_layer_thickness_defined_by_sigma_t', '', '', '', '', '', 'sea_surface_height_above_geoid']","['', '', '', 'area:mean yh:mean xh:mean time: mean', '', '', '', '', '', 'area:mean yh:mean xh:mean time: mean']","['days', 'days since 1991-01-01 00:00:00', 'days since 1991-01-01 00:00:00', 'm', '', 'days since 1991-01-01 00:00:00', 'days', 'degrees_east', 'degrees_north', 'm']",ocean
20010901.ocean_daily_2001_302.nc,/g/data/ik11/outputs/mom6-panan/panan-01-zstar-2001rerun/output005/20010901.ocean_daily_2001_302.nc,ocean.1day.nv:2.xh:3600.yh:845,1day,"2001-10-29, 00:00:00","2001-10-30, 00:00:00","['average_DT', 'average_T1', 'average_T2', 'mlotst', 'nv', 'time', 'time_bnds', 'xh', 'yh', 'zos']","['Length of average period', 'Start time for average period', 'End time for average period', 'Ocean Mixed Layer Thickness Defined by Sigma T', 'vertex number', 'time', 'time axis boundaries', 'h point nominal longitude', 'h point nominal latitude', 'Sea surface height above geoid']","['', '', '', 'ocean_mixed_layer_thickness_defined_by_sigma_t', '', '', '', '', '', 'sea_surface_height_above_geoid']","['', '', '', 'area:mean yh:mean xh:mean time: mean', '', '', '', '', '', 'area:mean yh:mean xh:mean time: mean']","['days', 'days since 1991-01-01 00:00:00', 'days since 1991-01-01 00:00:00', 'm', '', 'days since 1991-01-01 00:00:00', 'days', 'degrees_east', 'degrees_north', 'm']",ocean
20010901.ocean_daily_2001_303.nc,/g/data/ik11/outputs/mom6-panan/panan-01-zstar-2001rerun/output005/20010901.ocean_daily_2001_303.nc,ocean.1day.nv:2.xh:3600.yh:845,1day,"2001-10-30, 00:00:00","2001-10-31, 00:00:00","['average_DT', 'average_T1', 'average_T2', 'mlotst', 'nv', 'time', 'time_bnds', 'xh', 'yh', 'zos']","['Length of average period', 'Start time for average period', 'End time for average period', 'Ocean Mixed Layer Thickness Defined by Sigma T', 'vertex number', 'time', 'time axis boundaries', 'h point nominal longitude', 'h point nominal latitude', 'Sea surface height above geoid']","['', '', '', 'ocean_mixed_layer_thickness_defined_by_sigma_t', '', '', '', '', '', 'sea_surface_height_above_geoid']","['', '', '', 'area:mean yh:mean xh:mean time: mean', '', '', '', '', '', 'area:mean yh:mean xh:mean time: mean']","['days', 'days since 1991-01-01 00:00:00', 'days since 1991-01-01 00:00:00', 'm', '', 'days since 1991-01-01 00:00:00', 'days', 'degrees_east', 'degrees_north', 'm']",ocean
20010901.ocean_daily_2001_304.nc,/g/data/ik11/outputs/mom6-panan/panan-01-zstar-2001rerun/output005/20010901.ocean_daily_2001_304.nc,ocean.1day.nv:2.xh:3600.yh:845,1day,"2001-10-31, 00:00:00","2001-11-01, 00:00:00","['average_DT', 'average_T1', 'average_T2', 'mlotst', 'nv', 'time', 'time_bnds', 'xh', 'yh', 'zos']","['Length of average period', 'Start time for average period', 'End time for average period', 'Ocean Mixed Layer Thickness Defined by Sigma T', 'vertex number', 'time', 'time axis boundaries', 'h point nominal longitude', 'h point nominal latitude', 'Sea surface height above geoid']","['', '', '', 'ocean_mixed_layer_thickness_defined_by_sigma_t', '', '', '', '', '', 'sea_surface_height_above_geoid']","['', '', '', 'area:mean yh:mean xh:mean time: mean', '', '', '', '', '', 'area:mean yh:mean xh:mean time: mean']","['days', 'days since 1991-01-01 00:00:00', 'days since 1991-01-01 00:00:00', 'm', '', 'days since 1991-01-01 00:00:00', 'days', 'degrees_east', 'degrees_north', 'm']",ocean
20010901.ocean_daily_z_2001_244.nc,/g/data/ik11/outputs/mom6-panan/panan-01-zstar-2001rerun/output005/20010901.ocean_daily_z_2001_244.nc,ocean.1day.nv:2.xh:3600.xq:3601.yh:845.yq:846.z_l_sub01:1,1day,"2001-09-01, 00:00:00","2001-09-02, 00:00:00","['average_DT', 'average_T1', 'average_T2', 'nv', 'time', 'time_bnds', 'uo', 'vo', 'xh', 'xq', 'yh', 'yq', 'z_l_sub01']","['Length of average period', 'Start time for average period', 'End time for average period', 'vertex number', 'time', 'time axis boundaries', 'Sea Water X Velocity', 'Sea Water Y Velocity', 'h point nominal longitude', 'q point nominal longitude', 'h point nominal latitude', 'q point nominal latitude', 'Depth at cell center']","['', '', '', '', '', '', 'sea_water_x_velocity', 'sea_water_y_velocity', '', '', '', '', '']","['', '', '', '', '', '', 'z_l:mean yh:mean xq:point time: mean', 'z_l:mean yq:point xh:mean time: mean', '', '', '', '', '']","['days', 'days since 1991-01-01 00:00:00', 'days since 1991-01-01 00:00:00', '', 'days since 1991-01-01 00:00:00', 'days', 'm s-1', 'm s-1', 'degrees_east', 'degrees_east', 'degrees_north', 'degrees_north', 'meters']",ocean
20010901.ocean_daily_z_2001_245.nc,/g/data/ik11/outputs/mom6-panan/panan-01-zstar-2001rerun/output005/20010901.ocean_daily_z_2001_245.nc,ocean.1day.nv:2.xh:3600.xq:3601.yh:845.yq:846.z_l_sub01:1,1day,"2001-09-02, 00:00:00","2001-09-03, 00:00:00","['average_DT', 'average_T1', 'average_T2', 'nv', 'time', 'time_bnds', 'uo', 'vo', 'xh', 'xq', 'yh', 'yq', 'z_l_sub01']","['Length of average period', 'Start time for average period', 'End time for average period', 'vertex number', 'time', 'time axis boundaries', 'Sea Water X Velocity', 'Sea Water Y Velocity', 'h point nominal longitude', 'q point nominal longitude', 'h point nominal latitude', 'q point nominal latitude', 'Depth at cell center']","['', '', '', '', '', '', 'sea_water_x_velocity', 'sea_water_y_velocity', '', '', '', '', '']","['', '', '', '', '', '', 'z_l:mean yh:mean xq:point time: mean', 'z_l:mean yq:point xh:mean time: mean', '', '', '', '', '']","['days', 'days since 1991-01-01 00:00:00', 'days since 1991-01-01 00:00:00', '', 'days since 1991-01-01 00:00:00', 'days', 'm s-1', 'm s-1', 'degrees_east', 'degrees_east', 'degrees_north', 'degrees_north', 'meters']",ocean
20010901.ocean_daily_z_2001_246.nc,/g/data/ik11/outputs/mom6-panan/panan-01-zstar-2001rerun/output005/20010901.ocean_daily_z_2001_246.nc,ocean.1day.nv:2.xh:3600.xq:3601.yh:845.yq:846.z_l_sub01:1,1day,"2001-09-03, 00:00:00","2001-09-04, 00:00:00","['average_DT', 'average_T1', 'average_T2', 'nv', 'time', 'time_bnds', 'uo', 'vo', 'xh', 'xq', 'yh', 'yq', 'z_l_sub01']","['Length of average period', 'Start time for average period', 'End time for average period', 'vertex number', 'time', 'time axis boundaries', 'Sea Water X Velocity', 'Sea Water Y Velocity', 'h point nominal longitude', 'q point nominal longitude', 'h point nominal latitude', 'q point nominal latitude', 'Depth at cell center']","['', '', '', '', '', '', 'sea_water_x_velocity', 'sea_water_y_velocity', '', '', '', '', '']","['', '', '', '', '', '', 'z_l:mean yh:mean xq:point time: mean', 'z_l:mean yq:point xh:mean time: mean', '', '', '', '', '']","['days', 'days since 1991-01-01 00:00:00', 'days since 1991-01-01 00:00:00', '', 'days since 1991-01-01 00:00:00', 'days', 'm s-1', 'm s-1', 'degrees_east', 'degrees_east', 'degrees_north', 'degrees_north', 'meters']",ocean
20010901.ocean_daily_z_2001_247.nc,/g/data/ik11/outputs/mom6-panan/panan-01-zstar-2001rerun/output005/20010901.ocean_daily_z_2001_247.nc,ocean.1day.nv:2.xh:3600.xq:3601.yh:845.yq:846.z_l_sub01:1,1day,"2001-09-04, 00:00:00","2001-09-05, 00:00:00","['average_DT', 'average_T1', 'average_T2', 'nv', 'time', 'time_bnds', 'uo', 'vo', 'xh', 'xq', 'yh', 'yq', 'z_l_sub01']","['Length of average period', 'Start time for average period', 'End time for average period', 'vertex number', 'time', 'time axis boundaries', 'Sea Water X Velocity', 'Sea Water Y Velocity', 'h point nominal longitude', 'q point nominal longitude', 'h point nominal latitude', 'q point nominal latitude', 'Depth at cell center']","['', '', '', '', '', '', 'sea_water_x_velocity', 'sea_water_y_velocity', '', '', '', '', '']","['', '', '', '', '', '', 'z_l:mean yh:mean xq:point time: mean', 'z_l:mean yq:point xh:mean time: mean', '', '', '', '', '']","['days', 'days since 1991-01-01 00:00:00', 'days since 1991-01-01 00:00:00', '', 'days since 1991-01-01 00:00:00', 'days', 'm s-1', 'm s-1', 'degrees_east', 'degrees_east', 'degrees_north', 'degrees_north', 'meters']",ocean
20010901.ocean_daily_z_2001_248.nc,/g/data/ik11/outputs/mom6-panan/panan-01-zstar-2001rerun/output005/20010901.ocean_daily_z_2001_248.nc,ocean.1day.nv:2.xh:3600.xq:3601.yh:845.yq:846.z_l_sub01:1,1day,"2001-09-05, 00:00:00","2001-09-06, 00:00:00","['average_DT', 'average_T1', 'average_T2', 'nv', 'time', 'time_bnds', 'uo', 'vo', 'xh', 'xq', 'yh', 'yq', 'z_l_sub01']","['Length of average period', 'Start time for average period', 'End time for average period', 'vertex number', 'time', 'time axis boundaries', 'Sea Water X Velocity', 'Sea Water Y Velocity', 'h point nominal longitude', 'q point nominal longitude', 'h point nominal latitude', 'q point nominal latitude', 'Depth at cell center']","['', '', '', '', '', '', 'sea_water_x_velocity', 'sea_water_y_velocity', '', '', '', '', '']","['', '', '', '', '', '', 'z_l:mean yh:mean xq:point time: mean', 'z_l:mean yq:point xh:mean time: mean', '', '', '', '', '']","['days', 'days since 1991-01-01 00:00:00', 'days since 1991-01-01 00:00:00', '', 'days since 1991-01-01 00:00:00', 'days', 'm s-1', 'm s-1', 'degrees_east', 'degrees_east', 'degrees_north', 'degrees_north', 'meters']",ocean
20010901.ocean_daily_z_2001_249.nc,/g/data/ik11/outputs/mom6-panan/panan-01-zstar-2001rerun/output005/20010901.ocean_daily_z_2001_249.nc,ocean.1day.nv:2.xh:3600.xq:3601.yh:845.yq:846.z_l_sub01:1,1day,"2001-09-06, 00:00:00","2001-09-07, 00:00:00","['average_DT', 'average_T1', 'average_T2', 'nv', 'time', 'time_bnds', 'uo', 'vo', 'xh', 'xq', 'yh', 'yq', 'z_l_sub01']","['Length of average period', 'Start time for average period', 'End time for average period', 'vertex number', 'time', 'time axis boundaries', 'Sea Water X Velocity', 'Sea Water Y Velocity', 'h point nominal longitude', 'q point nominal longitude', 'h point nominal latitude', 'q point nominal latitude', 'Depth at cell center']","['', '', '', '', '', '', 'sea_water_x_velocity', 'sea_water_y_velocity', '', '', '', '', '']","['', '', '', '', '', '', 'z_l:mean yh:mean xq:point time: mean', 'z_l:mean yq:point xh:mean time: mean', '', '', '', '', '']","['days', 'days since 1991-01-01 00:00:00', 'days since 1991-01-01 00:00:00', '', 'days since 1991-01-01 00:00:00', 'days', 'm s-1', 'm s-1', 'degrees_east', 'degrees_east', 'degrees_north', 'degrees_north', 'meters']",ocean
20010901.ocean_daily_z_2001_250.nc,/g/data/ik11/outputs/mom6-panan/panan-01-zstar-2001rerun/output005/20010901.ocean_daily_z_2001_250.nc,ocean.1day.nv:2.xh:3600.xq:3601.yh:845.yq:846.z_l_sub01:1,1day,"2001-09-07, 00:00:00","2001-09-08, 00:00:00","['average_DT', 'average_T1', 'average_T2', 'nv', 'time', 'time_bnds', 'uo', 'vo', 'xh', 'xq', 'yh', 'yq', 'z_l_sub01']","['Length of average period', 'Start time for average period', 'End time for average period', 'vertex number', 'time', 'time axis boundaries', 'Sea Water X Velocity', 'Sea Water Y Velocity', 'h point nominal longitude', 'q point nominal longitude', 'h point nominal latitude', 'q point nominal latitude', 'Depth at cell center']","['', '', '', '', '', '', 'sea_water_x_velocity', 'sea_water_y_velocity', '', '', '', '', '']","['', '', '', '', '', '', 'z_l:mean yh:mean xq:point time: mean', 'z_l:mean yq:point xh:mean time: mean', '', '', '', '', '']","['days', 'days since 1991-01-01 00:00:00', 'days since 1991-01-01 00:00:00', '', 'days since 1991-01-01 00:00:00', 'days', 'm s-1', 'm s-1', 'degrees_east', 'degrees_east', 'degrees_north', 'degrees_north', 'meters']",ocean
20010901.ocean_daily_z_2001_251.nc,/g/data/ik11/outputs/mom6-panan/panan-01-zstar-2001rerun/output005/20010901.ocean_daily_z_2001_251.nc,ocean.1day.nv:2.xh:3600.xq:3601.yh:845.yq:846.z_l_sub01:1,1day,"2001-09-08, 00:00:00","2001-09-09, 00:00:00","['average_DT', 'average_T1', 'average_T2', 'nv', 'time', 'time_bnds', 'uo', 'vo', 'xh', 'xq', 'yh', 'yq', 'z_l_sub01']","['Length of average period', 'Start time for average period', 'End time for average period', 'vertex number', 'time', 'time axis boundaries', 'Sea Water X Velocity', 'Sea Water Y Velocity', 'h point nominal longitude', 'q point nominal longitude', 'h point nominal latitude', 'q point nominal latitude', 'Depth at cell center']","['', '', '', '', '', '', 'sea_water_x_velocity', 'sea_water_y_velocity', '', '', '', '', '']","['', '', '', '', '', '', 'z_l:mean yh:mean xq:point time: mean', 'z_l:mean yq:point xh:mean time: mean', '', '', '', '', '']","['days', 'days since 1991-01-01 00:00:00', 'days since 1991-01-01 00:00:00', '', 'days since 1991-01-01 00:00:00', 'days', 'm s-1', 'm s-1', 'degrees_east', 'degrees_east', 'degrees_north', 'degrees_north', 'meters']",ocean
20010901.ocean_daily_z_2001_252.nc,/g/data/ik11/outputs/mom6-panan/panan-01-zstar-2001rerun/output005/20010901.ocean_daily_z_2001_252.nc,ocean.1day.nv:2.xh:3600.xq:3601.yh:845.yq:846.z_l_sub01:1,1day,"2001-09-09, 00:00:00","2001-09-10, 00:00:00","['average_DT', 'average_T1', 'average_T2', 'nv', 'time', 'time_bnds', 'uo', 'vo', 'xh', 'xq', 'yh', 'yq', 'z_l_sub01']","['Length of average period', 'Start time for average period', 'End time for average period', 'vertex number', 'time', 'time axis boundaries', 'Sea Water X Velocity', 'Sea Water Y Velocity', 'h point nominal longitude', 'q point nominal longitude', 'h point nominal latitude', 'q point nominal latitude', 'Depth at cell center']","['', '', '', '', '', '', 'sea_water_x_velocity', 'sea_water_y_velocity', '', '', '', '', '']","['', '', '', '', '', '', 'z_l:mean yh:mean xq:point time: mean', 'z_l:mean yq:point xh:mean time: mean', '', '', '', '', '']","['days', 'days since 1991-01-01 00:00:00', 'days since 1991-01-01 00:00:00', '', 'days since 1991-01-01 00:00:00', 'days', 'm s-1', 'm s-1', 'degrees_east', 'degrees_east', 'degrees_north', 'degrees_north', 'meters']",ocean
20010901.ocean_daily_z_2001_253.nc,/g/data/ik11/outputs/mom6-panan/panan-01-zstar-2001rerun/output005/20010901.ocean_daily_z_2001_253.nc,ocean.1day.nv:2.xh:3600.xq:3601.yh:845.yq:846.z_l_sub01:1,1day,"2001-09-10, 00:00:00","2001-09-11, 00:00:00","['average_DT', 'average_T1', 'average_T2', 'nv', 'time', 'time_bnds', 'uo', 'vo', 'xh', 'xq', 'yh', 'yq', 'z_l_sub01']","['Length of average period', 'Start time for average period', 'End time for average period', 'vertex number', 'time', 'time axis boundaries', 'Sea Water X Velocity', 'Sea Water Y Velocity', 'h point nominal longitude', 'q point nominal longitude', 'h point nominal latitude', 'q point nominal latitude', 'Depth at cell center']","['', '', '', '', '', '', 'sea_water_x_velocity', 'sea_water_y_velocity', '', '', '', '', '']","['', '', '', '', '', '', 'z_l:mean yh:mean xq:point time: mean', 'z_l:mean yq:point xh:mean time: mean', '', '', '', '', '']","['days', 'days since 1991-01-01 00:00:00', 'days since 1991-01-01 00:00:00', '', 'days since 1991-01-01 00:00:00', 'days', 'm s-1', 'm s-1', 'degrees_east', 'degrees_east', 'degrees_north', 'degrees_north', 'meters']",ocean
20010901.ocean_daily_z_2001_254.nc,/g/data/ik11/outputs/mom6-panan/panan-01-zstar-2001rerun/output005/20010901.ocean_daily_z_2001_254.nc,ocean.1day.nv:2.xh:3600.xq:3601.yh:845.yq:846.z_l_sub01:1,1day,"2001-09-11, 00:00:00","2001-09-12, 00:00:00","['average_DT', 'average_T1', 'average_T2', 'nv', 'time', 'time_bnds', 'uo', 'vo', 'xh', 'xq', 'yh', 'yq', 'z_l_sub01']","['Length of average period', 'Start time for average period', 'End time for average period', 'vertex number', 'time', 'time axis boundaries', 'Sea Water X Velocity', 'Sea Water Y Velocity', 'h point nominal longitude', 'q point nominal longitude', 'h point nominal latitude', 'q point nominal latitude', 'Depth at cell center']","['', '', '', '', '', '', 'sea_water_x_velocity', 'sea_water_y_velocity', '', '', '', '', '']","['', '', '', '', '', '', 'z_l:mean yh:mean xq:point time: mean', 'z_l:mean yq:point xh:mean time: mean', '', '', '', '', '']","['days', 'days since 1991-01-01 00:00:00', 'days since 1991-01-01 00:00:00', '', 'days since 1991-01-01 00:00:00', 'days', 'm s-1', 'm s-1', 'degrees_east', 'degrees_east', 'degrees_north', 'degrees_north', 'meters']",ocean
20010901.ocean_daily_z_2001_255.nc,/g/data/ik11/outputs/mom6-panan/panan-01-zstar-2001rerun/output005/20010901.ocean_daily_z_2001_255.nc,ocean.1day.nv:2.xh:3600.xq:3601.yh:845.yq:846.z_l_sub01:1,1day,"2001-09-12, 00:00:00","2001-09-13, 00:00:00","['average_DT', 'average_T1', 'average_T2', 'nv', 'time', 'time_bnds', 'uo', 'vo', 'xh', 'xq', 'yh', 'yq', 'z_l_sub01']","['Length of average period', 'Start time for average period', 'End time for average period', 'vertex number', 'time', 'time axis boundaries', 'Sea Water X Velocity', 'Sea Water Y Velocity', 'h point nominal longitude', 'q point nominal longitude', 'h point nominal latitude', 'q point nominal latitude', 'Depth at cell center']","['', '', '', '', '', '', 'sea_water_x_velocity', 'sea_water_y_velocity', '', '', '', '', '']","['', '', '', '', '', '', 'z_l:mean yh:mean xq:point time: mean', 'z_l:mean yq:point xh:mean time: mean', '', '', '', '', '']","['days', 'days since 1991-01-01 00:00:00', 'days since 1991-01-01 00:00:00', '', 'days since 1991-01-01 00:00:00', 'days', 'm s-1', 'm s-1', 'degrees_east', 'degrees_east', 'degrees_north', 'degrees_north', 'meters']",ocean
20010901.ocean_daily_z_2001_256.nc,/g/data/ik11/outputs/mom6-panan/panan-01-zstar-2001rerun/output005/20010901.ocean_daily_z_2001_256.nc,ocean.1day.nv:2.xh:3600.xq:3601.yh:845.yq:846.z_l_sub01:1,1day,"2001-09-13, 00:00:00","2001-09-14, 00:00:00","['average_DT', 'average_T1', 'average_T2', 'nv', 'time', 'time_bnds', 'uo', 'vo', 'xh', 'xq', 'yh', 'yq', 'z_l_sub01']","['Length of average period', 'Start time for average period', 'End time for average period', 'vertex number', 'time', 'time axis boundaries', 'Sea Water X Velocity', 'Sea Water Y Velocity', 'h point nominal longitude', 'q point nominal longitude', 'h point nominal latitude', 'q point nominal latitude', 'Depth at cell center']","['', '', '', '', '', '', 'sea_water_x_velocity', 'sea_water_y_velocity', '', '', '', '', '']","['', '', '', '', '', '', 'z_l:mean yh:mean xq:point time: mean', 'z_l:mean yq:point xh:mean time: mean', '', '', '', '', '']","['days', 'days since 1991-01-01 00:00:00', 'days since 1991-01-01 00:00:00', '', 'days since 1991-01-01 00:00:00', 'days', 'm s-1', 'm s-1', 'degrees_east', 'degrees_east', 'degrees_north', 'degrees_north', 'meters']",ocean
20010901.ocean_daily_z_2001_257.nc,/g/data/ik11/outputs/mom6-panan/panan-01-zstar-2001rerun/output005/20010901.ocean_daily_z_2001_257.nc,ocean.1day.nv:2.xh:3600.xq:3601.yh:845.yq:846.z_l_sub01:1,1day,"2001-09-14, 00:00:00","2001-09-15, 00:00:00","['average_DT', 'average_T1', 'average_T2', 'nv', 'time', 'time_bnds', 'uo', 'vo', 'xh', 'xq', 'yh', 'yq', 'z_l_sub01']","['Length of average period', 'Start time for average period', 'End time for average period', 'vertex number', 'time', 'time axis boundaries', 'Sea Water X Velocity', 'Sea Water Y Velocity', 'h point nominal longitude', 'q point nominal longitude', 'h point nominal latitude', 'q point nominal latitude', 'Depth at cell center']","['', '', '', '', '', '', 'sea_water_x_velocity', 'sea_water_y_velocity', '', '', '', '', '']","['', '', '', '', '', '', 'z_l:mean yh:mean xq:point time: mean', 'z_l:mean yq:point xh:mean time: mean', '', '', '', '', '']","['days', 'days since 1991-01-01 00:00:00', 'days since 1991-01-01 00:00:00', '', 'days since 1991-01-01 00:00:00', 'days', 'm s-1', 'm s-1', 'degrees_east', 'degrees_east', 'degrees_north', 'degrees_north', 'meters']",ocean
20010901.ocean_daily_z_2001_258.nc,/g/data/ik11/outputs/mom6-panan/panan-01-zstar-2001rerun/output005/20010901.ocean_daily_z_2001_258.nc,ocean.1day.nv:2.xh:3600.xq:3601.yh:845.yq:846.z_l_sub01:1,1day,"2001-09-15, 00:00:00","2001-09-16, 00:00:00","['average_DT', 'average_T1', 'average_T2', 'nv', 'time', 'time_bnds', 'uo', 'vo', 'xh', 'xq', 'yh', 'yq', 'z_l_sub01']","['Length of average period', 'Start time for average period', 'End time for average period', 'vertex number', 'time', 'time axis boundaries', 'Sea Water X Velocity', 'Sea Water Y Velocity', 'h point nominal longitude', 'q point nominal longitude', 'h point nominal latitude', 'q point nominal latitude', 'Depth at cell center']","['', '', '', '', '', '', 'sea_water_x_velocity', 'sea_water_y_velocity', '', '', '', '', '']","['', '', '', '', '', '', 'z_l:mean yh:mean xq:point time: mean', 'z_l:mean yq:point xh:mean time: mean', '', '', '', '', '']","['days', 'days since 1991-01-01 00:00:00', 'days since 1991-01-01 00:00:00', '', 'days since 1991-01-01 00:00:00', 'days', 'm s-1', 'm s-1', 'degrees_east', 'degrees_east', 'degrees_north', 'degrees_north', 'meters']",ocean
20010901.ocean_daily_z_2001_259.nc,/g/data/ik11/outputs/mom6-panan/panan-01-zstar-2001rerun/output005/20010901.ocean_daily_z_2001_259.nc,ocean.1day.nv:2.xh:3600.xq:3601.yh:845.yq:846.z_l_sub01:1,1day,"2001-09-16, 00:00:00","2001-09-17, 00:00:00","['average_DT', 'average_T1', 'average_T2', 'nv', 'time', 'time_bnds', 'uo', 'vo', 'xh', 'xq', 'yh', 'yq', 'z_l_sub01']","['Length of average period', 'Start time for average period', 'End time for average period', 'vertex number', 'time', 'time axis boundaries', 'Sea Water X Velocity', 'Sea Water Y Velocity', 'h point nominal longitude', 'q point nominal longitude', 'h point nominal latitude', 'q point nominal latitude', 'Depth at cell center']","['', '', '', '', '', '', 'sea_water_x_velocity', 'sea_water_y_velocity', '', '', '', '', '']","['', '', '', '', '', '', 'z_l:mean yh:mean xq:point time: mean', 'z_l:mean yq:point xh:mean time: mean', '', '', '', '', '']","['days', 'days since 1991-01-01 00:00:00', 'days since 1991-01-01 00:00:00', '', 'days since 1991-01-01 00:00:00', 'days', 'm s-1', 'm s-1', 'degrees_east', 'degrees_east', 'degrees_north', 'degrees_north', 'meters']",ocean
20010901.ocean_daily_z_2001_260.nc,/g/data/ik11/outputs/mom6-panan/panan-01-zstar-2001rerun/output005/20010901.ocean_daily_z_2001_260.nc,ocean.1day.nv:2.xh:3600.xq:3601.yh:845.yq:846.z_l_sub01:1,1day,"2001-09-17, 00:00:00","2001-09-18, 00:00:00","['average_DT', 'average_T1', 'average_T2', 'nv', 'time', 'time_bnds', 'uo', 'vo', 'xh', 'xq', 'yh', 'yq', 'z_l_sub01']","['Length of average period', 'Start time for average period', 'End time for average period', 'vertex number', 'time', 'time axis boundaries', 'Sea Water X Velocity', 'Sea Water Y Velocity', 'h point nominal longitude', 'q point nominal longitude', 'h point nominal latitude', 'q point nominal latitude', 'Depth at cell center']","['', '', '', '', '', '', 'sea_water_x_velocity', 'sea_water_y_velocity', '', '', '', '', '']","['', '', '', '', '', '', 'z_l:mean yh:mean xq:point time: mean', 'z_l:mean yq:point xh:mean time: mean', '', '', '', '', '']","['days', 'days since 1991-01-01 00:00:00', 'days since 1991-01-01 00:00:00', '', 'days since 1991-01-01 00:00:00', 'days', 'm s-1', 'm s-1', 'degrees_east', 'degrees_east', 'degrees_north', 'degrees_north', 'meters']",ocean
20010901.ocean_daily_z_2001_261.nc,/g/data/ik11/outputs/mom6-panan/panan-01-zstar-2001rerun/output005/20010901.ocean_daily_z_2001_261.nc,ocean.1day.nv:2.xh:3600.xq:3601.yh:845.yq:846.z_l_sub01:1,1day,"2001-09-18, 00:00:00","2001-09-19, 00:00:00","['average_DT', 'average_T1', 'average_T2', 'nv', 'time', 'time_bnds', 'uo', 'vo', 'xh', 'xq', 'yh', 'yq', 'z_l_sub01']","['Length of average period', 'Start time for average period', 'End time for average period', 'vertex number', 'time', 'time axis boundaries', 'Sea Water X Velocity', 'Sea Water Y Velocity', 'h point nominal longitude', 'q point nominal longitude', 'h point nominal latitude', 'q point nominal latitude', 'Depth at cell center']","['', '', '', '', '', '', 'sea_water_x_velocity', 'sea_water_y_velocity', '', '', '', '', '']","['', '', '', '', '', '', 'z_l:mean yh:mean xq:point time: mean', 'z_l:mean yq:point xh:mean time: mean', '', '', '', '', '']","['days', 'days since 1991-01-01 00:00:00', 'days since 1991-01-01 00:00:00', '', 'days since 1991-01-01 00:00:00', 'days', 'm s-1', 'm s-1', 'degrees_east', 'degrees_east', 'degrees_north', 'degrees_north', 'meters']",ocean
20010901.ocean_daily_z_2001_262.nc,/g/data/ik11/outputs/mom6-panan/panan-01-zstar-2001rerun/output005/20010901.ocean_daily_z_2001_262.nc,ocean.1day.nv:2.xh:3600.xq:3601.yh:845.yq:846.z_l_sub01:1,1day,"2001-09-19, 00:00:00","2001-09-20, 00:00:00","['average_DT', 'average_T1', 'average_T2', 'nv', 'time', 'time_bnds', 'uo', 'vo', 'xh', 'xq', 'yh', 'yq', 'z_l_sub01']","['Length of average period', 'Start time for average period', 'End time for average period', 'vertex number', 'time', 'time axis boundaries', 'Sea Water X Velocity', 'Sea Water Y Velocity', 'h point nominal longitude', 'q point nominal longitude', 'h point nominal latitude', 'q point nominal latitude', 'Depth at cell center']","['', '', '', '', '', '', 'sea_water_x_velocity', 'sea_water_y_velocity', '', '', '', '', '']","['', '', '', '', '', '', 'z_l:mean yh:mean xq:point time: mean', 'z_l:mean yq:point xh:mean time: mean', '', '', '', '', '']","['days', 'days since 1991-01-01 00:00:00', 'days since 1991-01-01 00:00:00', '', 'days since 1991-01-01 00:00:00', 'days', 'm s-1', 'm s-1', 'degrees_east', 'degrees_east', 'degrees_north', 'degrees_north', 'meters']",ocean
20010901.ocean_daily_z_2001_263.nc,/g/data/ik11/outputs/mom6-panan/panan-01-zstar-2001rerun/output005/20010901.ocean_daily_z_2001_263.nc,ocean.1day.nv:2.xh:3600.xq:3601.yh:845.yq:846.z_l_sub01:1,1day,"2001-09-20, 00:00:00","2001-09-21, 00:00:00","['average_DT', 'average_T1', 'average_T2', 'nv', 'time', 'time_bnds', 'uo', 'vo', 'xh', 'xq', 'yh', 'yq', 'z_l_sub01']","['Length of average period', 'Start time for average period', 'End time for average period', 'vertex number', 'time', 'time axis boundaries', 'Sea Water X Velocity', 'Sea Water Y Velocity', 'h point nominal longitude', 'q point nominal longitude', 'h point nominal latitude', 'q point nominal latitude', 'Depth at cell center']","['', '', '', '', '', '', 'sea_water_x_velocity', 'sea_water_y_velocity', '', '', '', '', '']","['', '', '', '', '', '', 'z_l:mean yh:mean xq:point time: mean', 'z_l:mean yq:point xh:mean time: mean', '', '', '', '', '']","['days', 'days since 1991-01-01 00:00:00', 'days since 1991-01-01 00:00:00', '', 'days since 1991-01-01 00:00:00', 'days', 'm s-1', 'm s-1', 'degrees_east', 'degrees_east', 'degrees_north', 'degrees_north', 'meters']",ocean
20010901.ocean_daily_z_2001_264.nc,/g/data/ik11/outputs/mom6-panan/panan-01-zstar-2001rerun/output005/20010901.ocean_daily_z_2001_264.nc,ocean.1day.nv:2.xh:3600.xq:3601.yh:845.yq:846.z_l_sub01:1,1day,"2001-09-21, 00:00:00","2001-09-22, 00:00:00","['average_DT', 'average_T1', 'average_T2', 'nv', 'time', 'time_bnds', 'uo', 'vo', 'xh', 'xq', 'yh', 'yq', 'z_l_sub01']","['Length of average period', 'Start time for average period', 'End time for average period', 'vertex number', 'time', 'time axis boundaries', 'Sea Water X Velocity', 'Sea Water Y Velocity', 'h point nominal longitude', 'q point nominal longitude', 'h point nominal latitude', 'q point nominal latitude', 'Depth at cell center']","['', '', '', '', '', '', 'sea_water_x_velocity', 'sea_water_y_velocity', '', '', '', '', '']","['', '', '', '', '', '', 'z_l:mean yh:mean xq:point time: mean', 'z_l:mean yq:point xh:mean time: mean', '', '', '', '', '']","['days', 'days since 1991-01-01 00:00:00', 'days since 1991-01-01 00:00:00', '', 'days since 1991-01-01 00:00:00', 'days', 'm s-1', 'm s-1', 'degrees_east', 'degrees_east', 'degrees_north', 'degrees_north', 'meters']",ocean
20010901.ocean_daily_z_2001_265.nc,/g/data/ik11/outputs/mom6-panan/panan-01-zstar-2001rerun/output005/20010901.ocean_daily_z_2001_265.nc,ocean.1day.nv:2.xh:3600.xq:3601.yh:845.yq:846.z_l_sub01:1,1day,"2001-09-22, 00:00:00","2001-09-23, 00:00:00","['average_DT', 'average_T1', 'average_T2', 'nv', 'time', 'time_bnds', 'uo', 'vo', 'xh', 'xq', 'yh', 'yq', 'z_l_sub01']","['Length of average period', 'Start time for average period', 'End time for average period', 'vertex number', 'time', 'time axis boundaries', 'Sea Water X Velocity', 'Sea Water Y Velocity', 'h point nominal longitude', 'q point nominal longitude', 'h point nominal latitude', 'q point nominal latitude', 'Depth at cell center']","['', '', '', '', '', '', 'sea_water_x_velocity', 'sea_water_y_velocity', '', '', '', '', '']","['', '', '', '', '', '', 'z_l:mean yh:mean xq:point time: mean', 'z_l:mean yq:point xh:mean time: mean', '', '', '', '', '']","['days', 'days since 1991-01-01 00:00:00', 'days since 1991-01-01 00:00:00', '', 'days since 1991-01-01 00:00:00', 'days', 'm s-1', 'm s-1', 'degrees_east', 'degrees_east', 'degrees_north', 'degrees_north', 'meters']",ocean
20010901.ocean_daily_z_2001_266.nc,/g/data/ik11/outputs/mom6-panan/panan-01-zstar-2001rerun/output005/20010901.ocean_daily_z_2001_266.nc,ocean.1day.nv:2.xh:3600.xq:3601.yh:845.yq:846.z_l_sub01:1,1day,"2001-09-23, 00:00:00","2001-09-24, 00:00:00","['average_DT', 'average_T1', 'average_T2', 'nv', 'time', 'time_bnds', 'uo', 'vo', 'xh', 'xq', 'yh', 'yq', 'z_l_sub01']","['Length of average period', 'Start time for average period', 'End time for average period', 'vertex number', 'time', 'time axis boundaries', 'Sea Water X Velocity', 'Sea Water Y Velocity', 'h point nominal longitude', 'q point nominal longitude', 'h point nominal latitude', 'q point nominal latitude', 'Depth at cell center']","['', '', '', '', '', '', 'sea_water_x_velocity', 'sea_water_y_velocity', '', '', '', '', '']","['', '', '', '', '', '', 'z_l:mean yh:mean xq:point time: mean', 'z_l:mean yq:point xh:mean time: mean', '', '', '', '', '']","['days', 'days since 1991-01-01 00:00:00', 'days since 1991-01-01 00:00:00', '', 'days since 1991-01-01 00:00:00', 'days', 'm s-1', 'm s-1', 'degrees_east', 'degrees_east', 'degrees_north', 'degrees_north', 'meters']",ocean
20010901.ocean_daily_z_2001_267.nc,/g/data/ik11/outputs/mom6-panan/panan-01-zstar-2001rerun/output005/20010901.ocean_daily_z_2001_267.nc,ocean.1day.nv:2.xh:3600.xq:3601.yh:845.yq:846.z_l_sub01:1,1day,"2001-09-24, 00:00:00","2001-09-25, 00:00:00","['average_DT', 'average_T1', 'average_T2', 'nv', 'time', 'time_bnds', 'uo', 'vo', 'xh', 'xq', 'yh', 'yq', 'z_l_sub01']","['Length of average period', 'Start time for average period', 'End time for average period', 'vertex number', 'time', 'time axis boundaries', 'Sea Water X Velocity', 'Sea Water Y Velocity', 'h point nominal longitude', 'q point nominal longitude', 'h point nominal latitude', 'q point nominal latitude', 'Depth at cell center']","['', '', '', '', '', '', 'sea_water_x_velocity', 'sea_water_y_velocity', '', '', '', '', '']","['', '', '', '', '', '', 'z_l:mean yh:mean xq:point time: mean', 'z_l:mean yq:point xh:mean time: mean', '', '', '', '', '']","['days', 'days since 1991-01-01 00:00:00', 'days since 1991-01-01 00:00:00', '', 'days since 1991-01-01 00:00:00', 'days', 'm s-1', 'm s-1', 'degrees_east', 'degrees_east', 'degrees_north', 'degrees_north', 'meters']",ocean
20010901.ocean_daily_z_2001_268.nc,/g/data/ik11/outputs/mom6-panan/panan-01-zstar-2001rerun/output005/20010901.ocean_daily_z_2001_268.nc,ocean.1day.nv:2.xh:3600.xq:3601.yh:845.yq:846.z_l_sub01:1,1day,"2001-09-25, 00:00:00","2001-09-26, 00:00:00","['average_DT', 'average_T1', 'average_T2', 'nv', 'time', 'time_bnds', 'uo', 'vo', 'xh', 'xq', 'yh', 'yq', 'z_l_sub01']","['Length of average period', 'Start time for average period', 'End time for average period', 'vertex number', 'time', 'time axis boundaries', 'Sea Water X Velocity', 'Sea Water Y Velocity', 'h point nominal longitude', 'q point nominal longitude', 'h point nominal latitude', 'q point nominal latitude', 'Depth at cell center']","['', '', '', '', '', '', 'sea_water_x_velocity', 'sea_water_y_velocity', '', '', '', '', '']","['', '', '', '', '', '', 'z_l:mean yh:mean xq:point time: mean', 'z_l:mean yq:point xh:mean time: mean', '', '', '', '', '']","['days', 'days since 1991-01-01 00:00:00', 'days since 1991-01-01 00:00:00', '', 'days since 1991-01-01 00:00:00', 'days', 'm s-1', 'm s-1', 'degrees_east', 'degrees_east', 'degrees_north', 'degrees_north', 'meters']",ocean
20010901.ocean_daily_z_2001_269.nc,/g/data/ik11/outputs/mom6-panan/panan-01-zstar-2001rerun/output005/20010901.ocean_daily_z_2001_269.nc,ocean.1day.nv:2.xh:3600.xq:3601.yh:845.yq:846.z_l_sub01:1,1day,"2001-09-26, 00:00:00","2001-09-27, 00:00:00","['average_DT', 'average_T1', 'average_T2', 'nv', 'time', 'time_bnds', 'uo', 'vo', 'xh', 'xq', 'yh', 'yq', 'z_l_sub01']","['Length of average period', 'Start time for average period', 'End time for average period', 'vertex number', 'time', 'time axis boundaries', 'Sea Water X Velocity', 'Sea Water Y Velocity', 'h point nominal longitude', 'q point nominal longitude', 'h point nominal latitude', 'q point nominal latitude', 'Depth at cell center']","['', '', '', '', '', '', 'sea_water_x_velocity', 'sea_water_y_velocity', '', '', '', '', '']","['', '', '', '', '', '', 'z_l:mean yh:mean xq:point time: mean', 'z_l:mean yq:point xh:mean time: mean', '', '', '', '', '']","['days', 'days since 1991-01-01 00:00:00', 'days since 1991-01-01 00:00:00', '', 'days since 1991-01-01 00:00:00', 'days', 'm s-1', 'm s-1', 'degrees_east', 'degrees_east', 'degrees_north', 'degrees_north', 'meters']",ocean
20010901.ocean_daily_z_2001_270.nc,/g/data/ik11/outputs/mom6-panan/panan-01-zstar-2001rerun/output005/20010901.ocean_daily_z_2001_270.nc,ocean.1day.nv:2.xh:3600.xq:3601.yh:845.yq:846.z_l_sub01:1,1day,"2001-09-27, 00:00:00","2001-09-28, 00:00:00","['average_DT', 'average_T1', 'average_T2', 'nv', 'time', 'time_bnds', 'uo', 'vo', 'xh', 'xq', 'yh', 'yq', 'z_l_sub01']","['Length of average period', 'Start time for average period', 'End time for average period', 'vertex number', 'time', 'time axis boundaries', 'Sea Water X Velocity', 'Sea Water Y Velocity', 'h point nominal longitude', 'q point nominal longitude', 'h point nominal latitude', 'q point nominal latitude', 'Depth at cell center']","['', '', '', '', '', '', 'sea_water_x_velocity', 'sea_water_y_velocity', '', '', '', '', '']","['', '', '', '', '', '', 'z_l:mean yh:mean xq:point time: mean', 'z_l:mean yq:point xh:mean time: mean', '', '', '', '', '']","['days', 'days since 1991-01-01 00:00:00', 'days since 1991-01-01 00:00:00', '', 'days since 1991-01-01 00:00:00', 'days', 'm s-1', 'm s-1', 'degrees_east', 'degrees_east', 'degrees_north', 'degrees_north', 'meters']",ocean
20010901.ocean_daily_z_2001_271.nc,/g/data/ik11/outputs/mom6-panan/panan-01-zstar-2001rerun/output005/20010901.ocean_daily_z_2001_271.nc,ocean.1day.nv:2.xh:3600.xq:3601.yh:845.yq:846.z_l_sub01:1,1day,"2001-09-28, 00:00:00","2001-09-29, 00:00:00","['average_DT', 'average_T1', 'average_T2', 'nv', 'time', 'time_bnds', 'uo', 'vo', 'xh', 'xq', 'yh', 'yq', 'z_l_sub01']","['Length of average period', 'Start time for average period', 'End time for average period', 'vertex number', 'time', 'time axis boundaries', 'Sea Water X Velocity', 'Sea Water Y Velocity', 'h point nominal longitude', 'q point nominal longitude', 'h point nominal latitude', 'q point nominal latitude', 'Depth at cell center']","['', '', '', '', '', '', 'sea_water_x_velocity', 'sea_water_y_velocity', '', '', '', '', '']","['', '', '', '', '', '', 'z_l:mean yh:mean xq:point time: mean', 'z_l:mean yq:point xh:mean time: mean', '', '', '', '', '']","['days', 'days since 1991-01-01 00:00:00', 'days since 1991-01-01 00:00:00', '', 'days since 1991-01-01 00:00:00', 'days', 'm s-1', 'm s-1', 'degrees_east', 'degrees_east', 'degrees_north', 'degrees_north', 'meters']",ocean
20010901.ocean_daily_z_2001_272.nc,/g/data/ik11/outputs/mom6-panan/panan-01-zstar-2001rerun/output005/20010901.ocean_daily_z_2001_272.nc,ocean.1day.nv:2.xh:3600.xq:3601.yh:845.yq:846.z_l_sub01:1,1day,"2001-09-29, 00:00:00","2001-09-30, 00:00:00","['average_DT', 'average_T1', 'average_T2', 'nv', 'time', 'time_bnds', 'uo', 'vo', 'xh', 'xq', 'yh', 'yq', 'z_l_sub01']","['Length of average period', 'Start time for average period', 'End time for average period', 'vertex number', 'time', 'time axis boundaries', 'Sea Water X Velocity', 'Sea Water Y Velocity', 'h point nominal longitude', 'q point nominal longitude', 'h point nominal latitude', 'q point nominal latitude', 'Depth at cell center']","['', '', '', '', '', '', 'sea_water_x_velocity', 'sea_water_y_velocity', '', '', '', '', '']","['', '', '', '', '', '', 'z_l:mean yh:mean xq:point time: mean', 'z_l:mean yq:point xh:mean time: mean', '', '', '', '', '']","['days', 'days since 1991-01-01 00:00:00', 'days since 1991-01-01 00:00:00', '', 'days since 1991-01-01 00:00:00', 'days', 'm s-1', 'm s-1', 'degrees_east', 'degrees_east', 'degrees_north', 'degrees_north', 'meters']",ocean
20010901.ocean_daily_z_2001_273.nc,/g/data/ik11/outputs/mom6-panan/panan-01-zstar-2001rerun/output005/20010901.ocean_daily_z_2001_273.nc,ocean.1day.nv:2.xh:3600.xq:3601.yh:845.yq:846.z_l_sub01:1,1day,"2001-09-30, 00:00:00","2001-10-01, 00:00:00","['average_DT', 'average_T1', 'average_T2', 'nv', 'time', 'time_bnds', 'uo', 'vo', 'xh', 'xq', 'yh', 'yq', 'z_l_sub01']","['Length of average period', 'Start time for average period', 'End time for average period', 'vertex number', 'time', 'time axis boundaries', 'Sea Water X Velocity', 'Sea Water Y Velocity', 'h point nominal longitude', 'q point nominal longitude', 'h point nominal latitude', 'q point nominal latitude', 'Depth at cell center']","['', '', '', '', '', '', 'sea_water_x_velocity', 'sea_water_y_velocity', '', '', '', '', '']","['', '', '', '', '', '', 'z_l:mean yh:mean xq:point time: mean', 'z_l:mean yq:point xh:mean time: mean', '', '', '', '', '']","['days', 'days since 1991-01-01 00:00:00', 'days since 1991-01-01 00:00:00', '', 'days since 1991-01-01 00:00:00', 'days', 'm s-1', 'm s-1', 'degrees_east', 'degrees_east', 'degrees_north', 'degrees_north', 'meters']",ocean
20010901.ocean_daily_z_2001_274.nc,/g/data/ik11/outputs/mom6-panan/panan-01-zstar-2001rerun/output005/20010901.ocean_daily_z_2001_274.nc,ocean.1day.nv:2.xh:3600.xq:3601.yh:845.yq:846.z_l_sub01:1,1day,"2001-10-01, 00:00:00","2001-10-02, 00:00:00","['average_DT', 'average_T1', 'average_T2', 'nv', 'time', 'time_bnds', 'uo', 'vo', 'xh', 'xq', 'yh', 'yq', 'z_l_sub01']","['Length of average period', 'Start time for average period', 'End time for average period', 'vertex number', 'time', 'time axis boundaries', 'Sea Water X Velocity', 'Sea Water Y Velocity', 'h point nominal longitude', 'q point nominal longitude', 'h point nominal latitude', 'q point nominal latitude', 'Depth at cell center']","['', '', '', '', '', '', 'sea_water_x_velocity', 'sea_water_y_velocity', '', '', '', '', '']","['', '', '', '', '', '', 'z_l:mean yh:mean xq:point time: mean', 'z_l:mean yq:point xh:mean time: mean', '', '', '', '', '']","['days', 'days since 1991-01-01 00:00:00', 'days since 1991-01-01 00:00:00', '', 'days since 1991-01-01 00:00:00', 'days', 'm s-1', 'm s-1', 'degrees_east', 'degrees_east', 'degrees_north', 'degrees_north', 'meters']",ocean
20010901.ocean_daily_z_2001_275.nc,/g/data/ik11/outputs/mom6-panan/panan-01-zstar-2001rerun/output005/20010901.ocean_daily_z_2001_275.nc,ocean.1day.nv:2.xh:3600.xq:3601.yh:845.yq:846.z_l_sub01:1,1day,"2001-10-02, 00:00:00","2001-10-03, 00:00:00","['average_DT', 'average_T1', 'average_T2', 'nv', 'time', 'time_bnds', 'uo', 'vo', 'xh', 'xq', 'yh', 'yq', 'z_l_sub01']","['Length of average period', 'Start time for average period', 'End time for average period', 'vertex number', 'time', 'time axis boundaries', 'Sea Water X Velocity', 'Sea Water Y Velocity', 'h point nominal longitude', 'q point nominal longitude', 'h point nominal latitude', 'q point nominal latitude', 'Depth at cell center']","['', '', '', '', '', '', 'sea_water_x_velocity', 'sea_water_y_velocity', '', '', '', '', '']","['', '', '', '', '', '', 'z_l:mean yh:mean xq:point time: mean', 'z_l:mean yq:point xh:mean time: mean', '', '', '', '', '']","['days', 'days since 1991-01-01 00:00:00', 'days since 1991-01-01 00:00:00', '', 'days since 1991-01-01 00:00:00', 'days', 'm s-1', 'm s-1', 'degrees_east', 'degrees_east', 'degrees_north', 'degrees_north', 'meters']",ocean
20010901.ocean_daily_z_2001_276.nc,/g/data/ik11/outputs/mom6-panan/panan-01-zstar-2001rerun/output005/20010901.ocean_daily_z_2001_276.nc,ocean.1day.nv:2.xh:3600.xq:3601.yh:845.yq:846.z_l_sub01:1,1day,"2001-10-03, 00:00:00","2001-10-04, 00:00:00","['average_DT', 'average_T1', 'average_T2', 'nv', 'time', 'time_bnds', 'uo', 'vo', 'xh', 'xq', 'yh', 'yq', 'z_l_sub01']","['Length of average period', 'Start time for average period', 'End time for average period', 'vertex number', 'time', 'time axis boundaries', 'Sea Water X Velocity', 'Sea Water Y Velocity', 'h point nominal longitude', 'q point nominal longitude', 'h point nominal latitude', 'q point nominal latitude', 'Depth at cell center']","['', '', '', '', '', '', 'sea_water_x_velocity', 'sea_water_y_velocity', '', '', '', '', '']","['', '', '', '', '', '', 'z_l:mean yh:mean xq:point time: mean', 'z_l:mean yq:point xh:mean time: mean', '', '', '', '', '']","['days', 'days since 1991-01-01 00:00:00', 'days since 1991-01-01 00:00:00', '', 'days since 1991-01-01 00:00:00', 'days', 'm s-1', 'm s-1', 'degrees_east', 'degrees_east', 'degrees_north', 'degrees_north', 'meters']",ocean
20010901.ocean_daily_z_2001_277.nc,/g/data/ik11/outputs/mom6-panan/panan-01-zstar-2001rerun/output005/20010901.ocean_daily_z_2001_277.nc,ocean.1day.nv:2.xh:3600.xq:3601.yh:845.yq:846.z_l_sub01:1,1day,"2001-10-04, 00:00:00","2001-10-05, 00:00:00","['average_DT', 'average_T1', 'average_T2', 'nv', 'time', 'time_bnds', 'uo', 'vo', 'xh', 'xq', 'yh', 'yq', 'z_l_sub01']","['Length of average period', 'Start time for average period', 'End time for average period', 'vertex number', 'time', 'time axis boundaries', 'Sea Water X Velocity', 'Sea Water Y Velocity', 'h point nominal longitude', 'q point nominal longitude', 'h point nominal latitude', 'q point nominal latitude', 'Depth at cell center']","['', '', '', '', '', '', 'sea_water_x_velocity', 'sea_water_y_velocity', '', '', '', '', '']","['', '', '', '', '', '', 'z_l:mean yh:mean xq:point time: mean', 'z_l:mean yq:point xh:mean time: mean', '', '', '', '', '']","['days', 'days since 1991-01-01 00:00:00', 'days since 1991-01-01 00:00:00', '', 'days since 1991-01-01 00:00:00', 'days', 'm s-1', 'm s-1', 'degrees_east', 'degrees_east', 'degrees_north', 'degrees_north', 'meters']",ocean
20010901.ocean_daily_z_2001_278.nc,/g/data/ik11/outputs/mom6-panan/panan-01-zstar-2001rerun/output005/20010901.ocean_daily_z_2001_278.nc,ocean.1day.nv:2.xh:3600.xq:3601.yh:845.yq:846.z_l_sub01:1,1day,"2001-10-05, 00:00:00","2001-10-06, 00:00:00","['average_DT', 'average_T1', 'average_T2', 'nv', 'time', 'time_bnds', 'uo', 'vo', 'xh', 'xq', 'yh', 'yq', 'z_l_sub01']","['Length of average period', 'Start time for average period', 'End time for average period', 'vertex number', 'time', 'time axis boundaries', 'Sea Water X Velocity', 'Sea Water Y Velocity', 'h point nominal longitude', 'q point nominal longitude', 'h point nominal latitude', 'q point nominal latitude', 'Depth at cell center']","['', '', '', '', '', '', 'sea_water_x_velocity', 'sea_water_y_velocity', '', '', '', '', '']","['', '', '', '', '', '', 'z_l:mean yh:mean xq:point time: mean', 'z_l:mean yq:point xh:mean time: mean', '', '', '', '', '']","['days', 'days since 1991-01-01 00:00:00', 'days since 1991-01-01 00:00:00', '', 'days since 1991-01-01 00:00:00', 'days', 'm s-1', 'm s-1', 'degrees_east', 'degrees_east', 'degrees_north', 'degrees_north', 'meters']",ocean
20010901.ocean_daily_z_2001_279.nc,/g/data/ik11/outputs/mom6-panan/panan-01-zstar-2001rerun/output005/20010901.ocean_daily_z_2001_279.nc,ocean.1day.nv:2.xh:3600.xq:3601.yh:845.yq:846.z_l_sub01:1,1day,"2001-10-06, 00:00:00","2001-10-07, 00:00:00","['average_DT', 'average_T1', 'average_T2', 'nv', 'time', 'time_bnds', 'uo', 'vo', 'xh', 'xq', 'yh', 'yq', 'z_l_sub01']","['Length of average period', 'Start time for average period', 'End time for average period', 'vertex number', 'time', 'time axis boundaries', 'Sea Water X Velocity', 'Sea Water Y Velocity', 'h point nominal longitude', 'q point nominal longitude', 'h point nominal latitude', 'q point nominal latitude', 'Depth at cell center']","['', '', '', '', '', '', 'sea_water_x_velocity', 'sea_water_y_velocity', '', '', '', '', '']","['', '', '', '', '', '', 'z_l:mean yh:mean xq:point time: mean', 'z_l:mean yq:point xh:mean time: mean', '', '', '', '', '']","['days', 'days since 1991-01-01 00:00:00', 'days since 1991-01-01 00:00:00', '', 'days since 1991-01-01 00:00:00', 'days', 'm s-1', 'm s-1', 'degrees_east', 'degrees_east', 'degrees_north', 'degrees_north', 'meters']",ocean
20010901.ocean_daily_z_2001_280.nc,/g/data/ik11/outputs/mom6-panan/panan-01-zstar-2001rerun/output005/20010901.ocean_daily_z_2001_280.nc,ocean.1day.nv:2.xh:3600.xq:3601.yh:845.yq:846.z_l_sub01:1,1day,"2001-10-07, 00:00:00","2001-10-08, 00:00:00","['average_DT', 'average_T1', 'average_T2', 'nv', 'time', 'time_bnds', 'uo', 'vo', 'xh', 'xq', 'yh', 'yq', 'z_l_sub01']","['Length of average period', 'Start time for average period', 'End time for average period', 'vertex number', 'time', 'time axis boundaries', 'Sea Water X Velocity', 'Sea Water Y Velocity', 'h point nominal longitude', 'q point nominal longitude', 'h point nominal latitude', 'q point nominal latitude', 'Depth at cell center']","['', '', '', '', '', '', 'sea_water_x_velocity', 'sea_water_y_velocity', '', '', '', '', '']","['', '', '', '', '', '', 'z_l:mean yh:mean xq:point time: mean', 'z_l:mean yq:point xh:mean time: mean', '', '', '', '', '']","['days', 'days since 1991-01-01 00:00:00', 'days since 1991-01-01 00:00:00', '', 'days since 1991-01-01 00:00:00', 'days', 'm s-1', 'm s-1', 'degrees_east', 'degrees_east', 'degrees_north', 'degrees_north', 'meters']",ocean
20010901.ocean_daily_z_2001_281.nc,/g/data/ik11/outputs/mom6-panan/panan-01-zstar-2001rerun/output005/20010901.ocean_daily_z_2001_281.nc,ocean.1day.nv:2.xh:3600.xq:3601.yh:845.yq:846.z_l_sub01:1,1day,"2001-10-08, 00:00:00","2001-10-09, 00:00:00","['average_DT', 'average_T1', 'average_T2', 'nv', 'time', 'time_bnds', 'uo', 'vo', 'xh', 'xq', 'yh', 'yq', 'z_l_sub01']","['Length of average period', 'Start time for average period', 'End time for average period', 'vertex number', 'time', 'time axis boundaries', 'Sea Water X Velocity', 'Sea Water Y Velocity', 'h point nominal longitude', 'q point nominal longitude', 'h point nominal latitude', 'q point nominal latitude', 'Depth at cell center']","['', '', '', '', '', '', 'sea_water_x_velocity', 'sea_water_y_velocity', '', '', '', '', '']","['', '', '', '', '', '', 'z_l:mean yh:mean xq:point time: mean', 'z_l:mean yq:point xh:mean time: mean', '', '', '', '', '']","['days', 'days since 1991-01-01 00:00:00', 'days since 1991-01-01 00:00:00', '', 'days since 1991-01-01 00:00:00', 'days', 'm s-1', 'm s-1', 'degrees_east', 'degrees_east', 'degrees_north', 'degrees_north', 'meters']",ocean
20010901.ocean_daily_z_2001_282.nc,/g/data/ik11/outputs/mom6-panan/panan-01-zstar-2001rerun/output005/20010901.ocean_daily_z_2001_282.nc,ocean.1day.nv:2.xh:3600.xq:3601.yh:845.yq:846.z_l_sub01:1,1day,"2001-10-09, 00:00:00","2001-10-10, 00:00:00","['average_DT', 'average_T1', 'average_T2', 'nv', 'time', 'time_bnds', 'uo', 'vo', 'xh', 'xq', 'yh', 'yq', 'z_l_sub01']","['Length of average period', 'Start time for average period', 'End time for average period', 'vertex number', 'time', 'time axis boundaries', 'Sea Water X Velocity', 'Sea Water Y Velocity', 'h point nominal longitude', 'q point nominal longitude', 'h point nominal latitude', 'q point nominal latitude', 'Depth at cell center']","['', '', '', '', '', '', 'sea_water_x_velocity', 'sea_water_y_velocity', '', '', '', '', '']","['', '', '', '', '', '', 'z_l:mean yh:mean xq:point time: mean', 'z_l:mean yq:point xh:mean time: mean', '', '', '', '', '']","['days', 'days since 1991-01-01 00:00:00', 'days since 1991-01-01 00:00:00', '', 'days since 1991-01-01 00:00:00', 'days', 'm s-1', 'm s-1', 'degrees_east', 'degrees_east', 'degrees_north', 'degrees_north', 'meters']",ocean
20010901.ocean_daily_z_2001_283.nc,/g/data/ik11/outputs/mom6-panan/panan-01-zstar-2001rerun/output005/20010901.ocean_daily_z_2001_283.nc,ocean.1day.nv:2.xh:3600.xq:3601.yh:845.yq:846.z_l_sub01:1,1day,"2001-10-10, 00:00:00","2001-10-11, 00:00:00","['average_DT', 'average_T1', 'average_T2', 'nv', 'time', 'time_bnds', 'uo', 'vo', 'xh', 'xq', 'yh', 'yq', 'z_l_sub01']","['Length of average period', 'Start time for average period', 'End time for average period', 'vertex number', 'time', 'time axis boundaries', 'Sea Water X Velocity', 'Sea Water Y Velocity', 'h point nominal longitude', 'q point nominal longitude', 'h point nominal latitude', 'q point nominal latitude', 'Depth at cell center']","['', '', '', '', '', '', 'sea_water_x_velocity', 'sea_water_y_velocity', '', '', '', '', '']","['', '', '', '', '', '', 'z_l:mean yh:mean xq:point time: mean', 'z_l:mean yq:point xh:mean time: mean', '', '', '', '', '']","['days', 'days since 1991-01-01 00:00:00', 'days since 1991-01-01 00:00:00', '', 'days since 1991-01-01 00:00:00', 'days', 'm s-1', 'm s-1', 'degrees_east', 'degrees_east', 'degrees_north', 'degrees_north', 'meters']",ocean
20010901.ocean_daily_z_2001_284.nc,/g/data/ik11/outputs/mom6-panan/panan-01-zstar-2001rerun/output005/20010901.ocean_daily_z_2001_284.nc,ocean.1day.nv:2.xh:3600.xq:3601.yh:845.yq:846.z_l_sub01:1,1day,"2001-10-11, 00:00:00","2001-10-12, 00:00:00","['average_DT', 'average_T1', 'average_T2', 'nv', 'time', 'time_bnds', 'uo', 'vo', 'xh', 'xq', 'yh', 'yq', 'z_l_sub01']","['Length of average period', 'Start time for average period', 'End time for average period', 'vertex number', 'time', 'time axis boundaries', 'Sea Water X Velocity', 'Sea Water Y Velocity', 'h point nominal longitude', 'q point nominal longitude', 'h point nominal latitude', 'q point nominal latitude', 'Depth at cell center']","['', '', '', '', '', '', 'sea_water_x_velocity', 'sea_water_y_velocity', '', '', '', '', '']","['', '', '', '', '', '', 'z_l:mean yh:mean xq:point time: mean', 'z_l:mean yq:point xh:mean time: mean', '', '', '', '', '']","['days', 'days since 1991-01-01 00:00:00', 'days since 1991-01-01 00:00:00', '', 'days since 1991-01-01 00:00:00', 'days', 'm s-1', 'm s-1', 'degrees_east', 'degrees_east', 'degrees_north', 'degrees_north', 'meters']",ocean
20010901.ocean_daily_z_2001_285.nc,/g/data/ik11/outputs/mom6-panan/panan-01-zstar-2001rerun/output005/20010901.ocean_daily_z_2001_285.nc,ocean.1day.nv:2.xh:3600.xq:3601.yh:845.yq:846.z_l_sub01:1,1day,"2001-10-12, 00:00:00","2001-10-13, 00:00:00","['average_DT', 'average_T1', 'average_T2', 'nv', 'time', 'time_bnds', 'uo', 'vo', 'xh', 'xq', 'yh', 'yq', 'z_l_sub01']","['Length of average period', 'Start time for average period', 'End time for average period', 'vertex number', 'time', 'time axis boundaries', 'Sea Water X Velocity', 'Sea Water Y Velocity', 'h point nominal longitude', 'q point nominal longitude', 'h point nominal latitude', 'q point nominal latitude', 'Depth at cell center']","['', '', '', '', '', '', 'sea_water_x_velocity', 'sea_water_y_velocity', '', '', '', '', '']","['', '', '', '', '', '', 'z_l:mean yh:mean xq:point time: mean', 'z_l:mean yq:point xh:mean time: mean', '', '', '', '', '']","['days', 'days since 1991-01-01 00:00:00', 'days since 1991-01-01 00:00:00', '', 'days since 1991-01-01 00:00:00', 'days', 'm s-1', 'm s-1', 'degrees_east', 'degrees_east', 'degrees_north', 'degrees_north', 'meters']",ocean
20010901.ocean_daily_z_2001_286.nc,/g/data/ik11/outputs/mom6-panan/panan-01-zstar-2001rerun/output005/20010901.ocean_daily_z_2001_286.nc,ocean.1day.nv:2.xh:3600.xq:3601.yh:845.yq:846.z_l_sub01:1,1day,"2001-10-13, 00:00:00","2001-10-14, 00:00:00","['average_DT', 'average_T1', 'average_T2', 'nv', 'time', 'time_bnds', 'uo', 'vo', 'xh', 'xq', 'yh', 'yq', 'z_l_sub01']","['Length of average period', 'Start time for average period', 'End time for average period', 'vertex number', 'time', 'time axis boundaries', 'Sea Water X Velocity', 'Sea Water Y Velocity', 'h point nominal longitude', 'q point nominal longitude', 'h point nominal latitude', 'q point nominal latitude', 'Depth at cell center']","['', '', '', '', '', '', 'sea_water_x_velocity', 'sea_water_y_velocity', '', '', '', '', '']","['', '', '', '', '', '', 'z_l:mean yh:mean xq:point time: mean', 'z_l:mean yq:point xh:mean time: mean', '', '', '', '', '']","['days', 'days since 1991-01-01 00:00:00', 'days since 1991-01-01 00:00:00', '', 'days since 1991-01-01 00:00:00', 'days', 'm s-1', 'm s-1', 'degrees_east', 'degrees_east', 'degrees_north', 'degrees_north', 'meters']",ocean
20010901.ocean_daily_z_2001_287.nc,/g/data/ik11/outputs/mom6-panan/panan-01-zstar-2001rerun/output005/20010901.ocean_daily_z_2001_287.nc,ocean.1day.nv:2.xh:3600.xq:3601.yh:845.yq:846.z_l_sub01:1,1day,"2001-10-14, 00:00:00","2001-10-15, 00:00:00","['average_DT', 'average_T1', 'average_T2', 'nv', 'time', 'time_bnds', 'uo', 'vo', 'xh', 'xq', 'yh', 'yq', 'z_l_sub01']","['Length of average period', 'Start time for average period', 'End time for average period', 'vertex number', 'time', 'time axis boundaries', 'Sea Water X Velocity', 'Sea Water Y Velocity', 'h point nominal longitude', 'q point nominal longitude', 'h point nominal latitude', 'q point nominal latitude', 'Depth at cell center']","['', '', '', '', '', '', 'sea_water_x_velocity', 'sea_water_y_velocity', '', '', '', '', '']","['', '', '', '', '', '', 'z_l:mean yh:mean xq:point time: mean', 'z_l:mean yq:point xh:mean time: mean', '', '', '', '', '']","['days', 'days since 1991-01-01 00:00:00', 'days since 1991-01-01 00:00:00', '', 'days since 1991-01-01 00:00:00', 'days', 'm s-1', 'm s-1', 'degrees_east', 'degrees_east', 'degrees_north', 'degrees_north', 'meters']",ocean
20010901.ocean_daily_z_2001_288.nc,/g/data/ik11/outputs/mom6-panan/panan-01-zstar-2001rerun/output005/20010901.ocean_daily_z_2001_288.nc,ocean.1day.nv:2.xh:3600.xq:3601.yh:845.yq:846.z_l_sub01:1,1day,"2001-10-15, 00:00:00","2001-10-16, 00:00:00","['average_DT', 'average_T1', 'average_T2', 'nv', 'time', 'time_bnds', 'uo', 'vo', 'xh', 'xq', 'yh', 'yq', 'z_l_sub01']","['Length of average period', 'Start time for average period', 'End time for average period', 'vertex number', 'time', 'time axis boundaries', 'Sea Water X Velocity', 'Sea Water Y Velocity', 'h point nominal longitude', 'q point nominal longitude', 'h point nominal latitude', 'q point nominal latitude', 'Depth at cell center']","['', '', '', '', '', '', 'sea_water_x_velocity', 'sea_water_y_velocity', '', '', '', '', '']","['', '', '', '', '', '', 'z_l:mean yh:mean xq:point time: mean', 'z_l:mean yq:point xh:mean time: mean', '', '', '', '', '']","['days', 'days since 1991-01-01 00:00:00', 'days since 1991-01-01 00:00:00', '', 'days since 1991-01-01 00:00:00', 'days', 'm s-1', 'm s-1', 'degrees_east', 'degrees_east', 'degrees_north', 'degrees_north', 'meters']",ocean
20010901.ocean_daily_z_2001_289.nc,/g/data/ik11/outputs/mom6-panan/panan-01-zstar-2001rerun/output005/20010901.ocean_daily_z_2001_289.nc,ocean.1day.nv:2.xh:3600.xq:3601.yh:845.yq:846.z_l_sub01:1,1day,"2001-10-16, 00:00:00","2001-10-17, 00:00:00","['average_DT', 'average_T1', 'average_T2', 'nv', 'time', 'time_bnds', 'uo', 'vo', 'xh', 'xq', 'yh', 'yq', 'z_l_sub01']","['Length of average period', 'Start time for average period', 'End time for average period', 'vertex number', 'time', 'time axis boundaries', 'Sea Water X Velocity', 'Sea Water Y Velocity', 'h point nominal longitude', 'q point nominal longitude', 'h point nominal latitude', 'q point nominal latitude', 'Depth at cell center']","['', '', '', '', '', '', 'sea_water_x_velocity', 'sea_water_y_velocity', '', '', '', '', '']","['', '', '', '', '', '', 'z_l:mean yh:mean xq:point time: mean', 'z_l:mean yq:point xh:mean time: mean', '', '', '', '', '']","['days', 'days since 1991-01-01 00:00:00', 'days since 1991-01-01 00:00:00', '', 'days since 1991-01-01 00:00:00', 'days', 'm s-1', 'm s-1', 'degrees_east', 'degrees_east', 'degrees_north', 'degrees_north', 'meters']",ocean
20010901.ocean_daily_z_2001_290.nc,/g/data/ik11/outputs/mom6-panan/panan-01-zstar-2001rerun/output005/20010901.ocean_daily_z_2001_290.nc,ocean.1day.nv:2.xh:3600.xq:3601.yh:845.yq:846.z_l_sub01:1,1day,"2001-10-17, 00:00:00","2001-10-18, 00:00:00","['average_DT', 'average_T1', 'average_T2', 'nv', 'time', 'time_bnds', 'uo', 'vo', 'xh', 'xq', 'yh', 'yq', 'z_l_sub01']","['Length of average period', 'Start time for average period', 'End time for average period', 'vertex number', 'time', 'time axis boundaries', 'Sea Water X Velocity', 'Sea Water Y Velocity', 'h point nominal longitude', 'q point nominal longitude', 'h point nominal latitude', 'q point nominal latitude', 'Depth at cell center']","['', '', '', '', '', '', 'sea_water_x_velocity', 'sea_water_y_velocity', '', '', '', '', '']","['', '', '', '', '', '', 'z_l:mean yh:mean xq:point time: mean', 'z_l:mean yq:point xh:mean time: mean', '', '', '', '', '']","['days', 'days since 1991-01-01 00:00:00', 'days since 1991-01-01 00:00:00', '', 'days since 1991-01-01 00:00:00', 'days', 'm s-1', 'm s-1', 'degrees_east', 'degrees_east', 'degrees_north', 'degrees_north', 'meters']",ocean
20010901.ocean_daily_z_2001_291.nc,/g/data/ik11/outputs/mom6-panan/panan-01-zstar-2001rerun/output005/20010901.ocean_daily_z_2001_291.nc,ocean.1day.nv:2.xh:3600.xq:3601.yh:845.yq:846.z_l_sub01:1,1day,"2001-10-18, 00:00:00","2001-10-19, 00:00:00","['average_DT', 'average_T1', 'average_T2', 'nv', 'time', 'time_bnds', 'uo', 'vo', 'xh', 'xq', 'yh', 'yq', 'z_l_sub01']","['Length of average period', 'Start time for average period', 'End time for average period', 'vertex number', 'time', 'time axis boundaries', 'Sea Water X Velocity', 'Sea Water Y Velocity', 'h point nominal longitude', 'q point nominal longitude', 'h point nominal latitude', 'q point nominal latitude', 'Depth at cell center']","['', '', '', '', '', '', 'sea_water_x_velocity', 'sea_water_y_velocity', '', '', '', '', '']","['', '', '', '', '', '', 'z_l:mean yh:mean xq:point time: mean', 'z_l:mean yq:point xh:mean time: mean', '', '', '', '', '']","['days', 'days since 1991-01-01 00:00:00', 'days since 1991-01-01 00:00:00', '', 'days since 1991-01-01 00:00:00', 'days', 'm s-1', 'm s-1', 'degrees_east', 'degrees_east', 'degrees_north', 'degrees_north', 'meters']",ocean
20010901.ocean_daily_z_2001_292.nc,/g/data/ik11/outputs/mom6-panan/panan-01-zstar-2001rerun/output005/20010901.ocean_daily_z_2001_292.nc,ocean.1day.nv:2.xh:3600.xq:3601.yh:845.yq:846.z_l_sub01:1,1day,"2001-10-19, 00:00:00","2001-10-20, 00:00:00","['average_DT', 'average_T1', 'average_T2', 'nv', 'time', 'time_bnds', 'uo', 'vo', 'xh', 'xq', 'yh', 'yq', 'z_l_sub01']","['Length of average period', 'Start time for average period', 'End time for average period', 'vertex number', 'time', 'time axis boundaries', 'Sea Water X Velocity', 'Sea Water Y Velocity', 'h point nominal longitude', 'q point nominal longitude', 'h point nominal latitude', 'q point nominal latitude', 'Depth at cell center']","['', '', '', '', '', '', 'sea_water_x_velocity', 'sea_water_y_velocity', '', '', '', '', '']","['', '', '', '', '', '', 'z_l:mean yh:mean xq:point time: mean', 'z_l:mean yq:point xh:mean time: mean', '', '', '', '', '']","['days', 'days since 1991-01-01 00:00:00', 'days since 1991-01-01 00:00:00', '', 'days since 1991-01-01 00:00:00', 'days', 'm s-1', 'm s-1', 'degrees_east', 'degrees_east', 'degrees_north', 'degrees_north', 'meters']",ocean
20010901.ocean_daily_z_2001_293.nc,/g/data/ik11/outputs/mom6-panan/panan-01-zstar-2001rerun/output005/20010901.ocean_daily_z_2001_293.nc,ocean.1day.nv:2.xh:3600.xq:3601.yh:845.yq:846.z_l_sub01:1,1day,"2001-10-20, 00:00:00","2001-10-21, 00:00:00","['average_DT', 'average_T1', 'average_T2', 'nv', 'time', 'time_bnds', 'uo', 'vo', 'xh', 'xq', 'yh', 'yq', 'z_l_sub01']","['Length of average period', 'Start time for average period', 'End time for average period', 'vertex number', 'time', 'time axis boundaries', 'Sea Water X Velocity', 'Sea Water Y Velocity', 'h point nominal longitude', 'q point nominal longitude', 'h point nominal latitude', 'q point nominal latitude', 'Depth at cell center']","['', '', '', '', '', '', 'sea_water_x_velocity', 'sea_water_y_velocity', '', '', '', '', '']","['', '', '', '', '', '', 'z_l:mean yh:mean xq:point time: mean', 'z_l:mean yq:point xh:mean time: mean', '', '', '', '', '']","['days', 'days since 1991-01-01 00:00:00', 'days since 1991-01-01 00:00:00', '', 'days since 1991-01-01 00:00:00', 'days', 'm s-1', 'm s-1', 'degrees_east', 'degrees_east', 'degrees_north', 'degrees_north', 'meters']",ocean
20010901.ocean_daily_z_2001_294.nc,/g/data/ik11/outputs/mom6-panan/panan-01-zstar-2001rerun/output005/20010901.ocean_daily_z_2001_294.nc,ocean.1day.nv:2.xh:3600.xq:3601.yh:845.yq:846.z_l_sub01:1,1day,"2001-10-21, 00:00:00","2001-10-22, 00:00:00","['average_DT', 'average_T1', 'average_T2', 'nv', 'time', 'time_bnds', 'uo', 'vo', 'xh', 'xq', 'yh', 'yq', 'z_l_sub01']","['Length of average period', 'Start time for average period', 'End time for average period', 'vertex number', 'time', 'time axis boundaries', 'Sea Water X Velocity', 'Sea Water Y Velocity', 'h point nominal longitude', 'q point nominal longitude', 'h point nominal latitude', 'q point nominal latitude', 'Depth at cell center']","['', '', '', '', '', '', 'sea_water_x_velocity', 'sea_water_y_velocity', '', '', '', '', '']","['', '', '', '', '', '', 'z_l:mean yh:mean xq:point time: mean', 'z_l:mean yq:point xh:mean time: mean', '', '', '', '', '']","['days', 'days since 1991-01-01 00:00:00', 'days since 1991-01-01 00:00:00', '', 'days since 1991-01-01 00:00:00', 'days', 'm s-1', 'm s-1', 'degrees_east', 'degrees_east', 'degrees_north', 'degrees_north', 'meters']",ocean
20010901.ocean_daily_z_2001_295.nc,/g/data/ik11/outputs/mom6-panan/panan-01-zstar-2001rerun/output005/20010901.ocean_daily_z_2001_295.nc,ocean.1day.nv:2.xh:3600.xq:3601.yh:845.yq:846.z_l_sub01:1,1day,"2001-10-22, 00:00:00","2001-10-23, 00:00:00","['average_DT', 'average_T1', 'average_T2', 'nv', 'time', 'time_bnds', 'uo', 'vo', 'xh', 'xq', 'yh', 'yq', 'z_l_sub01']","['Length of average period', 'Start time for average period', 'End time for average period', 'vertex number', 'time', 'time axis boundaries', 'Sea Water X Velocity', 'Sea Water Y Velocity', 'h point nominal longitude', 'q point nominal longitude', 'h point nominal latitude', 'q point nominal latitude', 'Depth at cell center']","['', '', '', '', '', '', 'sea_water_x_velocity', 'sea_water_y_velocity', '', '', '', '', '']","['', '', '', '', '', '', 'z_l:mean yh:mean xq:point time: mean', 'z_l:mean yq:point xh:mean time: mean', '', '', '', '', '']","['days', 'days since 1991-01-01 00:00:00', 'days since 1991-01-01 00:00:00', '', 'days since 1991-01-01 00:00:00', 'days', 'm s-1', 'm s-1', 'degrees_east', 'degrees_east', 'degrees_north', 'degrees_north', 'meters']",ocean
20010901.ocean_daily_z_2001_296.nc,/g/data/ik11/outputs/mom6-panan/panan-01-zstar-2001rerun/output005/20010901.ocean_daily_z_2001_296.nc,ocean.1day.nv:2.xh:3600.xq:3601.yh:845.yq:846.z_l_sub01:1,1day,"2001-10-23, 00:00:00","2001-10-24, 00:00:00","['average_DT', 'average_T1', 'average_T2', 'nv', 'time', 'time_bnds', 'uo', 'vo', 'xh', 'xq', 'yh', 'yq', 'z_l_sub01']","['Length of average period', 'Start time for average period', 'End time for average period', 'vertex number', 'time', 'time axis boundaries', 'Sea Water X Velocity', 'Sea Water Y Velocity', 'h point nominal longitude', 'q point nominal longitude', 'h point nominal latitude', 'q point nominal latitude', 'Depth at cell center']","['', '', '', '', '', '', 'sea_water_x_velocity', 'sea_water_y_velocity', '', '', '', '', '']","['', '', '', '', '', '', 'z_l:mean yh:mean xq:point time: mean', 'z_l:mean yq:point xh:mean time: mean', '', '', '', '', '']","['days', 'days since 1991-01-01 00:00:00', 'days since 1991-01-01 00:00:00', '', 'days since 1991-01-01 00:00:00', 'days', 'm s-1', 'm s-1', 'degrees_east', 'degrees_east', 'degrees_north', 'degrees_north', 'meters']",ocean
20010901.ocean_daily_z_2001_297.nc,/g/data/ik11/outputs/mom6-panan/panan-01-zstar-2001rerun/output005/20010901.ocean_daily_z_2001_297.nc,ocean.1day.nv:2.xh:3600.xq:3601.yh:845.yq:846.z_l_sub01:1,1day,"2001-10-24, 00:00:00","2001-10-25, 00:00:00","['average_DT', 'average_T1', 'average_T2', 'nv', 'time', 'time_bnds', 'uo', 'vo', 'xh', 'xq', 'yh', 'yq', 'z_l_sub01']","['Length of average period', 'Start time for average period', 'End time for average period', 'vertex number', 'time', 'time axis boundaries', 'Sea Water X Velocity', 'Sea Water Y Velocity', 'h point nominal longitude', 'q point nominal longitude', 'h point nominal latitude', 'q point nominal latitude', 'Depth at cell center']","['', '', '', '', '', '', 'sea_water_x_velocity', 'sea_water_y_velocity', '', '', '', '', '']","['', '', '', '', '', '', 'z_l:mean yh:mean xq:point time: mean', 'z_l:mean yq:point xh:mean time: mean', '', '', '', '', '']","['days', 'days since 1991-01-01 00:00:00', 'days since 1991-01-01 00:00:00', '', 'days since 1991-01-01 00:00:00', 'days', 'm s-1', 'm s-1', 'degrees_east', 'degrees_east', 'degrees_north', 'degrees_north', 'meters']",ocean
20010901.ocean_daily_z_2001_298.nc,/g/data/ik11/outputs/mom6-panan/panan-01-zstar-2001rerun/output005/20010901.ocean_daily_z_2001_298.nc,ocean.1day.nv:2.xh:3600.xq:3601.yh:845.yq:846.z_l_sub01:1,1day,"2001-10-25, 00:00:00","2001-10-26, 00:00:00","['average_DT', 'average_T1', 'average_T2', 'nv', 'time', 'time_bnds', 'uo', 'vo', 'xh', 'xq', 'yh', 'yq', 'z_l_sub01']","['Length of average period', 'Start time for average period', 'End time for average period', 'vertex number', 'time', 'time axis boundaries', 'Sea Water X Velocity', 'Sea Water Y Velocity', 'h point nominal longitude', 'q point nominal longitude', 'h point nominal latitude', 'q point nominal latitude', 'Depth at cell center']","['', '', '', '', '', '', 'sea_water_x_velocity', 'sea_water_y_velocity', '', '', '', '', '']","['', '', '', '', '', '', 'z_l:mean yh:mean xq:point time: mean', 'z_l:mean yq:point xh:mean time: mean', '', '', '', '', '']","['days', 'days since 1991-01-01 00:00:00', 'days since 1991-01-01 00:00:00', '', 'days since 1991-01-01 00:00:00', 'days', 'm s-1', 'm s-1', 'degrees_east', 'degrees_east', 'degrees_north', 'degrees_north', 'meters']",ocean
20010901.ocean_daily_z_2001_299.nc,/g/data/ik11/outputs/mom6-panan/panan-01-zstar-2001rerun/output005/20010901.ocean_daily_z_2001_299.nc,ocean.1day.nv:2.xh:3600.xq:3601.yh:845.yq:846.z_l_sub01:1,1day,"2001-10-26, 00:00:00","2001-10-27, 00:00:00","['average_DT', 'average_T1', 'average_T2', 'nv', 'time', 'time_bnds', 'uo', 'vo', 'xh', 'xq', 'yh', 'yq', 'z_l_sub01']","['Length of average period', 'Start time for average period', 'End time for average period', 'vertex number', 'time', 'time axis boundaries', 'Sea Water X Velocity', 'Sea Water Y Velocity', 'h point nominal longitude', 'q point nominal longitude', 'h point nominal latitude', 'q point nominal latitude', 'Depth at cell center']","['', '', '', '', '', '', 'sea_water_x_velocity', 'sea_water_y_velocity', '', '', '', '', '']","['', '', '', '', '', '', 'z_l:mean yh:mean xq:point time: mean', 'z_l:mean yq:point xh:mean time: mean', '', '', '', '', '']","['days', 'days since 1991-01-01 00:00:00', 'days since 1991-01-01 00:00:00', '', 'days since 1991-01-01 00:00:00', 'days', 'm s-1', 'm s-1', 'degrees_east', 'degrees_east', 'degrees_north', 'degrees_north', 'meters']",ocean
20010901.ocean_daily_z_2001_300.nc,/g/data/ik11/outputs/mom6-panan/panan-01-zstar-2001rerun/output005/20010901.ocean_daily_z_2001_300.nc,ocean.1day.nv:2.xh:3600.xq:3601.yh:845.yq:846.z_l_sub01:1,1day,"2001-10-27, 00:00:00","2001-10-28, 00:00:00","['average_DT', 'average_T1', 'average_T2', 'nv', 'time', 'time_bnds', 'uo', 'vo', 'xh', 'xq', 'yh', 'yq', 'z_l_sub01']","['Length of average period', 'Start time for average period', 'End time for average period', 'vertex number', 'time', 'time axis boundaries', 'Sea Water X Velocity', 'Sea Water Y Velocity', 'h point nominal longitude', 'q point nominal longitude', 'h point nominal latitude', 'q point nominal latitude', 'Depth at cell center']","['', '', '', '', '', '', 'sea_water_x_velocity', 'sea_water_y_velocity', '', '', '', '', '']","['', '', '', '', '', '', 'z_l:mean yh:mean xq:point time: mean', 'z_l:mean yq:point xh:mean time: mean', '', '', '', '', '']","['days', 'days since 1991-01-01 00:00:00', 'days since 1991-01-01 00:00:00', '', 'days since 1991-01-01 00:00:00', 'days', 'm s-1', 'm s-1', 'degrees_east', 'degrees_east', 'degrees_north', 'degrees_north', 'meters']",ocean
20010901.ocean_daily_z_2001_301.nc,/g/data/ik11/outputs/mom6-panan/panan-01-zstar-2001rerun/output005/20010901.ocean_daily_z_2001_301.nc,ocean.1day.nv:2.xh:3600.xq:3601.yh:845.yq:846.z_l_sub01:1,1day,"2001-10-28, 00:00:00","2001-10-29, 00:00:00","['average_DT', 'average_T1', 'average_T2', 'nv', 'time', 'time_bnds', 'uo', 'vo', 'xh', 'xq', 'yh', 'yq', 'z_l_sub01']","['Length of average period', 'Start time for average period', 'End time for average period', 'vertex number', 'time', 'time axis boundaries', 'Sea Water X Velocity', 'Sea Water Y Velocity', 'h point nominal longitude', 'q point nominal longitude', 'h point nominal latitude', 'q point nominal latitude', 'Depth at cell center']","['', '', '', '', '', '', 'sea_water_x_velocity', 'sea_water_y_velocity', '', '', '', '', '']","['', '', '', '', '', '', 'z_l:mean yh:mean xq:point time: mean', 'z_l:mean yq:point xh:mean time: mean', '', '', '', '', '']","['days', 'days since 1991-01-01 00:00:00', 'days since 1991-01-01 00:00:00', '', 'days since 1991-01-01 00:00:00', 'days', 'm s-1', 'm s-1', 'degrees_east', 'degrees_east', 'degrees_north', 'degrees_north', 'meters']",ocean
20010901.ocean_daily_z_2001_302.nc,/g/data/ik11/outputs/mom6-panan/panan-01-zstar-2001rerun/output005/20010901.ocean_daily_z_2001_302.nc,ocean.1day.nv:2.xh:3600.xq:3601.yh:845.yq:846.z_l_sub01:1,1day,"2001-10-29, 00:00:00","2001-10-30, 00:00:00","['average_DT', 'average_T1', 'average_T2', 'nv', 'time', 'time_bnds', 'uo', 'vo', 'xh', 'xq', 'yh', 'yq', 'z_l_sub01']","['Length of average period', 'Start time for average period', 'End time for average period', 'vertex number', 'time', 'time axis boundaries', 'Sea Water X Velocity', 'Sea Water Y Velocity', 'h point nominal longitude', 'q point nominal longitude', 'h point nominal latitude', 'q point nominal latitude', 'Depth at cell center']","['', '', '', '', '', '', 'sea_water_x_velocity', 'sea_water_y_velocity', '', '', '', '', '']","['', '', '', '', '', '', 'z_l:mean yh:mean xq:point time: mean', 'z_l:mean yq:point xh:mean time: mean', '', '', '', '', '']","['days', 'days since 1991-01-01 00:00:00', 'days since 1991-01-01 00:00:00', '', 'days since 1991-01-01 00:00:00', 'days', 'm s-1', 'm s-1', 'degrees_east', 'degrees_east', 'degrees_north', 'degrees_north', 'meters']",ocean
20010901.ocean_daily_z_2001_303.nc,/g/data/ik11/outputs/mom6-panan/panan-01-zstar-2001rerun/output005/20010901.ocean_daily_z_2001_303.nc,ocean.1day.nv:2.xh:3600.xq:3601.yh:845.yq:846.z_l_sub01:1,1day,"2001-10-30, 00:00:00","2001-10-31, 00:00:00","['average_DT', 'average_T1', 'average_T2', 'nv', 'time', 'time_bnds', 'uo', 'vo', 'xh', 'xq', 'yh', 'yq', 'z_l_sub01']","['Length of average period', 'Start time for average period', 'End time for average period', 'vertex number', 'time', 'time axis boundaries', 'Sea Water X Velocity', 'Sea Water Y Velocity', 'h point nominal longitude', 'q point nominal longitude', 'h point nominal latitude', 'q point nominal latitude', 'Depth at cell center']","['', '', '', '', '', '', 'sea_water_x_velocity', 'sea_water_y_velocity', '', '', '', '', '']","['', '', '', '', '', '', 'z_l:mean yh:mean xq:point time: mean', 'z_l:mean yq:point xh:mean time: mean', '', '', '', '', '']","['days', 'days since 1991-01-01 00:00:00', 'days since 1991-01-01 00:00:00', '', 'days since 1991-01-01 00:00:00', 'days', 'm s-1', 'm s-1', 'degrees_east', 'degrees_east', 'degrees_north', 'degrees_north', 'meters']",ocean
20010901.ocean_daily_z_2001_304.nc,/g/data/ik11/outputs/mom6-panan/panan-01-zstar-2001rerun/output005/20010901.ocean_daily_z_2001_304.nc,ocean.1day.nv:2.xh:3600.xq:3601.yh:845.yq:846.z_l_sub01:1,1day,"2001-10-31, 00:00:00","2001-11-01, 00:00:00","['average_DT', 'average_T1', 'average_T2', 'nv', 'time', 'time_bnds', 'uo', 'vo', 'xh', 'xq', 'yh', 'yq', 'z_l_sub01']","['Length of average period', 'Start time for average period', 'End time for average period', 'vertex number', 'time', 'time axis boundaries', 'Sea Water X Velocity', 'Sea Water Y Velocity', 'h point nominal longitude', 'q point nominal longitude', 'h point nominal latitude', 'q point nominal latitude', 'Depth at cell center']","['', '', '', '', '', '', 'sea_water_x_velocity', 'sea_water_y_velocity', '', '', '', '', '']","['', '', '', '', '', '', 'z_l:mean yh:mean xq:point time: mean', 'z_l:mean yq:point xh:mean time: mean', '', '', '', '', '']","['days', 'days since 1991-01-01 00:00:00', 'days since 1991-01-01 00:00:00', '', 'days since 1991-01-01 00:00:00', 'days', 'm s-1', 'm s-1', 'degrees_east', 'degrees_east', 'degrees_north', 'degrees_north', 'meters']",ocean
20010901.ocean_month.nc,/g/data/ik11/outputs/mom6-panan/panan-01-zstar-2001rerun/output005/20010901.ocean_month.nc,ocean.1mon.nv:2.scalar_axis:1.xh:3600.xq:3601.yh:845.yq:846.zi:76,1mon,"2001-09-01, 00:00:00","2001-11-01, 00:00:00","['Heat_PmE', 'LW', 'SW', 'T_advection_xy_2d', 'Th_tendency_vert_remap_2d', 'average_DT', 'average_T1', 'average_T2', 'boundary_forcing_heat_tendency_2d', 'evap', 'frazil', 'frazil_heat_tendency_2d', 'frunoff', 'heat_added', 'heat_content_fprec', 'heat_content_frunoff', 'heat_content_icemelt', 'heat_content_lprec', 'heat_content_lrunoff', 'heat_content_massin', 'heat_content_massout', 'hfds', 'hfrainds', 'hfrunoffds', 'latent', 'latent_evap', 'latent_fprec_diag', 'latent_frunoff', 'lrunoff', 'mlotst', 'net_heat_coupler', 'net_massin', 'net_massout', 'nv', 'opottempdiff_2d', 'opottemppmdiff_2d', 'opottemptend_2d', 'precip', 'rsdo', 'salt_flux', 'salt_flux_added', 'salt_flux_in', 'scalar_axis', 'seaice_melt', 'seaice_melt_heat', 'sensible', 'sob', 'sos', 'tauuo', 'tauvo', 'time', 'time_bnds', 'tob', 'tos', 'total_icemelt', 'umo_2d', 'vmo_2d', 'wfo', 'xh', 'xq', 'yh', 'yq', 'zi', 'zos']","['Heat flux into ocean from mass flux into ocean', 'Longwave radiation flux into ocean', 'Shortwave radiation flux into ocean', 'Vertical sum of horizontal convergence of residual mean advective fluxes of heat', 'Vertical sum of vertical remapping tracer content tendency for Heat', 'Length of average period', 'Start time for average period', 'End time for average period', 'Depth integrated boundary forcing of ocean heat', 'Evaporation/condensation at ocean surface (evaporation is negative)', 'Heat from frazil formation', 'Depth integrated heat tendency due to frazil formation', 'Frozen runoff (calving) and iceberg melt into ocean', 'Flux Adjustment or restoring surface heat flux into ocean', 'Heat content (relative to 0degC) of frozen prec entering ocean', 'Heat content (relative to 0C) of solid runoff into ocean', 'Heat content (relative to 0degC) of water flux due to sea ice melting/freezing', 'Heat content (relative to 0degC) of liquid precip entering ocean', 'Heat content (relative to 0C) of liquid runoff into ocean', 'Heat content (relative to 0degC) of net mass entering ocean ocean', 'Heat content (relative to 0degC) of net mass leaving ocean ocean via evap and ice form', 'Surface ocean heat flux from SW+LW+latent+sensible+masstransfer+frazil+seaice_melt_heat', 'Heat content (relative to 0degC) of liquid+frozen precip entering ocean', 'Heat content (relative to 0C) of liquid+solid runoff into ocean', 'Latent heat flux into ocean due to fusion and evaporation (negative means ocean heat loss)', 'Latent heat flux into ocean due to evaporation/condensation', 'Latent heat flux into ocean due to melting of frozen precipitation', 'Latent heat flux into ocean due to melting of icebergs', 'Liquid runoff (rivers) into ocean', 'Ocean Mixed Layer Thickness Defined by Sigma T', 'Surface ocean heat flux from SW+LW+latent+sensible+seaice_melt_heat (via the coupler)', 'Net mass entering ocean due to precip, runoff, ice melt', 'Net mass leaving the ocean due to evaporation, seaice formation', 'vertex number', 'Tendency of sea water potential temperature expressed as heat content due to parameterized dianeutral mixing depth integrated', 'Tendency of sea water potential temperature expressed as heat content due to parameterized mesoscale neutral diffusion', 'Tendency of Sea Water Potential Temperature Expressed as Heat Content Vertical Sum', 'Liquid + frozen precipitation into ocean', 'Downwelling Shortwave Flux in Sea Water at Grid Cell Upper Interface', 'Net salt flux into ocean at surface (restoring + sea-ice)', 'Salt flux into ocean at surface due to restoring or flux adjustment', 'Salt flux into ocean at surface from coupler', 'none', 'water flux to ocean from snow/sea ice melting(> 0) or formation(< 0)', 'Heat flux into ocean due to snow and sea ice melt/freeze', 'Sensible heat flux into ocean', 'Sea Water Salinity at Sea Floor', 'Sea Surface Salinity', 'Surface Downward X Stress', 'Surface Downward Y Stress', 'time', 'time axis boundaries', 'Sea Water Potential Temperature at Sea Floor', 'Sea Surface Temperature', 'Area integrated sea ice melt (>0) or form (<0)', 'Ocean Mass X Transport Vertical Sum', 'Ocean Mass Y Transport Vertical Sum', 'Water Flux Into Sea Water', 'h point nominal longitude', 'q point nominal longitude', 'h point nominal latitude', 'q point nominal latitude', 'Interface pseudo-depth, -z*', 'Sea surface height above geoid']","['', 'surface_net_downward_longwave_flux', 'net_downward_shortwave_flux_at_sea_water_surface', '', '', '', '', '', '', 'water_evaporation_flux', '', '', 'water_flux_into_sea_water_from_icebergs', '', '', 'temperature_flux_due_to_solid_runoff_expressed_as_heat_flux_into_sea_water', '', '', 'temperature_flux_due_to_runoff_expressed_as_heat_flux_into_sea_water', '', '', 'surface_downward_heat_flux_in_sea_water', 'temperature_flux_due_to_rainfall_expressed_as_heat_flux_into_sea_water', 'temperature_flux_due_to_runoff_expressed_as_heat_flux_into_sea_water', '', '', '', '', 'water_flux_into_sea_water_from_rivers', 'ocean_mixed_layer_thickness_defined_by_sigma_t', '', '', '', '', 'tendency_of_sea_water_potential_temperature_expressed_as_heat_content_due_to_parameterized_dianeutral_mixing_depth_integrated', 'tendency_of_sea_water_potential_temperature_expressed_as_heat_content_due_to_parameterized_mesoscale_neutral_diffusion', 'tendency_of_sea_water_potential_temperature_expressed_as_heat_content_vertical_sum', '', 'downwelling_shortwave_flux_in_sea_water', '', '', '', '', 'water_flux_into_sea_water_due_to_sea_ice_thermodynamics', 'snow_ice_melt_heat_flux', 'surface_downward_sensible_heat_flux', 'sea_water_salinity_at_sea_floor', 'sea_surface_salinity', 'surface_downward_x_stress', 'surface_downward_y_stress', '', '', 'sea_water_potential_temperature_at_sea_floor', 'sea_surface_temperature', 'water_flux_into_sea_water_due_to_sea_ice_thermodynamics_area_integrated', 'ocean_mass_x_transport_vertical_sum', 'ocean_mass_y_transport_vertical_sum', 'water_flux_into_sea_water', '', '', '', '', '', 'sea_surface_height_above_geoid']","['area:mean yh:mean xh:mean time: mean', 'area:mean yh:mean xh:mean time: mean', 'area:mean yh:mean xh:mean time: mean', 'area:mean yh:mean xh:mean time: mean', 'area:mean yh:mean xh:mean time: mean', '', '', '', 'area:mean yh:mean xh:mean time: mean', 'area:mean yh:mean xh:mean time: mean', 'area:mean yh:mean xh:mean time: mean', 'area:mean yh:mean xh:mean time: mean', 'area:mean yh:mean xh:mean time: mean', 'area:mean yh:mean xh:mean time: mean', 'area:mean yh:mean xh:mean time: mean', 'area:mean yh:mean xh:mean time: mean', 'area:mean yh:mean xh:mean time: mean', 'area:mean yh:mean xh:mean time: mean', 'area:mean yh:mean xh:mean time: mean', 'area:mean yh:mean xh:mean time: mean', 'area:mean yh:mean xh:mean time: mean', 'area:mean yh:mean xh:mean time: mean', 'area:mean yh:mean xh:mean time: mean', 'area:mean yh:mean xh:mean time: mean', 'area:mean yh:mean xh:mean time: mean', 'area:mean yh:mean xh:mean time: mean', 'area:mean yh:mean xh:mean time: mean', 'area:mean yh:mean xh:mean time: mean', 'area:mean yh:mean xh:mean time: mean', 'area:mean yh:mean xh:mean time: mean', 'area:mean yh:mean xh:mean time: mean', 'area:mean yh:mean xh:mean time: mean', 'area:mean yh:mean xh:mean time: mean', '', 'area:mean yh:mean xh:mean time: mean', 'area:sum yh:sum xh:sum time: mean', 'area:mean yh:mean xh:mean time: mean', 'area:mean yh:mean xh:mean time: mean', 'area:mean zi:point yh:mean xh:mean time: mean', 'area:mean yh:mean xh:mean time: mean', 'area:mean yh:mean xh:mean time: mean', 'area:mean yh:mean xh:mean time: mean', '', 'area:mean yh:mean xh:mean time: mean', 'area:mean yh:mean xh:mean time: mean', 'area:mean yh:mean xh:mean time: mean', 'area:mean yh:mean xh:mean time: mean', 'area:mean yh:mean xh:mean time: mean', 'yh:mean xq:point time: mean', 'yq:point xh:mean time: mean', '', '', 'area:mean yh:mean xh:mean time: mean', 'area:mean yh:mean xh:mean time: mean', 'time: mean', 'yh:sum xq:point time: mean', 'yq:point xh:sum time: mean', 'area:mean yh:mean xh:mean time: mean', '', '', '', '', '', 'area:mean yh:mean xh:mean time: mean']","['W m-2', 'W m-2', 'W m-2', 'W m-2', 'W m-2', 'days', 'days since 1991-01-01 00:00:00', 'days since 1991-01-01 00:00:00', 'W m-2', 'kg m-2 s-1', 'W m-2', 'W m-2', 'kg m-2 s-1', 'W m-2', 'W m-2', 'W m-2', 'W m-2', 'W m-2', 'W m-2', 'W m-2', 'W m-2', 'W m-2', 'W m-2', 'W m-2', 'W m-2', 'W m-2', 'W m-2', 'W m-2', 'kg m-2 s-1', 'm', 'W m-2', 'kg m-2 s-1', 'kg m-2 s-1', '', 'W m-2', 'W m-2', 'W m-2', 'kg m-2 s-1', 'W m-2', 'kg m-2 s-1', 'kg m-2 s-1', 'kg m-2 s-1', '', 'kg m-2 s-1', 'W m-2', 'W m-2', 'psu', 'psu', 'N m-2', 'N m-2', 'days since 1991-01-01 00:00:00', 'days', 'degC', 'degC', 'kg s-1', 'kg s-1', 'kg s-1', 'kg m-2 s-1', 'degrees_east', 'degrees_east', 'degrees_north', 'degrees_north', 'meter', 'm']",ocean
20010901.ocean_month_rho2.nc,/g/data/ik11/outputs/mom6-panan/panan-01-zstar-2001rerun/output005/20010901.ocean_month_rho2.nc,ocean.1mon.nv:2.rho2_i:100.rho2_l:99.xh:3600.xq:3601.yh:845.yq:846,1mon,"2001-09-01, 00:00:00","2001-11-01, 00:00:00","['T_advection_xy', 'T_adx', 'T_ady', 'Th_tendency_vert_remap', 'average_DT', 'average_T1', 'average_T2', 'boundary_forcing_heat_tendency', 'frazil_heat_tendency', 'nv', 'opottempdiff', 'opottemppmdiff', 'opottemptend', 'rho2_i', 'rho2_l', 'thetao', 'time', 'time_bnds', 'umo', 'uo', 'vmo', 'vo', 'volcello', 'xh', 'xq', 'yh', 'yq']","['Horizontal convergence of residual mean advective fluxes of heat', 'Advective (by residual mean) Zonal Flux of Heat', 'Advective (by residual mean) Meridional Flux of Heat', 'Vertical remapping tracer content tendency for Heat', 'Length of average period', 'Start time for average period', 'End time for average period', 'Boundary forcing heat tendency', 'Heat tendency due to frazil formation', 'vertex number', 'Tendency of sea water potential temperature expressed as heat content due to parameterized dianeutral mixing', 'Tendency of sea water potential temperature expressed as heat content due to parameterized mesoscale neutral diffusion', 'Tendency of Sea Water Potential Temperature Expressed as Heat Content', 'Target Potential Density at interface', 'Target Potential Density at cell center', 'Sea Water Potential Temperature', 'time', 'time axis boundaries', 'Ocean Mass X Transport', 'Sea Water X Velocity', 'Ocean Mass Y Transport', 'Sea Water Y Velocity', 'Ocean grid-cell volume', 'h point nominal longitude', 'q point nominal longitude', 'h point nominal latitude', 'q point nominal latitude']","['', '', '', '', '', '', '', '', '', '', 'tendency_of_sea_water_potential_temperature_expressed_as_heat_content_due_to_parameterized_dianeutral_mixing', 'tendency_of_sea_water_potential_temperature_expressed_as_heat_content_due_to_parameterized_mesoscale_neutral_diffusion', 'tendency_of_sea_water_potential_temperature_expressed_as_heat_content', '', '', 'sea_water_potential_temperature', '', '', 'ocean_mass_x_transport', 'sea_water_x_velocity', 'ocean_mass_y_transport', 'sea_water_y_velocity', 'ocean_volume', '', '', '', '']","['area:mean rho2_l:sum yh:mean xh:mean time: mean', 'rho2_l:sum yh:sum xq:point time: mean', 'rho2_l:sum yq:point xh:sum time: mean', 'area:mean rho2_l:sum yh:mean xh:mean time: mean', '', '', '', 'area:mean rho2_l:sum yh:mean xh:mean time: mean', 'area:mean rho2_l:sum yh:mean xh:mean time: mean', '', 'area:mean rho2_l:sum yh:mean xh:mean time: mean', 'area:sum rho2_l:sum yh:sum xh:sum time: mean', 'area:mean rho2_l:sum yh:mean xh:mean time: mean', '', '', 'area:mean rho2_l:mean yh:mean xh:mean time: mean', '', '', 'rho2_l:sum yh:sum xq:point time: mean', 'rho2_l:mean yh:mean xq:point time: mean', 'rho2_l:sum yq:point xh:sum time: mean', 'rho2_l:mean yq:point xh:mean time: mean', 'area:sum rho2_l:sum yh:sum xh:sum time: mean', '', '', '', '']","['W m-2', 'W', 'W', 'W m-2', 'days', 'days since 1991-01-01 00:00:00', 'days since 1991-01-01 00:00:00', 'W m-2', 'W m-2', '', 'W m-2', 'W m-2', 'W m-2', 'kg m-3', 'kg m-3', 'degC', 'days since 1991-01-01 00:00:00', 'days', 'kg s-1', 'm s-1', 'kg s-1', 'm s-1', 'm3', 'degrees_east', 'degrees_east', 'degrees_north', 'degrees_north']",ocean
20010901.ocean_month_z.nc,/g/data/ik11/outputs/mom6-panan/panan-01-zstar-2001rerun/output005/20010901.ocean_month_z.nc,ocean.1mon.nv:2.xh:3600.xq:3601.yh:845.yq:846.z_i:76.z_l:75,1mon,"2001-09-01, 00:00:00","2001-11-01, 00:00:00","['T_advection_xy', 'T_adx', 'T_ady', 'Th_tendency_vert_remap', 'agessc', 'average_DT', 'average_T1', 'average_T2', 'boundary_forcing_heat_tendency', 'frazil_heat_tendency', 'nv', 'opottempdiff', 'opottemppmdiff', 'opottemptend', 'rhopot0', 'rhopot2', 'so', 'thetao', 'time', 'time_bnds', 'umo', 'uo', 'vmo', 'vo', 'volcello', 'xh', 'xq', 'yh', 'yq', 'z_i', 'z_l']","['Horizontal convergence of residual mean advective fluxes of heat', 'Advective (by residual mean) Zonal Flux of Heat', 'Advective (by residual mean) Meridional Flux of Heat', 'Vertical remapping tracer content tendency for Heat', 'Ideal Age Tracer', 'Length of average period', 'Start time for average period', 'End time for average period', 'Boundary forcing heat tendency', 'Heat tendency due to frazil formation', 'vertex number', 'Tendency of sea water potential temperature expressed as heat content due to parameterized dianeutral mixing', 'Tendency of sea water potential temperature expressed as heat content due to parameterized mesoscale neutral diffusion', 'Tendency of Sea Water Potential Temperature Expressed as Heat Content', 'Potential density referenced to surface', 'Potential density referenced to 2000 dbar', 'Sea Water Salinity', 'Sea Water Potential Temperature', 'time', 'time axis boundaries', 'Ocean Mass X Transport', 'Sea Water X Velocity', 'Ocean Mass Y Transport', 'Sea Water Y Velocity', 'Ocean grid-cell volume', 'h point nominal longitude', 'q point nominal longitude', 'h point nominal latitude', 'q point nominal latitude', 'Depth at interface', 'Depth at cell center']","['', '', '', '', 'ideal_age_tracer', '', '', '', '', '', '', 'tendency_of_sea_water_potential_temperature_expressed_as_heat_content_due_to_parameterized_dianeutral_mixing', 'tendency_of_sea_water_potential_temperature_expressed_as_heat_content_due_to_parameterized_mesoscale_neutral_diffusion', 'tendency_of_sea_water_potential_temperature_expressed_as_heat_content', '', '', 'sea_water_salinity', 'sea_water_potential_temperature', '', '', 'ocean_mass_x_transport', 'sea_water_x_velocity', 'ocean_mass_y_transport', 'sea_water_y_velocity', 'ocean_volume', '', '', '', '', '', '']","['area:mean z_l:sum yh:mean xh:mean time: mean', 'z_l:sum yh:sum xq:point time: mean', 'z_l:sum yq:point xh:sum time: mean', 'area:mean z_l:sum yh:mean xh:mean time: mean', 'area:mean z_l:mean yh:mean xh:mean time: mean', '', '', '', 'area:mean z_l:sum yh:mean xh:mean time: mean', 'area:mean z_l:sum yh:mean xh:mean time: mean', '', 'area:mean z_l:sum yh:mean xh:mean time: mean', 'area:sum z_l:sum yh:sum xh:sum time: mean', 'area:mean z_l:sum yh:mean xh:mean time: mean', 'area:mean z_l:mean yh:mean xh:mean time: mean', 'area:mean z_l:mean yh:mean xh:mean time: mean', 'area:mean z_l:mean yh:mean xh:mean time: mean', 'area:mean z_l:mean yh:mean xh:mean time: mean', '', '', 'z_l:sum yh:sum xq:point time: mean', 'z_l:mean yh:mean xq:point time: mean', 'z_l:sum yq:point xh:sum time: mean', 'z_l:mean yq:point xh:mean time: mean', 'area:sum z_l:sum yh:sum xh:sum time: mean', '', '', '', '', '', '']","['W m-2', 'W', 'W', 'W m-2', 'yr', 'days', 'days since 1991-01-01 00:00:00', 'days since 1991-01-01 00:00:00', 'W m-2', 'W m-2', '', 'W m-2', 'W m-2', 'W m-2', 'kg m-3', 'kg m-3', 'psu', 'degC', 'days since 1991-01-01 00:00:00', 'days', 'kg s-1', 'm s-1', 'kg s-1', 'm s-1', 'm3', 'degrees_east', 'degrees_east', 'degrees_north', 'degrees_north', 'meters', 'meters']",ocean
20010901.ocean_static.nc,/g/data/ik11/outputs/mom6-panan/panan-01-zstar-2001rerun/output005/20010901.ocean_static.nc,ocean.fx.xh:3600.xq:3601.yh:845.yq:846,fx,"1991-01-01, 00:00:00","1991-01-01, 00:00:00","['Coriolis', 'areacello', 'areacello_bu', 'areacello_cu', 'areacello_cv', 'deptho', 'dxCu', 'dxCv', 'dxt', 'dyCu', 'dyCv', 'dyt', 'geolat', 'geolat_c', 'geolat_u', 'geolat_v', 'geolon', 'geolon_c', 'geolon_u', 'geolon_v', 'time', 'wet', 'wet_c', 'wet_u', 'wet_v', 'xh', 'xq', 'yh', 'yq']","['Coriolis parameter at corner (Bu) points', 'Ocean Grid-Cell Area', 'Ocean Grid-Cell Area', 'Ocean Grid-Cell Area', 'Ocean Grid-Cell Area', 'Sea Floor Depth', 'Delta(x) at u points (meter)', 'Delta(x) at v points (meter)', 'Delta(x) at thickness/tracer points (meter)', 'Delta(y) at u points (meter)', 'Delta(y) at v points (meter)', 'Delta(y) at thickness/tracer points (meter)', 'Latitude of tracer (T) points', 'Latitude of corner (Bu) points', 'Latitude of zonal velocity (Cu) points', 'Latitude of meridional velocity (Cv) points', 'Longitude of tracer (T) points', 'Longitude of corner (Bu) points', 'Longitude of zonal velocity (Cu) points', 'Longitude of meridional velocity (Cv) points', 'time', '0 if land, 1 if ocean at tracer points', '0 if land, 1 if ocean at corner (Bu) points', '0 if land, 1 if ocean at zonal velocity (Cu) points', '0 if land, 1 if ocean at meridional velocity (Cv) points', 'h point nominal longitude', 'q point nominal longitude', 'h point nominal latitude', 'q point nominal latitude']","['', 'cell_area', 'cell_area', 'cell_area', 'cell_area', 'sea_floor_depth_below_geoid', '', '', '', '', '', '', '', '', '', '', '', '', '', '', '', '', '', '', '', '', '', '', '']","['time: point', 'area:sum yh:sum xh:sum time: point', 'area:sum yq:sum xq:sum time: point', 'area:sum yh:sum xq:sum time: point', 'area:sum yq:sum xh:sum time: point', 'area:mean yh:mean xh:mean time: point', 'time: point', 'time: point', 'time: point', 'time: point', 'time: point', 'time: point', 'time: point', 'time: point', 'time: point', 'time: point', 'time: point', 'time: point', 'time: point', 'time: point', '', 'time: point', 'time: point', 'time: point', 'time: point', '', '', '', '']","['s-1', 'm2', 'm2', 'm2', 'm2', 'm', 'm', 'm', 'm', 'm', 'm', 'm', 'degrees_north', 'degrees_north', 'degrees_north', 'degrees_north', 'degrees_east', 'degrees_east', 'degrees_east', 'degrees_east', 'days since 1991-01-01 00:00:00', '', '', '', '', 'degrees_east', 'degrees_east', 'degrees_north', 'degrees_north']",ocean
20011101.ice_daily.nc,/g/data/ik11/outputs/mom6-panan/panan-01-zstar-2001rerun/output006/20011101.ice_daily.nc,seaIce.1day.nv:2.xT:3600.xTe:3601.yT:845.yTe:846,1day,"2001-11-01, 00:00:00","2002-01-01, 00:00:00","['BHEAT', 'BMELT', 'E2MELT', 'average_DT', 'average_T1', 'average_T2', 'net_melt', 'nv', 'siconc', 'sithick', 'time', 'time_bnds', 'xT', 'xTe', 'yT', 'yTe']","['ocean to ice heat flux', 'bottom surface melting energy flux', 'heat needed to melt ice', 'Length of average period', 'Start time for average period', 'End time for average period', 'net mass flux from ice & snow to ocean due to melting & freezing', 'vertex number', 'ice concentration', 'ice thickness', 'time', 'time axis boundaries', 'T point nominal longitude', 'T-cell edge nominal longitude', 'T point nominal latitude', 'T-cell edge nominal latitude']","['', '', '', '', '', '', '', '', '', '', '', '', '', '', '', '']","['time: mean', 'time: mean', 'time: mean', '', '', '', 'time: mean', '', 'time: mean', 'time: mean', '', '', '', '', '', '']","['W/m^2', 'W/m^2', 'J/m^2', 'days', 'days since 1991-01-01 00:00:00', 'days since 1991-01-01 00:00:00', 'kg m-2 s-1', '', '0-1', 'm-ice', 'days since 1991-01-01 00:00:00', 'days', 'degrees_E', 'degrees_E', 'degrees_N', 'degrees_N']",seaIce
20011101.ice_month.nc,/g/data/ik11/outputs/mom6-panan/panan-01-zstar-2001rerun/output006/20011101.ice_month.nc,seaIce.1mon.nv:2.xB:3601.xT:3600.xTe:3601.yB:846.yT:845.yTe:846,1mon,"2001-11-01, 00:00:00","2002-01-01, 00:00:00","['BHEAT', 'BMELT', 'E2MELT', 'FA_X', 'FA_Y', 'TMELT', 'average_DT', 'average_T1', 'average_T2', 'fsitherm', 'net_melt', 'nv', 'siconc', 'sithick', 'time', 'time_bnds', 'xB', 'xT', 'xTe', 'yB', 'yT', 'yTe']","['ocean to ice heat flux', 'bottom surface melting energy flux', 'heat needed to melt ice', 'Air stress on ice on C-grid - x component', 'Air stress on ice on C-grid - y component', 'upper surface melting energy flux', 'Length of average period', 'Start time for average period', 'End time for average period', 'water_flux_into_sea_water_due_to_sea_ice_thermodynamics', 'net mass flux from ice & snow to ocean due to melting & freezing', 'vertex number', 'ice concentration', 'ice thickness', 'time', 'time axis boundaries', 'Boundary point nominal longitude', 'T point nominal longitude', 'T-cell edge nominal longitude', 'Boundary point nominal latitude', 'T point nominal latitude', 'T-cell edge nominal latitude']","['', '', '', '', '', '', '', '', '', '', '', '', '', '', '', '', '', '', '', '', '', '']","['time: mean', 'time: mean', 'time: mean', 'time: mean', 'time: mean', 'time: mean', '', '', '', 'time: mean', 'time: mean', '', 'time: mean', 'time: mean', '', '', '', '', '', '', '', '']","['W/m^2', 'W/m^2', 'J/m^2', 'Pa', 'Pa', 'W/m^2', 'days', 'days since 1991-01-01 00:00:00', 'days since 1991-01-01 00:00:00', 'kg m-2 s-1', 'kg m-2 s-1', '', '0-1', 'm-ice', 'days since 1991-01-01 00:00:00', 'days', 'degrees_E', 'degrees_E', 'degrees_E', 'degrees_N', 'degrees_N', 'degrees_N']",seaIce
20011101.ocean_daily_2001_305.nc,/g/data/ik11/outputs/mom6-panan/panan-01-zstar-2001rerun/output006/20011101.ocean_daily_2001_305.nc,ocean.1day.nv:2.xh:3600.yh:845,1day,"2001-11-01, 00:00:00","2001-11-02, 00:00:00","['average_DT', 'average_T1', 'average_T2', 'mlotst', 'nv', 'time', 'time_bnds', 'xh', 'yh', 'zos']","['Length of average period', 'Start time for average period', 'End time for average period', 'Ocean Mixed Layer Thickness Defined by Sigma T', 'vertex number', 'time', 'time axis boundaries', 'h point nominal longitude', 'h point nominal latitude', 'Sea surface height above geoid']","['', '', '', 'ocean_mixed_layer_thickness_defined_by_sigma_t', '', '', '', '', '', 'sea_surface_height_above_geoid']","['', '', '', 'area:mean yh:mean xh:mean time: mean', '', '', '', '', '', 'area:mean yh:mean xh:mean time: mean']","['days', 'days since 1991-01-01 00:00:00', 'days since 1991-01-01 00:00:00', 'm', '', 'days since 1991-01-01 00:00:00', 'days', 'degrees_east', 'degrees_north', 'm']",ocean
20011101.ocean_daily_2001_306.nc,/g/data/ik11/outputs/mom6-panan/panan-01-zstar-2001rerun/output006/20011101.ocean_daily_2001_306.nc,ocean.1day.nv:2.xh:3600.yh:845,1day,"2001-11-02, 00:00:00","2001-11-03, 00:00:00","['average_DT', 'average_T1', 'average_T2', 'mlotst', 'nv', 'time', 'time_bnds', 'xh', 'yh', 'zos']","['Length of average period', 'Start time for average period', 'End time for average period', 'Ocean Mixed Layer Thickness Defined by Sigma T', 'vertex number', 'time', 'time axis boundaries', 'h point nominal longitude', 'h point nominal latitude', 'Sea surface height above geoid']","['', '', '', 'ocean_mixed_layer_thickness_defined_by_sigma_t', '', '', '', '', '', 'sea_surface_height_above_geoid']","['', '', '', 'area:mean yh:mean xh:mean time: mean', '', '', '', '', '', 'area:mean yh:mean xh:mean time: mean']","['days', 'days since 1991-01-01 00:00:00', 'days since 1991-01-01 00:00:00', 'm', '', 'days since 1991-01-01 00:00:00', 'days', 'degrees_east', 'degrees_north', 'm']",ocean
20011101.ocean_daily_2001_307.nc,/g/data/ik11/outputs/mom6-panan/panan-01-zstar-2001rerun/output006/20011101.ocean_daily_2001_307.nc,ocean.1day.nv:2.xh:3600.yh:845,1day,"2001-11-03, 00:00:00","2001-11-04, 00:00:00","['average_DT', 'average_T1', 'average_T2', 'mlotst', 'nv', 'time', 'time_bnds', 'xh', 'yh', 'zos']","['Length of average period', 'Start time for average period', 'End time for average period', 'Ocean Mixed Layer Thickness Defined by Sigma T', 'vertex number', 'time', 'time axis boundaries', 'h point nominal longitude', 'h point nominal latitude', 'Sea surface height above geoid']","['', '', '', 'ocean_mixed_layer_thickness_defined_by_sigma_t', '', '', '', '', '', 'sea_surface_height_above_geoid']","['', '', '', 'area:mean yh:mean xh:mean time: mean', '', '', '', '', '', 'area:mean yh:mean xh:mean time: mean']","['days', 'days since 1991-01-01 00:00:00', 'days since 1991-01-01 00:00:00', 'm', '', 'days since 1991-01-01 00:00:00', 'days', 'degrees_east', 'degrees_north', 'm']",ocean
20011101.ocean_daily_2001_308.nc,/g/data/ik11/outputs/mom6-panan/panan-01-zstar-2001rerun/output006/20011101.ocean_daily_2001_308.nc,ocean.1day.nv:2.xh:3600.yh:845,1day,"2001-11-04, 00:00:00","2001-11-05, 00:00:00","['average_DT', 'average_T1', 'average_T2', 'mlotst', 'nv', 'time', 'time_bnds', 'xh', 'yh', 'zos']","['Length of average period', 'Start time for average period', 'End time for average period', 'Ocean Mixed Layer Thickness Defined by Sigma T', 'vertex number', 'time', 'time axis boundaries', 'h point nominal longitude', 'h point nominal latitude', 'Sea surface height above geoid']","['', '', '', 'ocean_mixed_layer_thickness_defined_by_sigma_t', '', '', '', '', '', 'sea_surface_height_above_geoid']","['', '', '', 'area:mean yh:mean xh:mean time: mean', '', '', '', '', '', 'area:mean yh:mean xh:mean time: mean']","['days', 'days since 1991-01-01 00:00:00', 'days since 1991-01-01 00:00:00', 'm', '', 'days since 1991-01-01 00:00:00', 'days', 'degrees_east', 'degrees_north', 'm']",ocean
20011101.ocean_daily_2001_309.nc,/g/data/ik11/outputs/mom6-panan/panan-01-zstar-2001rerun/output006/20011101.ocean_daily_2001_309.nc,ocean.1day.nv:2.xh:3600.yh:845,1day,"2001-11-05, 00:00:00","2001-11-06, 00:00:00","['average_DT', 'average_T1', 'average_T2', 'mlotst', 'nv', 'time', 'time_bnds', 'xh', 'yh', 'zos']","['Length of average period', 'Start time for average period', 'End time for average period', 'Ocean Mixed Layer Thickness Defined by Sigma T', 'vertex number', 'time', 'time axis boundaries', 'h point nominal longitude', 'h point nominal latitude', 'Sea surface height above geoid']","['', '', '', 'ocean_mixed_layer_thickness_defined_by_sigma_t', '', '', '', '', '', 'sea_surface_height_above_geoid']","['', '', '', 'area:mean yh:mean xh:mean time: mean', '', '', '', '', '', 'area:mean yh:mean xh:mean time: mean']","['days', 'days since 1991-01-01 00:00:00', 'days since 1991-01-01 00:00:00', 'm', '', 'days since 1991-01-01 00:00:00', 'days', 'degrees_east', 'degrees_north', 'm']",ocean
20011101.ocean_daily_2001_310.nc,/g/data/ik11/outputs/mom6-panan/panan-01-zstar-2001rerun/output006/20011101.ocean_daily_2001_310.nc,ocean.1day.nv:2.xh:3600.yh:845,1day,"2001-11-06, 00:00:00","2001-11-07, 00:00:00","['average_DT', 'average_T1', 'average_T2', 'mlotst', 'nv', 'time', 'time_bnds', 'xh', 'yh', 'zos']","['Length of average period', 'Start time for average period', 'End time for average period', 'Ocean Mixed Layer Thickness Defined by Sigma T', 'vertex number', 'time', 'time axis boundaries', 'h point nominal longitude', 'h point nominal latitude', 'Sea surface height above geoid']","['', '', '', 'ocean_mixed_layer_thickness_defined_by_sigma_t', '', '', '', '', '', 'sea_surface_height_above_geoid']","['', '', '', 'area:mean yh:mean xh:mean time: mean', '', '', '', '', '', 'area:mean yh:mean xh:mean time: mean']","['days', 'days since 1991-01-01 00:00:00', 'days since 1991-01-01 00:00:00', 'm', '', 'days since 1991-01-01 00:00:00', 'days', 'degrees_east', 'degrees_north', 'm']",ocean
20011101.ocean_daily_2001_311.nc,/g/data/ik11/outputs/mom6-panan/panan-01-zstar-2001rerun/output006/20011101.ocean_daily_2001_311.nc,ocean.1day.nv:2.xh:3600.yh:845,1day,"2001-11-07, 00:00:00","2001-11-08, 00:00:00","['average_DT', 'average_T1', 'average_T2', 'mlotst', 'nv', 'time', 'time_bnds', 'xh', 'yh', 'zos']","['Length of average period', 'Start time for average period', 'End time for average period', 'Ocean Mixed Layer Thickness Defined by Sigma T', 'vertex number', 'time', 'time axis boundaries', 'h point nominal longitude', 'h point nominal latitude', 'Sea surface height above geoid']","['', '', '', 'ocean_mixed_layer_thickness_defined_by_sigma_t', '', '', '', '', '', 'sea_surface_height_above_geoid']","['', '', '', 'area:mean yh:mean xh:mean time: mean', '', '', '', '', '', 'area:mean yh:mean xh:mean time: mean']","['days', 'days since 1991-01-01 00:00:00', 'days since 1991-01-01 00:00:00', 'm', '', 'days since 1991-01-01 00:00:00', 'days', 'degrees_east', 'degrees_north', 'm']",ocean
20011101.ocean_daily_2001_312.nc,/g/data/ik11/outputs/mom6-panan/panan-01-zstar-2001rerun/output006/20011101.ocean_daily_2001_312.nc,ocean.1day.nv:2.xh:3600.yh:845,1day,"2001-11-08, 00:00:00","2001-11-09, 00:00:00","['average_DT', 'average_T1', 'average_T2', 'mlotst', 'nv', 'time', 'time_bnds', 'xh', 'yh', 'zos']","['Length of average period', 'Start time for average period', 'End time for average period', 'Ocean Mixed Layer Thickness Defined by Sigma T', 'vertex number', 'time', 'time axis boundaries', 'h point nominal longitude', 'h point nominal latitude', 'Sea surface height above geoid']","['', '', '', 'ocean_mixed_layer_thickness_defined_by_sigma_t', '', '', '', '', '', 'sea_surface_height_above_geoid']","['', '', '', 'area:mean yh:mean xh:mean time: mean', '', '', '', '', '', 'area:mean yh:mean xh:mean time: mean']","['days', 'days since 1991-01-01 00:00:00', 'days since 1991-01-01 00:00:00', 'm', '', 'days since 1991-01-01 00:00:00', 'days', 'degrees_east', 'degrees_north', 'm']",ocean
20011101.ocean_daily_2001_313.nc,/g/data/ik11/outputs/mom6-panan/panan-01-zstar-2001rerun/output006/20011101.ocean_daily_2001_313.nc,ocean.1day.nv:2.xh:3600.yh:845,1day,"2001-11-09, 00:00:00","2001-11-10, 00:00:00","['average_DT', 'average_T1', 'average_T2', 'mlotst', 'nv', 'time', 'time_bnds', 'xh', 'yh', 'zos']","['Length of average period', 'Start time for average period', 'End time for average period', 'Ocean Mixed Layer Thickness Defined by Sigma T', 'vertex number', 'time', 'time axis boundaries', 'h point nominal longitude', 'h point nominal latitude', 'Sea surface height above geoid']","['', '', '', 'ocean_mixed_layer_thickness_defined_by_sigma_t', '', '', '', '', '', 'sea_surface_height_above_geoid']","['', '', '', 'area:mean yh:mean xh:mean time: mean', '', '', '', '', '', 'area:mean yh:mean xh:mean time: mean']","['days', 'days since 1991-01-01 00:00:00', 'days since 1991-01-01 00:00:00', 'm', '', 'days since 1991-01-01 00:00:00', 'days', 'degrees_east', 'degrees_north', 'm']",ocean
20011101.ocean_daily_2001_314.nc,/g/data/ik11/outputs/mom6-panan/panan-01-zstar-2001rerun/output006/20011101.ocean_daily_2001_314.nc,ocean.1day.nv:2.xh:3600.yh:845,1day,"2001-11-10, 00:00:00","2001-11-11, 00:00:00","['average_DT', 'average_T1', 'average_T2', 'mlotst', 'nv', 'time', 'time_bnds', 'xh', 'yh', 'zos']","['Length of average period', 'Start time for average period', 'End time for average period', 'Ocean Mixed Layer Thickness Defined by Sigma T', 'vertex number', 'time', 'time axis boundaries', 'h point nominal longitude', 'h point nominal latitude', 'Sea surface height above geoid']","['', '', '', 'ocean_mixed_layer_thickness_defined_by_sigma_t', '', '', '', '', '', 'sea_surface_height_above_geoid']","['', '', '', 'area:mean yh:mean xh:mean time: mean', '', '', '', '', '', 'area:mean yh:mean xh:mean time: mean']","['days', 'days since 1991-01-01 00:00:00', 'days since 1991-01-01 00:00:00', 'm', '', 'days since 1991-01-01 00:00:00', 'days', 'degrees_east', 'degrees_north', 'm']",ocean
20011101.ocean_daily_2001_315.nc,/g/data/ik11/outputs/mom6-panan/panan-01-zstar-2001rerun/output006/20011101.ocean_daily_2001_315.nc,ocean.1day.nv:2.xh:3600.yh:845,1day,"2001-11-11, 00:00:00","2001-11-12, 00:00:00","['average_DT', 'average_T1', 'average_T2', 'mlotst', 'nv', 'time', 'time_bnds', 'xh', 'yh', 'zos']","['Length of average period', 'Start time for average period', 'End time for average period', 'Ocean Mixed Layer Thickness Defined by Sigma T', 'vertex number', 'time', 'time axis boundaries', 'h point nominal longitude', 'h point nominal latitude', 'Sea surface height above geoid']","['', '', '', 'ocean_mixed_layer_thickness_defined_by_sigma_t', '', '', '', '', '', 'sea_surface_height_above_geoid']","['', '', '', 'area:mean yh:mean xh:mean time: mean', '', '', '', '', '', 'area:mean yh:mean xh:mean time: mean']","['days', 'days since 1991-01-01 00:00:00', 'days since 1991-01-01 00:00:00', 'm', '', 'days since 1991-01-01 00:00:00', 'days', 'degrees_east', 'degrees_north', 'm']",ocean
20011101.ocean_daily_2001_316.nc,/g/data/ik11/outputs/mom6-panan/panan-01-zstar-2001rerun/output006/20011101.ocean_daily_2001_316.nc,ocean.1day.nv:2.xh:3600.yh:845,1day,"2001-11-12, 00:00:00","2001-11-13, 00:00:00","['average_DT', 'average_T1', 'average_T2', 'mlotst', 'nv', 'time', 'time_bnds', 'xh', 'yh', 'zos']","['Length of average period', 'Start time for average period', 'End time for average period', 'Ocean Mixed Layer Thickness Defined by Sigma T', 'vertex number', 'time', 'time axis boundaries', 'h point nominal longitude', 'h point nominal latitude', 'Sea surface height above geoid']","['', '', '', 'ocean_mixed_layer_thickness_defined_by_sigma_t', '', '', '', '', '', 'sea_surface_height_above_geoid']","['', '', '', 'area:mean yh:mean xh:mean time: mean', '', '', '', '', '', 'area:mean yh:mean xh:mean time: mean']","['days', 'days since 1991-01-01 00:00:00', 'days since 1991-01-01 00:00:00', 'm', '', 'days since 1991-01-01 00:00:00', 'days', 'degrees_east', 'degrees_north', 'm']",ocean
20011101.ocean_daily_2001_317.nc,/g/data/ik11/outputs/mom6-panan/panan-01-zstar-2001rerun/output006/20011101.ocean_daily_2001_317.nc,ocean.1day.nv:2.xh:3600.yh:845,1day,"2001-11-13, 00:00:00","2001-11-14, 00:00:00","['average_DT', 'average_T1', 'average_T2', 'mlotst', 'nv', 'time', 'time_bnds', 'xh', 'yh', 'zos']","['Length of average period', 'Start time for average period', 'End time for average period', 'Ocean Mixed Layer Thickness Defined by Sigma T', 'vertex number', 'time', 'time axis boundaries', 'h point nominal longitude', 'h point nominal latitude', 'Sea surface height above geoid']","['', '', '', 'ocean_mixed_layer_thickness_defined_by_sigma_t', '', '', '', '', '', 'sea_surface_height_above_geoid']","['', '', '', 'area:mean yh:mean xh:mean time: mean', '', '', '', '', '', 'area:mean yh:mean xh:mean time: mean']","['days', 'days since 1991-01-01 00:00:00', 'days since 1991-01-01 00:00:00', 'm', '', 'days since 1991-01-01 00:00:00', 'days', 'degrees_east', 'degrees_north', 'm']",ocean
20011101.ocean_daily_2001_318.nc,/g/data/ik11/outputs/mom6-panan/panan-01-zstar-2001rerun/output006/20011101.ocean_daily_2001_318.nc,ocean.1day.nv:2.xh:3600.yh:845,1day,"2001-11-14, 00:00:00","2001-11-15, 00:00:00","['average_DT', 'average_T1', 'average_T2', 'mlotst', 'nv', 'time', 'time_bnds', 'xh', 'yh', 'zos']","['Length of average period', 'Start time for average period', 'End time for average period', 'Ocean Mixed Layer Thickness Defined by Sigma T', 'vertex number', 'time', 'time axis boundaries', 'h point nominal longitude', 'h point nominal latitude', 'Sea surface height above geoid']","['', '', '', 'ocean_mixed_layer_thickness_defined_by_sigma_t', '', '', '', '', '', 'sea_surface_height_above_geoid']","['', '', '', 'area:mean yh:mean xh:mean time: mean', '', '', '', '', '', 'area:mean yh:mean xh:mean time: mean']","['days', 'days since 1991-01-01 00:00:00', 'days since 1991-01-01 00:00:00', 'm', '', 'days since 1991-01-01 00:00:00', 'days', 'degrees_east', 'degrees_north', 'm']",ocean
20011101.ocean_daily_2001_319.nc,/g/data/ik11/outputs/mom6-panan/panan-01-zstar-2001rerun/output006/20011101.ocean_daily_2001_319.nc,ocean.1day.nv:2.xh:3600.yh:845,1day,"2001-11-15, 00:00:00","2001-11-16, 00:00:00","['average_DT', 'average_T1', 'average_T2', 'mlotst', 'nv', 'time', 'time_bnds', 'xh', 'yh', 'zos']","['Length of average period', 'Start time for average period', 'End time for average period', 'Ocean Mixed Layer Thickness Defined by Sigma T', 'vertex number', 'time', 'time axis boundaries', 'h point nominal longitude', 'h point nominal latitude', 'Sea surface height above geoid']","['', '', '', 'ocean_mixed_layer_thickness_defined_by_sigma_t', '', '', '', '', '', 'sea_surface_height_above_geoid']","['', '', '', 'area:mean yh:mean xh:mean time: mean', '', '', '', '', '', 'area:mean yh:mean xh:mean time: mean']","['days', 'days since 1991-01-01 00:00:00', 'days since 1991-01-01 00:00:00', 'm', '', 'days since 1991-01-01 00:00:00', 'days', 'degrees_east', 'degrees_north', 'm']",ocean
20011101.ocean_daily_2001_320.nc,/g/data/ik11/outputs/mom6-panan/panan-01-zstar-2001rerun/output006/20011101.ocean_daily_2001_320.nc,ocean.1day.nv:2.xh:3600.yh:845,1day,"2001-11-16, 00:00:00","2001-11-17, 00:00:00","['average_DT', 'average_T1', 'average_T2', 'mlotst', 'nv', 'time', 'time_bnds', 'xh', 'yh', 'zos']","['Length of average period', 'Start time for average period', 'End time for average period', 'Ocean Mixed Layer Thickness Defined by Sigma T', 'vertex number', 'time', 'time axis boundaries', 'h point nominal longitude', 'h point nominal latitude', 'Sea surface height above geoid']","['', '', '', 'ocean_mixed_layer_thickness_defined_by_sigma_t', '', '', '', '', '', 'sea_surface_height_above_geoid']","['', '', '', 'area:mean yh:mean xh:mean time: mean', '', '', '', '', '', 'area:mean yh:mean xh:mean time: mean']","['days', 'days since 1991-01-01 00:00:00', 'days since 1991-01-01 00:00:00', 'm', '', 'days since 1991-01-01 00:00:00', 'days', 'degrees_east', 'degrees_north', 'm']",ocean
20011101.ocean_daily_2001_321.nc,/g/data/ik11/outputs/mom6-panan/panan-01-zstar-2001rerun/output006/20011101.ocean_daily_2001_321.nc,ocean.1day.nv:2.xh:3600.yh:845,1day,"2001-11-17, 00:00:00","2001-11-18, 00:00:00","['average_DT', 'average_T1', 'average_T2', 'mlotst', 'nv', 'time', 'time_bnds', 'xh', 'yh', 'zos']","['Length of average period', 'Start time for average period', 'End time for average period', 'Ocean Mixed Layer Thickness Defined by Sigma T', 'vertex number', 'time', 'time axis boundaries', 'h point nominal longitude', 'h point nominal latitude', 'Sea surface height above geoid']","['', '', '', 'ocean_mixed_layer_thickness_defined_by_sigma_t', '', '', '', '', '', 'sea_surface_height_above_geoid']","['', '', '', 'area:mean yh:mean xh:mean time: mean', '', '', '', '', '', 'area:mean yh:mean xh:mean time: mean']","['days', 'days since 1991-01-01 00:00:00', 'days since 1991-01-01 00:00:00', 'm', '', 'days since 1991-01-01 00:00:00', 'days', 'degrees_east', 'degrees_north', 'm']",ocean
20011101.ocean_daily_2001_322.nc,/g/data/ik11/outputs/mom6-panan/panan-01-zstar-2001rerun/output006/20011101.ocean_daily_2001_322.nc,ocean.1day.nv:2.xh:3600.yh:845,1day,"2001-11-18, 00:00:00","2001-11-19, 00:00:00","['average_DT', 'average_T1', 'average_T2', 'mlotst', 'nv', 'time', 'time_bnds', 'xh', 'yh', 'zos']","['Length of average period', 'Start time for average period', 'End time for average period', 'Ocean Mixed Layer Thickness Defined by Sigma T', 'vertex number', 'time', 'time axis boundaries', 'h point nominal longitude', 'h point nominal latitude', 'Sea surface height above geoid']","['', '', '', 'ocean_mixed_layer_thickness_defined_by_sigma_t', '', '', '', '', '', 'sea_surface_height_above_geoid']","['', '', '', 'area:mean yh:mean xh:mean time: mean', '', '', '', '', '', 'area:mean yh:mean xh:mean time: mean']","['days', 'days since 1991-01-01 00:00:00', 'days since 1991-01-01 00:00:00', 'm', '', 'days since 1991-01-01 00:00:00', 'days', 'degrees_east', 'degrees_north', 'm']",ocean
20011101.ocean_daily_2001_323.nc,/g/data/ik11/outputs/mom6-panan/panan-01-zstar-2001rerun/output006/20011101.ocean_daily_2001_323.nc,ocean.1day.nv:2.xh:3600.yh:845,1day,"2001-11-19, 00:00:00","2001-11-20, 00:00:00","['average_DT', 'average_T1', 'average_T2', 'mlotst', 'nv', 'time', 'time_bnds', 'xh', 'yh', 'zos']","['Length of average period', 'Start time for average period', 'End time for average period', 'Ocean Mixed Layer Thickness Defined by Sigma T', 'vertex number', 'time', 'time axis boundaries', 'h point nominal longitude', 'h point nominal latitude', 'Sea surface height above geoid']","['', '', '', 'ocean_mixed_layer_thickness_defined_by_sigma_t', '', '', '', '', '', 'sea_surface_height_above_geoid']","['', '', '', 'area:mean yh:mean xh:mean time: mean', '', '', '', '', '', 'area:mean yh:mean xh:mean time: mean']","['days', 'days since 1991-01-01 00:00:00', 'days since 1991-01-01 00:00:00', 'm', '', 'days since 1991-01-01 00:00:00', 'days', 'degrees_east', 'degrees_north', 'm']",ocean
20011101.ocean_daily_2001_324.nc,/g/data/ik11/outputs/mom6-panan/panan-01-zstar-2001rerun/output006/20011101.ocean_daily_2001_324.nc,ocean.1day.nv:2.xh:3600.yh:845,1day,"2001-11-20, 00:00:00","2001-11-21, 00:00:00","['average_DT', 'average_T1', 'average_T2', 'mlotst', 'nv', 'time', 'time_bnds', 'xh', 'yh', 'zos']","['Length of average period', 'Start time for average period', 'End time for average period', 'Ocean Mixed Layer Thickness Defined by Sigma T', 'vertex number', 'time', 'time axis boundaries', 'h point nominal longitude', 'h point nominal latitude', 'Sea surface height above geoid']","['', '', '', 'ocean_mixed_layer_thickness_defined_by_sigma_t', '', '', '', '', '', 'sea_surface_height_above_geoid']","['', '', '', 'area:mean yh:mean xh:mean time: mean', '', '', '', '', '', 'area:mean yh:mean xh:mean time: mean']","['days', 'days since 1991-01-01 00:00:00', 'days since 1991-01-01 00:00:00', 'm', '', 'days since 1991-01-01 00:00:00', 'days', 'degrees_east', 'degrees_north', 'm']",ocean
20011101.ocean_daily_2001_325.nc,/g/data/ik11/outputs/mom6-panan/panan-01-zstar-2001rerun/output006/20011101.ocean_daily_2001_325.nc,ocean.1day.nv:2.xh:3600.yh:845,1day,"2001-11-21, 00:00:00","2001-11-22, 00:00:00","['average_DT', 'average_T1', 'average_T2', 'mlotst', 'nv', 'time', 'time_bnds', 'xh', 'yh', 'zos']","['Length of average period', 'Start time for average period', 'End time for average period', 'Ocean Mixed Layer Thickness Defined by Sigma T', 'vertex number', 'time', 'time axis boundaries', 'h point nominal longitude', 'h point nominal latitude', 'Sea surface height above geoid']","['', '', '', 'ocean_mixed_layer_thickness_defined_by_sigma_t', '', '', '', '', '', 'sea_surface_height_above_geoid']","['', '', '', 'area:mean yh:mean xh:mean time: mean', '', '', '', '', '', 'area:mean yh:mean xh:mean time: mean']","['days', 'days since 1991-01-01 00:00:00', 'days since 1991-01-01 00:00:00', 'm', '', 'days since 1991-01-01 00:00:00', 'days', 'degrees_east', 'degrees_north', 'm']",ocean
20011101.ocean_daily_2001_326.nc,/g/data/ik11/outputs/mom6-panan/panan-01-zstar-2001rerun/output006/20011101.ocean_daily_2001_326.nc,ocean.1day.nv:2.xh:3600.yh:845,1day,"2001-11-22, 00:00:00","2001-11-23, 00:00:00","['average_DT', 'average_T1', 'average_T2', 'mlotst', 'nv', 'time', 'time_bnds', 'xh', 'yh', 'zos']","['Length of average period', 'Start time for average period', 'End time for average period', 'Ocean Mixed Layer Thickness Defined by Sigma T', 'vertex number', 'time', 'time axis boundaries', 'h point nominal longitude', 'h point nominal latitude', 'Sea surface height above geoid']","['', '', '', 'ocean_mixed_layer_thickness_defined_by_sigma_t', '', '', '', '', '', 'sea_surface_height_above_geoid']","['', '', '', 'area:mean yh:mean xh:mean time: mean', '', '', '', '', '', 'area:mean yh:mean xh:mean time: mean']","['days', 'days since 1991-01-01 00:00:00', 'days since 1991-01-01 00:00:00', 'm', '', 'days since 1991-01-01 00:00:00', 'days', 'degrees_east', 'degrees_north', 'm']",ocean
20011101.ocean_daily_2001_327.nc,/g/data/ik11/outputs/mom6-panan/panan-01-zstar-2001rerun/output006/20011101.ocean_daily_2001_327.nc,ocean.1day.nv:2.xh:3600.yh:845,1day,"2001-11-23, 00:00:00","2001-11-24, 00:00:00","['average_DT', 'average_T1', 'average_T2', 'mlotst', 'nv', 'time', 'time_bnds', 'xh', 'yh', 'zos']","['Length of average period', 'Start time for average period', 'End time for average period', 'Ocean Mixed Layer Thickness Defined by Sigma T', 'vertex number', 'time', 'time axis boundaries', 'h point nominal longitude', 'h point nominal latitude', 'Sea surface height above geoid']","['', '', '', 'ocean_mixed_layer_thickness_defined_by_sigma_t', '', '', '', '', '', 'sea_surface_height_above_geoid']","['', '', '', 'area:mean yh:mean xh:mean time: mean', '', '', '', '', '', 'area:mean yh:mean xh:mean time: mean']","['days', 'days since 1991-01-01 00:00:00', 'days since 1991-01-01 00:00:00', 'm', '', 'days since 1991-01-01 00:00:00', 'days', 'degrees_east', 'degrees_north', 'm']",ocean
20011101.ocean_daily_2001_328.nc,/g/data/ik11/outputs/mom6-panan/panan-01-zstar-2001rerun/output006/20011101.ocean_daily_2001_328.nc,ocean.1day.nv:2.xh:3600.yh:845,1day,"2001-11-24, 00:00:00","2001-11-25, 00:00:00","['average_DT', 'average_T1', 'average_T2', 'mlotst', 'nv', 'time', 'time_bnds', 'xh', 'yh', 'zos']","['Length of average period', 'Start time for average period', 'End time for average period', 'Ocean Mixed Layer Thickness Defined by Sigma T', 'vertex number', 'time', 'time axis boundaries', 'h point nominal longitude', 'h point nominal latitude', 'Sea surface height above geoid']","['', '', '', 'ocean_mixed_layer_thickness_defined_by_sigma_t', '', '', '', '', '', 'sea_surface_height_above_geoid']","['', '', '', 'area:mean yh:mean xh:mean time: mean', '', '', '', '', '', 'area:mean yh:mean xh:mean time: mean']","['days', 'days since 1991-01-01 00:00:00', 'days since 1991-01-01 00:00:00', 'm', '', 'days since 1991-01-01 00:00:00', 'days', 'degrees_east', 'degrees_north', 'm']",ocean
20011101.ocean_daily_2001_329.nc,/g/data/ik11/outputs/mom6-panan/panan-01-zstar-2001rerun/output006/20011101.ocean_daily_2001_329.nc,ocean.1day.nv:2.xh:3600.yh:845,1day,"2001-11-25, 00:00:00","2001-11-26, 00:00:00","['average_DT', 'average_T1', 'average_T2', 'mlotst', 'nv', 'time', 'time_bnds', 'xh', 'yh', 'zos']","['Length of average period', 'Start time for average period', 'End time for average period', 'Ocean Mixed Layer Thickness Defined by Sigma T', 'vertex number', 'time', 'time axis boundaries', 'h point nominal longitude', 'h point nominal latitude', 'Sea surface height above geoid']","['', '', '', 'ocean_mixed_layer_thickness_defined_by_sigma_t', '', '', '', '', '', 'sea_surface_height_above_geoid']","['', '', '', 'area:mean yh:mean xh:mean time: mean', '', '', '', '', '', 'area:mean yh:mean xh:mean time: mean']","['days', 'days since 1991-01-01 00:00:00', 'days since 1991-01-01 00:00:00', 'm', '', 'days since 1991-01-01 00:00:00', 'days', 'degrees_east', 'degrees_north', 'm']",ocean
20011101.ocean_daily_2001_330.nc,/g/data/ik11/outputs/mom6-panan/panan-01-zstar-2001rerun/output006/20011101.ocean_daily_2001_330.nc,ocean.1day.nv:2.xh:3600.yh:845,1day,"2001-11-26, 00:00:00","2001-11-27, 00:00:00","['average_DT', 'average_T1', 'average_T2', 'mlotst', 'nv', 'time', 'time_bnds', 'xh', 'yh', 'zos']","['Length of average period', 'Start time for average period', 'End time for average period', 'Ocean Mixed Layer Thickness Defined by Sigma T', 'vertex number', 'time', 'time axis boundaries', 'h point nominal longitude', 'h point nominal latitude', 'Sea surface height above geoid']","['', '', '', 'ocean_mixed_layer_thickness_defined_by_sigma_t', '', '', '', '', '', 'sea_surface_height_above_geoid']","['', '', '', 'area:mean yh:mean xh:mean time: mean', '', '', '', '', '', 'area:mean yh:mean xh:mean time: mean']","['days', 'days since 1991-01-01 00:00:00', 'days since 1991-01-01 00:00:00', 'm', '', 'days since 1991-01-01 00:00:00', 'days', 'degrees_east', 'degrees_north', 'm']",ocean
20011101.ocean_daily_2001_331.nc,/g/data/ik11/outputs/mom6-panan/panan-01-zstar-2001rerun/output006/20011101.ocean_daily_2001_331.nc,ocean.1day.nv:2.xh:3600.yh:845,1day,"2001-11-27, 00:00:00","2001-11-28, 00:00:00","['average_DT', 'average_T1', 'average_T2', 'mlotst', 'nv', 'time', 'time_bnds', 'xh', 'yh', 'zos']","['Length of average period', 'Start time for average period', 'End time for average period', 'Ocean Mixed Layer Thickness Defined by Sigma T', 'vertex number', 'time', 'time axis boundaries', 'h point nominal longitude', 'h point nominal latitude', 'Sea surface height above geoid']","['', '', '', 'ocean_mixed_layer_thickness_defined_by_sigma_t', '', '', '', '', '', 'sea_surface_height_above_geoid']","['', '', '', 'area:mean yh:mean xh:mean time: mean', '', '', '', '', '', 'area:mean yh:mean xh:mean time: mean']","['days', 'days since 1991-01-01 00:00:00', 'days since 1991-01-01 00:00:00', 'm', '', 'days since 1991-01-01 00:00:00', 'days', 'degrees_east', 'degrees_north', 'm']",ocean
20011101.ocean_daily_2001_332.nc,/g/data/ik11/outputs/mom6-panan/panan-01-zstar-2001rerun/output006/20011101.ocean_daily_2001_332.nc,ocean.1day.nv:2.xh:3600.yh:845,1day,"2001-11-28, 00:00:00","2001-11-29, 00:00:00","['average_DT', 'average_T1', 'average_T2', 'mlotst', 'nv', 'time', 'time_bnds', 'xh', 'yh', 'zos']","['Length of average period', 'Start time for average period', 'End time for average period', 'Ocean Mixed Layer Thickness Defined by Sigma T', 'vertex number', 'time', 'time axis boundaries', 'h point nominal longitude', 'h point nominal latitude', 'Sea surface height above geoid']","['', '', '', 'ocean_mixed_layer_thickness_defined_by_sigma_t', '', '', '', '', '', 'sea_surface_height_above_geoid']","['', '', '', 'area:mean yh:mean xh:mean time: mean', '', '', '', '', '', 'area:mean yh:mean xh:mean time: mean']","['days', 'days since 1991-01-01 00:00:00', 'days since 1991-01-01 00:00:00', 'm', '', 'days since 1991-01-01 00:00:00', 'days', 'degrees_east', 'degrees_north', 'm']",ocean
20011101.ocean_daily_2001_333.nc,/g/data/ik11/outputs/mom6-panan/panan-01-zstar-2001rerun/output006/20011101.ocean_daily_2001_333.nc,ocean.1day.nv:2.xh:3600.yh:845,1day,"2001-11-29, 00:00:00","2001-11-30, 00:00:00","['average_DT', 'average_T1', 'average_T2', 'mlotst', 'nv', 'time', 'time_bnds', 'xh', 'yh', 'zos']","['Length of average period', 'Start time for average period', 'End time for average period', 'Ocean Mixed Layer Thickness Defined by Sigma T', 'vertex number', 'time', 'time axis boundaries', 'h point nominal longitude', 'h point nominal latitude', 'Sea surface height above geoid']","['', '', '', 'ocean_mixed_layer_thickness_defined_by_sigma_t', '', '', '', '', '', 'sea_surface_height_above_geoid']","['', '', '', 'area:mean yh:mean xh:mean time: mean', '', '', '', '', '', 'area:mean yh:mean xh:mean time: mean']","['days', 'days since 1991-01-01 00:00:00', 'days since 1991-01-01 00:00:00', 'm', '', 'days since 1991-01-01 00:00:00', 'days', 'degrees_east', 'degrees_north', 'm']",ocean
20011101.ocean_daily_2001_334.nc,/g/data/ik11/outputs/mom6-panan/panan-01-zstar-2001rerun/output006/20011101.ocean_daily_2001_334.nc,ocean.1day.nv:2.xh:3600.yh:845,1day,"2001-11-30, 00:00:00","2001-12-01, 00:00:00","['average_DT', 'average_T1', 'average_T2', 'mlotst', 'nv', 'time', 'time_bnds', 'xh', 'yh', 'zos']","['Length of average period', 'Start time for average period', 'End time for average period', 'Ocean Mixed Layer Thickness Defined by Sigma T', 'vertex number', 'time', 'time axis boundaries', 'h point nominal longitude', 'h point nominal latitude', 'Sea surface height above geoid']","['', '', '', 'ocean_mixed_layer_thickness_defined_by_sigma_t', '', '', '', '', '', 'sea_surface_height_above_geoid']","['', '', '', 'area:mean yh:mean xh:mean time: mean', '', '', '', '', '', 'area:mean yh:mean xh:mean time: mean']","['days', 'days since 1991-01-01 00:00:00', 'days since 1991-01-01 00:00:00', 'm', '', 'days since 1991-01-01 00:00:00', 'days', 'degrees_east', 'degrees_north', 'm']",ocean
20011101.ocean_daily_2001_335.nc,/g/data/ik11/outputs/mom6-panan/panan-01-zstar-2001rerun/output006/20011101.ocean_daily_2001_335.nc,ocean.1day.nv:2.xh:3600.yh:845,1day,"2001-12-01, 00:00:00","2001-12-02, 00:00:00","['average_DT', 'average_T1', 'average_T2', 'mlotst', 'nv', 'time', 'time_bnds', 'xh', 'yh', 'zos']","['Length of average period', 'Start time for average period', 'End time for average period', 'Ocean Mixed Layer Thickness Defined by Sigma T', 'vertex number', 'time', 'time axis boundaries', 'h point nominal longitude', 'h point nominal latitude', 'Sea surface height above geoid']","['', '', '', 'ocean_mixed_layer_thickness_defined_by_sigma_t', '', '', '', '', '', 'sea_surface_height_above_geoid']","['', '', '', 'area:mean yh:mean xh:mean time: mean', '', '', '', '', '', 'area:mean yh:mean xh:mean time: mean']","['days', 'days since 1991-01-01 00:00:00', 'days since 1991-01-01 00:00:00', 'm', '', 'days since 1991-01-01 00:00:00', 'days', 'degrees_east', 'degrees_north', 'm']",ocean
20011101.ocean_daily_2001_336.nc,/g/data/ik11/outputs/mom6-panan/panan-01-zstar-2001rerun/output006/20011101.ocean_daily_2001_336.nc,ocean.1day.nv:2.xh:3600.yh:845,1day,"2001-12-02, 00:00:00","2001-12-03, 00:00:00","['average_DT', 'average_T1', 'average_T2', 'mlotst', 'nv', 'time', 'time_bnds', 'xh', 'yh', 'zos']","['Length of average period', 'Start time for average period', 'End time for average period', 'Ocean Mixed Layer Thickness Defined by Sigma T', 'vertex number', 'time', 'time axis boundaries', 'h point nominal longitude', 'h point nominal latitude', 'Sea surface height above geoid']","['', '', '', 'ocean_mixed_layer_thickness_defined_by_sigma_t', '', '', '', '', '', 'sea_surface_height_above_geoid']","['', '', '', 'area:mean yh:mean xh:mean time: mean', '', '', '', '', '', 'area:mean yh:mean xh:mean time: mean']","['days', 'days since 1991-01-01 00:00:00', 'days since 1991-01-01 00:00:00', 'm', '', 'days since 1991-01-01 00:00:00', 'days', 'degrees_east', 'degrees_north', 'm']",ocean
20011101.ocean_daily_2001_337.nc,/g/data/ik11/outputs/mom6-panan/panan-01-zstar-2001rerun/output006/20011101.ocean_daily_2001_337.nc,ocean.1day.nv:2.xh:3600.yh:845,1day,"2001-12-03, 00:00:00","2001-12-04, 00:00:00","['average_DT', 'average_T1', 'average_T2', 'mlotst', 'nv', 'time', 'time_bnds', 'xh', 'yh', 'zos']","['Length of average period', 'Start time for average period', 'End time for average period', 'Ocean Mixed Layer Thickness Defined by Sigma T', 'vertex number', 'time', 'time axis boundaries', 'h point nominal longitude', 'h point nominal latitude', 'Sea surface height above geoid']","['', '', '', 'ocean_mixed_layer_thickness_defined_by_sigma_t', '', '', '', '', '', 'sea_surface_height_above_geoid']","['', '', '', 'area:mean yh:mean xh:mean time: mean', '', '', '', '', '', 'area:mean yh:mean xh:mean time: mean']","['days', 'days since 1991-01-01 00:00:00', 'days since 1991-01-01 00:00:00', 'm', '', 'days since 1991-01-01 00:00:00', 'days', 'degrees_east', 'degrees_north', 'm']",ocean
20011101.ocean_daily_2001_338.nc,/g/data/ik11/outputs/mom6-panan/panan-01-zstar-2001rerun/output006/20011101.ocean_daily_2001_338.nc,ocean.1day.nv:2.xh:3600.yh:845,1day,"2001-12-04, 00:00:00","2001-12-05, 00:00:00","['average_DT', 'average_T1', 'average_T2', 'mlotst', 'nv', 'time', 'time_bnds', 'xh', 'yh', 'zos']","['Length of average period', 'Start time for average period', 'End time for average period', 'Ocean Mixed Layer Thickness Defined by Sigma T', 'vertex number', 'time', 'time axis boundaries', 'h point nominal longitude', 'h point nominal latitude', 'Sea surface height above geoid']","['', '', '', 'ocean_mixed_layer_thickness_defined_by_sigma_t', '', '', '', '', '', 'sea_surface_height_above_geoid']","['', '', '', 'area:mean yh:mean xh:mean time: mean', '', '', '', '', '', 'area:mean yh:mean xh:mean time: mean']","['days', 'days since 1991-01-01 00:00:00', 'days since 1991-01-01 00:00:00', 'm', '', 'days since 1991-01-01 00:00:00', 'days', 'degrees_east', 'degrees_north', 'm']",ocean
20011101.ocean_daily_2001_339.nc,/g/data/ik11/outputs/mom6-panan/panan-01-zstar-2001rerun/output006/20011101.ocean_daily_2001_339.nc,ocean.1day.nv:2.xh:3600.yh:845,1day,"2001-12-05, 00:00:00","2001-12-06, 00:00:00","['average_DT', 'average_T1', 'average_T2', 'mlotst', 'nv', 'time', 'time_bnds', 'xh', 'yh', 'zos']","['Length of average period', 'Start time for average period', 'End time for average period', 'Ocean Mixed Layer Thickness Defined by Sigma T', 'vertex number', 'time', 'time axis boundaries', 'h point nominal longitude', 'h point nominal latitude', 'Sea surface height above geoid']","['', '', '', 'ocean_mixed_layer_thickness_defined_by_sigma_t', '', '', '', '', '', 'sea_surface_height_above_geoid']","['', '', '', 'area:mean yh:mean xh:mean time: mean', '', '', '', '', '', 'area:mean yh:mean xh:mean time: mean']","['days', 'days since 1991-01-01 00:00:00', 'days since 1991-01-01 00:00:00', 'm', '', 'days since 1991-01-01 00:00:00', 'days', 'degrees_east', 'degrees_north', 'm']",ocean
20011101.ocean_daily_2001_340.nc,/g/data/ik11/outputs/mom6-panan/panan-01-zstar-2001rerun/output006/20011101.ocean_daily_2001_340.nc,ocean.1day.nv:2.xh:3600.yh:845,1day,"2001-12-06, 00:00:00","2001-12-07, 00:00:00","['average_DT', 'average_T1', 'average_T2', 'mlotst', 'nv', 'time', 'time_bnds', 'xh', 'yh', 'zos']","['Length of average period', 'Start time for average period', 'End time for average period', 'Ocean Mixed Layer Thickness Defined by Sigma T', 'vertex number', 'time', 'time axis boundaries', 'h point nominal longitude', 'h point nominal latitude', 'Sea surface height above geoid']","['', '', '', 'ocean_mixed_layer_thickness_defined_by_sigma_t', '', '', '', '', '', 'sea_surface_height_above_geoid']","['', '', '', 'area:mean yh:mean xh:mean time: mean', '', '', '', '', '', 'area:mean yh:mean xh:mean time: mean']","['days', 'days since 1991-01-01 00:00:00', 'days since 1991-01-01 00:00:00', 'm', '', 'days since 1991-01-01 00:00:00', 'days', 'degrees_east', 'degrees_north', 'm']",ocean
20011101.ocean_daily_2001_341.nc,/g/data/ik11/outputs/mom6-panan/panan-01-zstar-2001rerun/output006/20011101.ocean_daily_2001_341.nc,ocean.1day.nv:2.xh:3600.yh:845,1day,"2001-12-07, 00:00:00","2001-12-08, 00:00:00","['average_DT', 'average_T1', 'average_T2', 'mlotst', 'nv', 'time', 'time_bnds', 'xh', 'yh', 'zos']","['Length of average period', 'Start time for average period', 'End time for average period', 'Ocean Mixed Layer Thickness Defined by Sigma T', 'vertex number', 'time', 'time axis boundaries', 'h point nominal longitude', 'h point nominal latitude', 'Sea surface height above geoid']","['', '', '', 'ocean_mixed_layer_thickness_defined_by_sigma_t', '', '', '', '', '', 'sea_surface_height_above_geoid']","['', '', '', 'area:mean yh:mean xh:mean time: mean', '', '', '', '', '', 'area:mean yh:mean xh:mean time: mean']","['days', 'days since 1991-01-01 00:00:00', 'days since 1991-01-01 00:00:00', 'm', '', 'days since 1991-01-01 00:00:00', 'days', 'degrees_east', 'degrees_north', 'm']",ocean
20011101.ocean_daily_2001_342.nc,/g/data/ik11/outputs/mom6-panan/panan-01-zstar-2001rerun/output006/20011101.ocean_daily_2001_342.nc,ocean.1day.nv:2.xh:3600.yh:845,1day,"2001-12-08, 00:00:00","2001-12-09, 00:00:00","['average_DT', 'average_T1', 'average_T2', 'mlotst', 'nv', 'time', 'time_bnds', 'xh', 'yh', 'zos']","['Length of average period', 'Start time for average period', 'End time for average period', 'Ocean Mixed Layer Thickness Defined by Sigma T', 'vertex number', 'time', 'time axis boundaries', 'h point nominal longitude', 'h point nominal latitude', 'Sea surface height above geoid']","['', '', '', 'ocean_mixed_layer_thickness_defined_by_sigma_t', '', '', '', '', '', 'sea_surface_height_above_geoid']","['', '', '', 'area:mean yh:mean xh:mean time: mean', '', '', '', '', '', 'area:mean yh:mean xh:mean time: mean']","['days', 'days since 1991-01-01 00:00:00', 'days since 1991-01-01 00:00:00', 'm', '', 'days since 1991-01-01 00:00:00', 'days', 'degrees_east', 'degrees_north', 'm']",ocean
20011101.ocean_daily_2001_343.nc,/g/data/ik11/outputs/mom6-panan/panan-01-zstar-2001rerun/output006/20011101.ocean_daily_2001_343.nc,ocean.1day.nv:2.xh:3600.yh:845,1day,"2001-12-09, 00:00:00","2001-12-10, 00:00:00","['average_DT', 'average_T1', 'average_T2', 'mlotst', 'nv', 'time', 'time_bnds', 'xh', 'yh', 'zos']","['Length of average period', 'Start time for average period', 'End time for average period', 'Ocean Mixed Layer Thickness Defined by Sigma T', 'vertex number', 'time', 'time axis boundaries', 'h point nominal longitude', 'h point nominal latitude', 'Sea surface height above geoid']","['', '', '', 'ocean_mixed_layer_thickness_defined_by_sigma_t', '', '', '', '', '', 'sea_surface_height_above_geoid']","['', '', '', 'area:mean yh:mean xh:mean time: mean', '', '', '', '', '', 'area:mean yh:mean xh:mean time: mean']","['days', 'days since 1991-01-01 00:00:00', 'days since 1991-01-01 00:00:00', 'm', '', 'days since 1991-01-01 00:00:00', 'days', 'degrees_east', 'degrees_north', 'm']",ocean
20011101.ocean_daily_2001_344.nc,/g/data/ik11/outputs/mom6-panan/panan-01-zstar-2001rerun/output006/20011101.ocean_daily_2001_344.nc,ocean.1day.nv:2.xh:3600.yh:845,1day,"2001-12-10, 00:00:00","2001-12-11, 00:00:00","['average_DT', 'average_T1', 'average_T2', 'mlotst', 'nv', 'time', 'time_bnds', 'xh', 'yh', 'zos']","['Length of average period', 'Start time for average period', 'End time for average period', 'Ocean Mixed Layer Thickness Defined by Sigma T', 'vertex number', 'time', 'time axis boundaries', 'h point nominal longitude', 'h point nominal latitude', 'Sea surface height above geoid']","['', '', '', 'ocean_mixed_layer_thickness_defined_by_sigma_t', '', '', '', '', '', 'sea_surface_height_above_geoid']","['', '', '', 'area:mean yh:mean xh:mean time: mean', '', '', '', '', '', 'area:mean yh:mean xh:mean time: mean']","['days', 'days since 1991-01-01 00:00:00', 'days since 1991-01-01 00:00:00', 'm', '', 'days since 1991-01-01 00:00:00', 'days', 'degrees_east', 'degrees_north', 'm']",ocean
20011101.ocean_daily_2001_345.nc,/g/data/ik11/outputs/mom6-panan/panan-01-zstar-2001rerun/output006/20011101.ocean_daily_2001_345.nc,ocean.1day.nv:2.xh:3600.yh:845,1day,"2001-12-11, 00:00:00","2001-12-12, 00:00:00","['average_DT', 'average_T1', 'average_T2', 'mlotst', 'nv', 'time', 'time_bnds', 'xh', 'yh', 'zos']","['Length of average period', 'Start time for average period', 'End time for average period', 'Ocean Mixed Layer Thickness Defined by Sigma T', 'vertex number', 'time', 'time axis boundaries', 'h point nominal longitude', 'h point nominal latitude', 'Sea surface height above geoid']","['', '', '', 'ocean_mixed_layer_thickness_defined_by_sigma_t', '', '', '', '', '', 'sea_surface_height_above_geoid']","['', '', '', 'area:mean yh:mean xh:mean time: mean', '', '', '', '', '', 'area:mean yh:mean xh:mean time: mean']","['days', 'days since 1991-01-01 00:00:00', 'days since 1991-01-01 00:00:00', 'm', '', 'days since 1991-01-01 00:00:00', 'days', 'degrees_east', 'degrees_north', 'm']",ocean
20011101.ocean_daily_2001_346.nc,/g/data/ik11/outputs/mom6-panan/panan-01-zstar-2001rerun/output006/20011101.ocean_daily_2001_346.nc,ocean.1day.nv:2.xh:3600.yh:845,1day,"2001-12-12, 00:00:00","2001-12-13, 00:00:00","['average_DT', 'average_T1', 'average_T2', 'mlotst', 'nv', 'time', 'time_bnds', 'xh', 'yh', 'zos']","['Length of average period', 'Start time for average period', 'End time for average period', 'Ocean Mixed Layer Thickness Defined by Sigma T', 'vertex number', 'time', 'time axis boundaries', 'h point nominal longitude', 'h point nominal latitude', 'Sea surface height above geoid']","['', '', '', 'ocean_mixed_layer_thickness_defined_by_sigma_t', '', '', '', '', '', 'sea_surface_height_above_geoid']","['', '', '', 'area:mean yh:mean xh:mean time: mean', '', '', '', '', '', 'area:mean yh:mean xh:mean time: mean']","['days', 'days since 1991-01-01 00:00:00', 'days since 1991-01-01 00:00:00', 'm', '', 'days since 1991-01-01 00:00:00', 'days', 'degrees_east', 'degrees_north', 'm']",ocean
20011101.ocean_daily_2001_347.nc,/g/data/ik11/outputs/mom6-panan/panan-01-zstar-2001rerun/output006/20011101.ocean_daily_2001_347.nc,ocean.1day.nv:2.xh:3600.yh:845,1day,"2001-12-13, 00:00:00","2001-12-14, 00:00:00","['average_DT', 'average_T1', 'average_T2', 'mlotst', 'nv', 'time', 'time_bnds', 'xh', 'yh', 'zos']","['Length of average period', 'Start time for average period', 'End time for average period', 'Ocean Mixed Layer Thickness Defined by Sigma T', 'vertex number', 'time', 'time axis boundaries', 'h point nominal longitude', 'h point nominal latitude', 'Sea surface height above geoid']","['', '', '', 'ocean_mixed_layer_thickness_defined_by_sigma_t', '', '', '', '', '', 'sea_surface_height_above_geoid']","['', '', '', 'area:mean yh:mean xh:mean time: mean', '', '', '', '', '', 'area:mean yh:mean xh:mean time: mean']","['days', 'days since 1991-01-01 00:00:00', 'days since 1991-01-01 00:00:00', 'm', '', 'days since 1991-01-01 00:00:00', 'days', 'degrees_east', 'degrees_north', 'm']",ocean
20011101.ocean_daily_2001_348.nc,/g/data/ik11/outputs/mom6-panan/panan-01-zstar-2001rerun/output006/20011101.ocean_daily_2001_348.nc,ocean.1day.nv:2.xh:3600.yh:845,1day,"2001-12-14, 00:00:00","2001-12-15, 00:00:00","['average_DT', 'average_T1', 'average_T2', 'mlotst', 'nv', 'time', 'time_bnds', 'xh', 'yh', 'zos']","['Length of average period', 'Start time for average period', 'End time for average period', 'Ocean Mixed Layer Thickness Defined by Sigma T', 'vertex number', 'time', 'time axis boundaries', 'h point nominal longitude', 'h point nominal latitude', 'Sea surface height above geoid']","['', '', '', 'ocean_mixed_layer_thickness_defined_by_sigma_t', '', '', '', '', '', 'sea_surface_height_above_geoid']","['', '', '', 'area:mean yh:mean xh:mean time: mean', '', '', '', '', '', 'area:mean yh:mean xh:mean time: mean']","['days', 'days since 1991-01-01 00:00:00', 'days since 1991-01-01 00:00:00', 'm', '', 'days since 1991-01-01 00:00:00', 'days', 'degrees_east', 'degrees_north', 'm']",ocean
20011101.ocean_daily_2001_349.nc,/g/data/ik11/outputs/mom6-panan/panan-01-zstar-2001rerun/output006/20011101.ocean_daily_2001_349.nc,ocean.1day.nv:2.xh:3600.yh:845,1day,"2001-12-15, 00:00:00","2001-12-16, 00:00:00","['average_DT', 'average_T1', 'average_T2', 'mlotst', 'nv', 'time', 'time_bnds', 'xh', 'yh', 'zos']","['Length of average period', 'Start time for average period', 'End time for average period', 'Ocean Mixed Layer Thickness Defined by Sigma T', 'vertex number', 'time', 'time axis boundaries', 'h point nominal longitude', 'h point nominal latitude', 'Sea surface height above geoid']","['', '', '', 'ocean_mixed_layer_thickness_defined_by_sigma_t', '', '', '', '', '', 'sea_surface_height_above_geoid']","['', '', '', 'area:mean yh:mean xh:mean time: mean', '', '', '', '', '', 'area:mean yh:mean xh:mean time: mean']","['days', 'days since 1991-01-01 00:00:00', 'days since 1991-01-01 00:00:00', 'm', '', 'days since 1991-01-01 00:00:00', 'days', 'degrees_east', 'degrees_north', 'm']",ocean
20011101.ocean_daily_2001_350.nc,/g/data/ik11/outputs/mom6-panan/panan-01-zstar-2001rerun/output006/20011101.ocean_daily_2001_350.nc,ocean.1day.nv:2.xh:3600.yh:845,1day,"2001-12-16, 00:00:00","2001-12-17, 00:00:00","['average_DT', 'average_T1', 'average_T2', 'mlotst', 'nv', 'time', 'time_bnds', 'xh', 'yh', 'zos']","['Length of average period', 'Start time for average period', 'End time for average period', 'Ocean Mixed Layer Thickness Defined by Sigma T', 'vertex number', 'time', 'time axis boundaries', 'h point nominal longitude', 'h point nominal latitude', 'Sea surface height above geoid']","['', '', '', 'ocean_mixed_layer_thickness_defined_by_sigma_t', '', '', '', '', '', 'sea_surface_height_above_geoid']","['', '', '', 'area:mean yh:mean xh:mean time: mean', '', '', '', '', '', 'area:mean yh:mean xh:mean time: mean']","['days', 'days since 1991-01-01 00:00:00', 'days since 1991-01-01 00:00:00', 'm', '', 'days since 1991-01-01 00:00:00', 'days', 'degrees_east', 'degrees_north', 'm']",ocean
20011101.ocean_daily_2001_351.nc,/g/data/ik11/outputs/mom6-panan/panan-01-zstar-2001rerun/output006/20011101.ocean_daily_2001_351.nc,ocean.1day.nv:2.xh:3600.yh:845,1day,"2001-12-17, 00:00:00","2001-12-18, 00:00:00","['average_DT', 'average_T1', 'average_T2', 'mlotst', 'nv', 'time', 'time_bnds', 'xh', 'yh', 'zos']","['Length of average period', 'Start time for average period', 'End time for average period', 'Ocean Mixed Layer Thickness Defined by Sigma T', 'vertex number', 'time', 'time axis boundaries', 'h point nominal longitude', 'h point nominal latitude', 'Sea surface height above geoid']","['', '', '', 'ocean_mixed_layer_thickness_defined_by_sigma_t', '', '', '', '', '', 'sea_surface_height_above_geoid']","['', '', '', 'area:mean yh:mean xh:mean time: mean', '', '', '', '', '', 'area:mean yh:mean xh:mean time: mean']","['days', 'days since 1991-01-01 00:00:00', 'days since 1991-01-01 00:00:00', 'm', '', 'days since 1991-01-01 00:00:00', 'days', 'degrees_east', 'degrees_north', 'm']",ocean
20011101.ocean_daily_2001_352.nc,/g/data/ik11/outputs/mom6-panan/panan-01-zstar-2001rerun/output006/20011101.ocean_daily_2001_352.nc,ocean.1day.nv:2.xh:3600.yh:845,1day,"2001-12-18, 00:00:00","2001-12-19, 00:00:00","['average_DT', 'average_T1', 'average_T2', 'mlotst', 'nv', 'time', 'time_bnds', 'xh', 'yh', 'zos']","['Length of average period', 'Start time for average period', 'End time for average period', 'Ocean Mixed Layer Thickness Defined by Sigma T', 'vertex number', 'time', 'time axis boundaries', 'h point nominal longitude', 'h point nominal latitude', 'Sea surface height above geoid']","['', '', '', 'ocean_mixed_layer_thickness_defined_by_sigma_t', '', '', '', '', '', 'sea_surface_height_above_geoid']","['', '', '', 'area:mean yh:mean xh:mean time: mean', '', '', '', '', '', 'area:mean yh:mean xh:mean time: mean']","['days', 'days since 1991-01-01 00:00:00', 'days since 1991-01-01 00:00:00', 'm', '', 'days since 1991-01-01 00:00:00', 'days', 'degrees_east', 'degrees_north', 'm']",ocean
20011101.ocean_daily_2001_353.nc,/g/data/ik11/outputs/mom6-panan/panan-01-zstar-2001rerun/output006/20011101.ocean_daily_2001_353.nc,ocean.1day.nv:2.xh:3600.yh:845,1day,"2001-12-19, 00:00:00","2001-12-20, 00:00:00","['average_DT', 'average_T1', 'average_T2', 'mlotst', 'nv', 'time', 'time_bnds', 'xh', 'yh', 'zos']","['Length of average period', 'Start time for average period', 'End time for average period', 'Ocean Mixed Layer Thickness Defined by Sigma T', 'vertex number', 'time', 'time axis boundaries', 'h point nominal longitude', 'h point nominal latitude', 'Sea surface height above geoid']","['', '', '', 'ocean_mixed_layer_thickness_defined_by_sigma_t', '', '', '', '', '', 'sea_surface_height_above_geoid']","['', '', '', 'area:mean yh:mean xh:mean time: mean', '', '', '', '', '', 'area:mean yh:mean xh:mean time: mean']","['days', 'days since 1991-01-01 00:00:00', 'days since 1991-01-01 00:00:00', 'm', '', 'days since 1991-01-01 00:00:00', 'days', 'degrees_east', 'degrees_north', 'm']",ocean
20011101.ocean_daily_2001_354.nc,/g/data/ik11/outputs/mom6-panan/panan-01-zstar-2001rerun/output006/20011101.ocean_daily_2001_354.nc,ocean.1day.nv:2.xh:3600.yh:845,1day,"2001-12-20, 00:00:00","2001-12-21, 00:00:00","['average_DT', 'average_T1', 'average_T2', 'mlotst', 'nv', 'time', 'time_bnds', 'xh', 'yh', 'zos']","['Length of average period', 'Start time for average period', 'End time for average period', 'Ocean Mixed Layer Thickness Defined by Sigma T', 'vertex number', 'time', 'time axis boundaries', 'h point nominal longitude', 'h point nominal latitude', 'Sea surface height above geoid']","['', '', '', 'ocean_mixed_layer_thickness_defined_by_sigma_t', '', '', '', '', '', 'sea_surface_height_above_geoid']","['', '', '', 'area:mean yh:mean xh:mean time: mean', '', '', '', '', '', 'area:mean yh:mean xh:mean time: mean']","['days', 'days since 1991-01-01 00:00:00', 'days since 1991-01-01 00:00:00', 'm', '', 'days since 1991-01-01 00:00:00', 'days', 'degrees_east', 'degrees_north', 'm']",ocean
20011101.ocean_daily_2001_355.nc,/g/data/ik11/outputs/mom6-panan/panan-01-zstar-2001rerun/output006/20011101.ocean_daily_2001_355.nc,ocean.1day.nv:2.xh:3600.yh:845,1day,"2001-12-21, 00:00:00","2001-12-22, 00:00:00","['average_DT', 'average_T1', 'average_T2', 'mlotst', 'nv', 'time', 'time_bnds', 'xh', 'yh', 'zos']","['Length of average period', 'Start time for average period', 'End time for average period', 'Ocean Mixed Layer Thickness Defined by Sigma T', 'vertex number', 'time', 'time axis boundaries', 'h point nominal longitude', 'h point nominal latitude', 'Sea surface height above geoid']","['', '', '', 'ocean_mixed_layer_thickness_defined_by_sigma_t', '', '', '', '', '', 'sea_surface_height_above_geoid']","['', '', '', 'area:mean yh:mean xh:mean time: mean', '', '', '', '', '', 'area:mean yh:mean xh:mean time: mean']","['days', 'days since 1991-01-01 00:00:00', 'days since 1991-01-01 00:00:00', 'm', '', 'days since 1991-01-01 00:00:00', 'days', 'degrees_east', 'degrees_north', 'm']",ocean
20011101.ocean_daily_2001_356.nc,/g/data/ik11/outputs/mom6-panan/panan-01-zstar-2001rerun/output006/20011101.ocean_daily_2001_356.nc,ocean.1day.nv:2.xh:3600.yh:845,1day,"2001-12-22, 00:00:00","2001-12-23, 00:00:00","['average_DT', 'average_T1', 'average_T2', 'mlotst', 'nv', 'time', 'time_bnds', 'xh', 'yh', 'zos']","['Length of average period', 'Start time for average period', 'End time for average period', 'Ocean Mixed Layer Thickness Defined by Sigma T', 'vertex number', 'time', 'time axis boundaries', 'h point nominal longitude', 'h point nominal latitude', 'Sea surface height above geoid']","['', '', '', 'ocean_mixed_layer_thickness_defined_by_sigma_t', '', '', '', '', '', 'sea_surface_height_above_geoid']","['', '', '', 'area:mean yh:mean xh:mean time: mean', '', '', '', '', '', 'area:mean yh:mean xh:mean time: mean']","['days', 'days since 1991-01-01 00:00:00', 'days since 1991-01-01 00:00:00', 'm', '', 'days since 1991-01-01 00:00:00', 'days', 'degrees_east', 'degrees_north', 'm']",ocean
20011101.ocean_daily_2001_357.nc,/g/data/ik11/outputs/mom6-panan/panan-01-zstar-2001rerun/output006/20011101.ocean_daily_2001_357.nc,ocean.1day.nv:2.xh:3600.yh:845,1day,"2001-12-23, 00:00:00","2001-12-24, 00:00:00","['average_DT', 'average_T1', 'average_T2', 'mlotst', 'nv', 'time', 'time_bnds', 'xh', 'yh', 'zos']","['Length of average period', 'Start time for average period', 'End time for average period', 'Ocean Mixed Layer Thickness Defined by Sigma T', 'vertex number', 'time', 'time axis boundaries', 'h point nominal longitude', 'h point nominal latitude', 'Sea surface height above geoid']","['', '', '', 'ocean_mixed_layer_thickness_defined_by_sigma_t', '', '', '', '', '', 'sea_surface_height_above_geoid']","['', '', '', 'area:mean yh:mean xh:mean time: mean', '', '', '', '', '', 'area:mean yh:mean xh:mean time: mean']","['days', 'days since 1991-01-01 00:00:00', 'days since 1991-01-01 00:00:00', 'm', '', 'days since 1991-01-01 00:00:00', 'days', 'degrees_east', 'degrees_north', 'm']",ocean
20011101.ocean_daily_2001_358.nc,/g/data/ik11/outputs/mom6-panan/panan-01-zstar-2001rerun/output006/20011101.ocean_daily_2001_358.nc,ocean.1day.nv:2.xh:3600.yh:845,1day,"2001-12-24, 00:00:00","2001-12-25, 00:00:00","['average_DT', 'average_T1', 'average_T2', 'mlotst', 'nv', 'time', 'time_bnds', 'xh', 'yh', 'zos']","['Length of average period', 'Start time for average period', 'End time for average period', 'Ocean Mixed Layer Thickness Defined by Sigma T', 'vertex number', 'time', 'time axis boundaries', 'h point nominal longitude', 'h point nominal latitude', 'Sea surface height above geoid']","['', '', '', 'ocean_mixed_layer_thickness_defined_by_sigma_t', '', '', '', '', '', 'sea_surface_height_above_geoid']","['', '', '', 'area:mean yh:mean xh:mean time: mean', '', '', '', '', '', 'area:mean yh:mean xh:mean time: mean']","['days', 'days since 1991-01-01 00:00:00', 'days since 1991-01-01 00:00:00', 'm', '', 'days since 1991-01-01 00:00:00', 'days', 'degrees_east', 'degrees_north', 'm']",ocean
20011101.ocean_daily_2001_359.nc,/g/data/ik11/outputs/mom6-panan/panan-01-zstar-2001rerun/output006/20011101.ocean_daily_2001_359.nc,ocean.1day.nv:2.xh:3600.yh:845,1day,"2001-12-25, 00:00:00","2001-12-26, 00:00:00","['average_DT', 'average_T1', 'average_T2', 'mlotst', 'nv', 'time', 'time_bnds', 'xh', 'yh', 'zos']","['Length of average period', 'Start time for average period', 'End time for average period', 'Ocean Mixed Layer Thickness Defined by Sigma T', 'vertex number', 'time', 'time axis boundaries', 'h point nominal longitude', 'h point nominal latitude', 'Sea surface height above geoid']","['', '', '', 'ocean_mixed_layer_thickness_defined_by_sigma_t', '', '', '', '', '', 'sea_surface_height_above_geoid']","['', '', '', 'area:mean yh:mean xh:mean time: mean', '', '', '', '', '', 'area:mean yh:mean xh:mean time: mean']","['days', 'days since 1991-01-01 00:00:00', 'days since 1991-01-01 00:00:00', 'm', '', 'days since 1991-01-01 00:00:00', 'days', 'degrees_east', 'degrees_north', 'm']",ocean
20011101.ocean_daily_2001_360.nc,/g/data/ik11/outputs/mom6-panan/panan-01-zstar-2001rerun/output006/20011101.ocean_daily_2001_360.nc,ocean.1day.nv:2.xh:3600.yh:845,1day,"2001-12-26, 00:00:00","2001-12-27, 00:00:00","['average_DT', 'average_T1', 'average_T2', 'mlotst', 'nv', 'time', 'time_bnds', 'xh', 'yh', 'zos']","['Length of average period', 'Start time for average period', 'End time for average period', 'Ocean Mixed Layer Thickness Defined by Sigma T', 'vertex number', 'time', 'time axis boundaries', 'h point nominal longitude', 'h point nominal latitude', 'Sea surface height above geoid']","['', '', '', 'ocean_mixed_layer_thickness_defined_by_sigma_t', '', '', '', '', '', 'sea_surface_height_above_geoid']","['', '', '', 'area:mean yh:mean xh:mean time: mean', '', '', '', '', '', 'area:mean yh:mean xh:mean time: mean']","['days', 'days since 1991-01-01 00:00:00', 'days since 1991-01-01 00:00:00', 'm', '', 'days since 1991-01-01 00:00:00', 'days', 'degrees_east', 'degrees_north', 'm']",ocean
20011101.ocean_daily_2001_361.nc,/g/data/ik11/outputs/mom6-panan/panan-01-zstar-2001rerun/output006/20011101.ocean_daily_2001_361.nc,ocean.1day.nv:2.xh:3600.yh:845,1day,"2001-12-27, 00:00:00","2001-12-28, 00:00:00","['average_DT', 'average_T1', 'average_T2', 'mlotst', 'nv', 'time', 'time_bnds', 'xh', 'yh', 'zos']","['Length of average period', 'Start time for average period', 'End time for average period', 'Ocean Mixed Layer Thickness Defined by Sigma T', 'vertex number', 'time', 'time axis boundaries', 'h point nominal longitude', 'h point nominal latitude', 'Sea surface height above geoid']","['', '', '', 'ocean_mixed_layer_thickness_defined_by_sigma_t', '', '', '', '', '', 'sea_surface_height_above_geoid']","['', '', '', 'area:mean yh:mean xh:mean time: mean', '', '', '', '', '', 'area:mean yh:mean xh:mean time: mean']","['days', 'days since 1991-01-01 00:00:00', 'days since 1991-01-01 00:00:00', 'm', '', 'days since 1991-01-01 00:00:00', 'days', 'degrees_east', 'degrees_north', 'm']",ocean
20011101.ocean_daily_2001_362.nc,/g/data/ik11/outputs/mom6-panan/panan-01-zstar-2001rerun/output006/20011101.ocean_daily_2001_362.nc,ocean.1day.nv:2.xh:3600.yh:845,1day,"2001-12-28, 00:00:00","2001-12-29, 00:00:00","['average_DT', 'average_T1', 'average_T2', 'mlotst', 'nv', 'time', 'time_bnds', 'xh', 'yh', 'zos']","['Length of average period', 'Start time for average period', 'End time for average period', 'Ocean Mixed Layer Thickness Defined by Sigma T', 'vertex number', 'time', 'time axis boundaries', 'h point nominal longitude', 'h point nominal latitude', 'Sea surface height above geoid']","['', '', '', 'ocean_mixed_layer_thickness_defined_by_sigma_t', '', '', '', '', '', 'sea_surface_height_above_geoid']","['', '', '', 'area:mean yh:mean xh:mean time: mean', '', '', '', '', '', 'area:mean yh:mean xh:mean time: mean']","['days', 'days since 1991-01-01 00:00:00', 'days since 1991-01-01 00:00:00', 'm', '', 'days since 1991-01-01 00:00:00', 'days', 'degrees_east', 'degrees_north', 'm']",ocean
20011101.ocean_daily_2001_363.nc,/g/data/ik11/outputs/mom6-panan/panan-01-zstar-2001rerun/output006/20011101.ocean_daily_2001_363.nc,ocean.1day.nv:2.xh:3600.yh:845,1day,"2001-12-29, 00:00:00","2001-12-30, 00:00:00","['average_DT', 'average_T1', 'average_T2', 'mlotst', 'nv', 'time', 'time_bnds', 'xh', 'yh', 'zos']","['Length of average period', 'Start time for average period', 'End time for average period', 'Ocean Mixed Layer Thickness Defined by Sigma T', 'vertex number', 'time', 'time axis boundaries', 'h point nominal longitude', 'h point nominal latitude', 'Sea surface height above geoid']","['', '', '', 'ocean_mixed_layer_thickness_defined_by_sigma_t', '', '', '', '', '', 'sea_surface_height_above_geoid']","['', '', '', 'area:mean yh:mean xh:mean time: mean', '', '', '', '', '', 'area:mean yh:mean xh:mean time: mean']","['days', 'days since 1991-01-01 00:00:00', 'days since 1991-01-01 00:00:00', 'm', '', 'days since 1991-01-01 00:00:00', 'days', 'degrees_east', 'degrees_north', 'm']",ocean
20011101.ocean_daily_2001_364.nc,/g/data/ik11/outputs/mom6-panan/panan-01-zstar-2001rerun/output006/20011101.ocean_daily_2001_364.nc,ocean.1day.nv:2.xh:3600.yh:845,1day,"2001-12-30, 00:00:00","2001-12-31, 00:00:00","['average_DT', 'average_T1', 'average_T2', 'mlotst', 'nv', 'time', 'time_bnds', 'xh', 'yh', 'zos']","['Length of average period', 'Start time for average period', 'End time for average period', 'Ocean Mixed Layer Thickness Defined by Sigma T', 'vertex number', 'time', 'time axis boundaries', 'h point nominal longitude', 'h point nominal latitude', 'Sea surface height above geoid']","['', '', '', 'ocean_mixed_layer_thickness_defined_by_sigma_t', '', '', '', '', '', 'sea_surface_height_above_geoid']","['', '', '', 'area:mean yh:mean xh:mean time: mean', '', '', '', '', '', 'area:mean yh:mean xh:mean time: mean']","['days', 'days since 1991-01-01 00:00:00', 'days since 1991-01-01 00:00:00', 'm', '', 'days since 1991-01-01 00:00:00', 'days', 'degrees_east', 'degrees_north', 'm']",ocean
20011101.ocean_daily_2001_365.nc,/g/data/ik11/outputs/mom6-panan/panan-01-zstar-2001rerun/output006/20011101.ocean_daily_2001_365.nc,ocean.1day.nv:2.xh:3600.yh:845,1day,"2001-12-31, 00:00:00","2002-01-01, 00:00:00","['average_DT', 'average_T1', 'average_T2', 'mlotst', 'nv', 'time', 'time_bnds', 'xh', 'yh', 'zos']","['Length of average period', 'Start time for average period', 'End time for average period', 'Ocean Mixed Layer Thickness Defined by Sigma T', 'vertex number', 'time', 'time axis boundaries', 'h point nominal longitude', 'h point nominal latitude', 'Sea surface height above geoid']","['', '', '', 'ocean_mixed_layer_thickness_defined_by_sigma_t', '', '', '', '', '', 'sea_surface_height_above_geoid']","['', '', '', 'area:mean yh:mean xh:mean time: mean', '', '', '', '', '', 'area:mean yh:mean xh:mean time: mean']","['days', 'days since 1991-01-01 00:00:00', 'days since 1991-01-01 00:00:00', 'm', '', 'days since 1991-01-01 00:00:00', 'days', 'degrees_east', 'degrees_north', 'm']",ocean
20011101.ocean_daily_z_2001_305.nc,/g/data/ik11/outputs/mom6-panan/panan-01-zstar-2001rerun/output006/20011101.ocean_daily_z_2001_305.nc,ocean.1day.nv:2.xh:3600.xq:3601.yh:845.yq:846.z_l_sub01:1,1day,"2001-11-01, 00:00:00","2001-11-02, 00:00:00","['average_DT', 'average_T1', 'average_T2', 'nv', 'time', 'time_bnds', 'uo', 'vo', 'xh', 'xq', 'yh', 'yq', 'z_l_sub01']","['Length of average period', 'Start time for average period', 'End time for average period', 'vertex number', 'time', 'time axis boundaries', 'Sea Water X Velocity', 'Sea Water Y Velocity', 'h point nominal longitude', 'q point nominal longitude', 'h point nominal latitude', 'q point nominal latitude', 'Depth at cell center']","['', '', '', '', '', '', 'sea_water_x_velocity', 'sea_water_y_velocity', '', '', '', '', '']","['', '', '', '', '', '', 'z_l:mean yh:mean xq:point time: mean', 'z_l:mean yq:point xh:mean time: mean', '', '', '', '', '']","['days', 'days since 1991-01-01 00:00:00', 'days since 1991-01-01 00:00:00', '', 'days since 1991-01-01 00:00:00', 'days', 'm s-1', 'm s-1', 'degrees_east', 'degrees_east', 'degrees_north', 'degrees_north', 'meters']",ocean
20011101.ocean_daily_z_2001_306.nc,/g/data/ik11/outputs/mom6-panan/panan-01-zstar-2001rerun/output006/20011101.ocean_daily_z_2001_306.nc,ocean.1day.nv:2.xh:3600.xq:3601.yh:845.yq:846.z_l_sub01:1,1day,"2001-11-02, 00:00:00","2001-11-03, 00:00:00","['average_DT', 'average_T1', 'average_T2', 'nv', 'time', 'time_bnds', 'uo', 'vo', 'xh', 'xq', 'yh', 'yq', 'z_l_sub01']","['Length of average period', 'Start time for average period', 'End time for average period', 'vertex number', 'time', 'time axis boundaries', 'Sea Water X Velocity', 'Sea Water Y Velocity', 'h point nominal longitude', 'q point nominal longitude', 'h point nominal latitude', 'q point nominal latitude', 'Depth at cell center']","['', '', '', '', '', '', 'sea_water_x_velocity', 'sea_water_y_velocity', '', '', '', '', '']","['', '', '', '', '', '', 'z_l:mean yh:mean xq:point time: mean', 'z_l:mean yq:point xh:mean time: mean', '', '', '', '', '']","['days', 'days since 1991-01-01 00:00:00', 'days since 1991-01-01 00:00:00', '', 'days since 1991-01-01 00:00:00', 'days', 'm s-1', 'm s-1', 'degrees_east', 'degrees_east', 'degrees_north', 'degrees_north', 'meters']",ocean
20011101.ocean_daily_z_2001_307.nc,/g/data/ik11/outputs/mom6-panan/panan-01-zstar-2001rerun/output006/20011101.ocean_daily_z_2001_307.nc,ocean.1day.nv:2.xh:3600.xq:3601.yh:845.yq:846.z_l_sub01:1,1day,"2001-11-03, 00:00:00","2001-11-04, 00:00:00","['average_DT', 'average_T1', 'average_T2', 'nv', 'time', 'time_bnds', 'uo', 'vo', 'xh', 'xq', 'yh', 'yq', 'z_l_sub01']","['Length of average period', 'Start time for average period', 'End time for average period', 'vertex number', 'time', 'time axis boundaries', 'Sea Water X Velocity', 'Sea Water Y Velocity', 'h point nominal longitude', 'q point nominal longitude', 'h point nominal latitude', 'q point nominal latitude', 'Depth at cell center']","['', '', '', '', '', '', 'sea_water_x_velocity', 'sea_water_y_velocity', '', '', '', '', '']","['', '', '', '', '', '', 'z_l:mean yh:mean xq:point time: mean', 'z_l:mean yq:point xh:mean time: mean', '', '', '', '', '']","['days', 'days since 1991-01-01 00:00:00', 'days since 1991-01-01 00:00:00', '', 'days since 1991-01-01 00:00:00', 'days', 'm s-1', 'm s-1', 'degrees_east', 'degrees_east', 'degrees_north', 'degrees_north', 'meters']",ocean
20011101.ocean_daily_z_2001_308.nc,/g/data/ik11/outputs/mom6-panan/panan-01-zstar-2001rerun/output006/20011101.ocean_daily_z_2001_308.nc,ocean.1day.nv:2.xh:3600.xq:3601.yh:845.yq:846.z_l_sub01:1,1day,"2001-11-04, 00:00:00","2001-11-05, 00:00:00","['average_DT', 'average_T1', 'average_T2', 'nv', 'time', 'time_bnds', 'uo', 'vo', 'xh', 'xq', 'yh', 'yq', 'z_l_sub01']","['Length of average period', 'Start time for average period', 'End time for average period', 'vertex number', 'time', 'time axis boundaries', 'Sea Water X Velocity', 'Sea Water Y Velocity', 'h point nominal longitude', 'q point nominal longitude', 'h point nominal latitude', 'q point nominal latitude', 'Depth at cell center']","['', '', '', '', '', '', 'sea_water_x_velocity', 'sea_water_y_velocity', '', '', '', '', '']","['', '', '', '', '', '', 'z_l:mean yh:mean xq:point time: mean', 'z_l:mean yq:point xh:mean time: mean', '', '', '', '', '']","['days', 'days since 1991-01-01 00:00:00', 'days since 1991-01-01 00:00:00', '', 'days since 1991-01-01 00:00:00', 'days', 'm s-1', 'm s-1', 'degrees_east', 'degrees_east', 'degrees_north', 'degrees_north', 'meters']",ocean
20011101.ocean_daily_z_2001_309.nc,/g/data/ik11/outputs/mom6-panan/panan-01-zstar-2001rerun/output006/20011101.ocean_daily_z_2001_309.nc,ocean.1day.nv:2.xh:3600.xq:3601.yh:845.yq:846.z_l_sub01:1,1day,"2001-11-05, 00:00:00","2001-11-06, 00:00:00","['average_DT', 'average_T1', 'average_T2', 'nv', 'time', 'time_bnds', 'uo', 'vo', 'xh', 'xq', 'yh', 'yq', 'z_l_sub01']","['Length of average period', 'Start time for average period', 'End time for average period', 'vertex number', 'time', 'time axis boundaries', 'Sea Water X Velocity', 'Sea Water Y Velocity', 'h point nominal longitude', 'q point nominal longitude', 'h point nominal latitude', 'q point nominal latitude', 'Depth at cell center']","['', '', '', '', '', '', 'sea_water_x_velocity', 'sea_water_y_velocity', '', '', '', '', '']","['', '', '', '', '', '', 'z_l:mean yh:mean xq:point time: mean', 'z_l:mean yq:point xh:mean time: mean', '', '', '', '', '']","['days', 'days since 1991-01-01 00:00:00', 'days since 1991-01-01 00:00:00', '', 'days since 1991-01-01 00:00:00', 'days', 'm s-1', 'm s-1', 'degrees_east', 'degrees_east', 'degrees_north', 'degrees_north', 'meters']",ocean
20011101.ocean_daily_z_2001_310.nc,/g/data/ik11/outputs/mom6-panan/panan-01-zstar-2001rerun/output006/20011101.ocean_daily_z_2001_310.nc,ocean.1day.nv:2.xh:3600.xq:3601.yh:845.yq:846.z_l_sub01:1,1day,"2001-11-06, 00:00:00","2001-11-07, 00:00:00","['average_DT', 'average_T1', 'average_T2', 'nv', 'time', 'time_bnds', 'uo', 'vo', 'xh', 'xq', 'yh', 'yq', 'z_l_sub01']","['Length of average period', 'Start time for average period', 'End time for average period', 'vertex number', 'time', 'time axis boundaries', 'Sea Water X Velocity', 'Sea Water Y Velocity', 'h point nominal longitude', 'q point nominal longitude', 'h point nominal latitude', 'q point nominal latitude', 'Depth at cell center']","['', '', '', '', '', '', 'sea_water_x_velocity', 'sea_water_y_velocity', '', '', '', '', '']","['', '', '', '', '', '', 'z_l:mean yh:mean xq:point time: mean', 'z_l:mean yq:point xh:mean time: mean', '', '', '', '', '']","['days', 'days since 1991-01-01 00:00:00', 'days since 1991-01-01 00:00:00', '', 'days since 1991-01-01 00:00:00', 'days', 'm s-1', 'm s-1', 'degrees_east', 'degrees_east', 'degrees_north', 'degrees_north', 'meters']",ocean
20011101.ocean_daily_z_2001_311.nc,/g/data/ik11/outputs/mom6-panan/panan-01-zstar-2001rerun/output006/20011101.ocean_daily_z_2001_311.nc,ocean.1day.nv:2.xh:3600.xq:3601.yh:845.yq:846.z_l_sub01:1,1day,"2001-11-07, 00:00:00","2001-11-08, 00:00:00","['average_DT', 'average_T1', 'average_T2', 'nv', 'time', 'time_bnds', 'uo', 'vo', 'xh', 'xq', 'yh', 'yq', 'z_l_sub01']","['Length of average period', 'Start time for average period', 'End time for average period', 'vertex number', 'time', 'time axis boundaries', 'Sea Water X Velocity', 'Sea Water Y Velocity', 'h point nominal longitude', 'q point nominal longitude', 'h point nominal latitude', 'q point nominal latitude', 'Depth at cell center']","['', '', '', '', '', '', 'sea_water_x_velocity', 'sea_water_y_velocity', '', '', '', '', '']","['', '', '', '', '', '', 'z_l:mean yh:mean xq:point time: mean', 'z_l:mean yq:point xh:mean time: mean', '', '', '', '', '']","['days', 'days since 1991-01-01 00:00:00', 'days since 1991-01-01 00:00:00', '', 'days since 1991-01-01 00:00:00', 'days', 'm s-1', 'm s-1', 'degrees_east', 'degrees_east', 'degrees_north', 'degrees_north', 'meters']",ocean
20011101.ocean_daily_z_2001_312.nc,/g/data/ik11/outputs/mom6-panan/panan-01-zstar-2001rerun/output006/20011101.ocean_daily_z_2001_312.nc,ocean.1day.nv:2.xh:3600.xq:3601.yh:845.yq:846.z_l_sub01:1,1day,"2001-11-08, 00:00:00","2001-11-09, 00:00:00","['average_DT', 'average_T1', 'average_T2', 'nv', 'time', 'time_bnds', 'uo', 'vo', 'xh', 'xq', 'yh', 'yq', 'z_l_sub01']","['Length of average period', 'Start time for average period', 'End time for average period', 'vertex number', 'time', 'time axis boundaries', 'Sea Water X Velocity', 'Sea Water Y Velocity', 'h point nominal longitude', 'q point nominal longitude', 'h point nominal latitude', 'q point nominal latitude', 'Depth at cell center']","['', '', '', '', '', '', 'sea_water_x_velocity', 'sea_water_y_velocity', '', '', '', '', '']","['', '', '', '', '', '', 'z_l:mean yh:mean xq:point time: mean', 'z_l:mean yq:point xh:mean time: mean', '', '', '', '', '']","['days', 'days since 1991-01-01 00:00:00', 'days since 1991-01-01 00:00:00', '', 'days since 1991-01-01 00:00:00', 'days', 'm s-1', 'm s-1', 'degrees_east', 'degrees_east', 'degrees_north', 'degrees_north', 'meters']",ocean
20011101.ocean_daily_z_2001_313.nc,/g/data/ik11/outputs/mom6-panan/panan-01-zstar-2001rerun/output006/20011101.ocean_daily_z_2001_313.nc,ocean.1day.nv:2.xh:3600.xq:3601.yh:845.yq:846.z_l_sub01:1,1day,"2001-11-09, 00:00:00","2001-11-10, 00:00:00","['average_DT', 'average_T1', 'average_T2', 'nv', 'time', 'time_bnds', 'uo', 'vo', 'xh', 'xq', 'yh', 'yq', 'z_l_sub01']","['Length of average period', 'Start time for average period', 'End time for average period', 'vertex number', 'time', 'time axis boundaries', 'Sea Water X Velocity', 'Sea Water Y Velocity', 'h point nominal longitude', 'q point nominal longitude', 'h point nominal latitude', 'q point nominal latitude', 'Depth at cell center']","['', '', '', '', '', '', 'sea_water_x_velocity', 'sea_water_y_velocity', '', '', '', '', '']","['', '', '', '', '', '', 'z_l:mean yh:mean xq:point time: mean', 'z_l:mean yq:point xh:mean time: mean', '', '', '', '', '']","['days', 'days since 1991-01-01 00:00:00', 'days since 1991-01-01 00:00:00', '', 'days since 1991-01-01 00:00:00', 'days', 'm s-1', 'm s-1', 'degrees_east', 'degrees_east', 'degrees_north', 'degrees_north', 'meters']",ocean
20011101.ocean_daily_z_2001_314.nc,/g/data/ik11/outputs/mom6-panan/panan-01-zstar-2001rerun/output006/20011101.ocean_daily_z_2001_314.nc,ocean.1day.nv:2.xh:3600.xq:3601.yh:845.yq:846.z_l_sub01:1,1day,"2001-11-10, 00:00:00","2001-11-11, 00:00:00","['average_DT', 'average_T1', 'average_T2', 'nv', 'time', 'time_bnds', 'uo', 'vo', 'xh', 'xq', 'yh', 'yq', 'z_l_sub01']","['Length of average period', 'Start time for average period', 'End time for average period', 'vertex number', 'time', 'time axis boundaries', 'Sea Water X Velocity', 'Sea Water Y Velocity', 'h point nominal longitude', 'q point nominal longitude', 'h point nominal latitude', 'q point nominal latitude', 'Depth at cell center']","['', '', '', '', '', '', 'sea_water_x_velocity', 'sea_water_y_velocity', '', '', '', '', '']","['', '', '', '', '', '', 'z_l:mean yh:mean xq:point time: mean', 'z_l:mean yq:point xh:mean time: mean', '', '', '', '', '']","['days', 'days since 1991-01-01 00:00:00', 'days since 1991-01-01 00:00:00', '', 'days since 1991-01-01 00:00:00', 'days', 'm s-1', 'm s-1', 'degrees_east', 'degrees_east', 'degrees_north', 'degrees_north', 'meters']",ocean
20011101.ocean_daily_z_2001_315.nc,/g/data/ik11/outputs/mom6-panan/panan-01-zstar-2001rerun/output006/20011101.ocean_daily_z_2001_315.nc,ocean.1day.nv:2.xh:3600.xq:3601.yh:845.yq:846.z_l_sub01:1,1day,"2001-11-11, 00:00:00","2001-11-12, 00:00:00","['average_DT', 'average_T1', 'average_T2', 'nv', 'time', 'time_bnds', 'uo', 'vo', 'xh', 'xq', 'yh', 'yq', 'z_l_sub01']","['Length of average period', 'Start time for average period', 'End time for average period', 'vertex number', 'time', 'time axis boundaries', 'Sea Water X Velocity', 'Sea Water Y Velocity', 'h point nominal longitude', 'q point nominal longitude', 'h point nominal latitude', 'q point nominal latitude', 'Depth at cell center']","['', '', '', '', '', '', 'sea_water_x_velocity', 'sea_water_y_velocity', '', '', '', '', '']","['', '', '', '', '', '', 'z_l:mean yh:mean xq:point time: mean', 'z_l:mean yq:point xh:mean time: mean', '', '', '', '', '']","['days', 'days since 1991-01-01 00:00:00', 'days since 1991-01-01 00:00:00', '', 'days since 1991-01-01 00:00:00', 'days', 'm s-1', 'm s-1', 'degrees_east', 'degrees_east', 'degrees_north', 'degrees_north', 'meters']",ocean
20011101.ocean_daily_z_2001_316.nc,/g/data/ik11/outputs/mom6-panan/panan-01-zstar-2001rerun/output006/20011101.ocean_daily_z_2001_316.nc,ocean.1day.nv:2.xh:3600.xq:3601.yh:845.yq:846.z_l_sub01:1,1day,"2001-11-12, 00:00:00","2001-11-13, 00:00:00","['average_DT', 'average_T1', 'average_T2', 'nv', 'time', 'time_bnds', 'uo', 'vo', 'xh', 'xq', 'yh', 'yq', 'z_l_sub01']","['Length of average period', 'Start time for average period', 'End time for average period', 'vertex number', 'time', 'time axis boundaries', 'Sea Water X Velocity', 'Sea Water Y Velocity', 'h point nominal longitude', 'q point nominal longitude', 'h point nominal latitude', 'q point nominal latitude', 'Depth at cell center']","['', '', '', '', '', '', 'sea_water_x_velocity', 'sea_water_y_velocity', '', '', '', '', '']","['', '', '', '', '', '', 'z_l:mean yh:mean xq:point time: mean', 'z_l:mean yq:point xh:mean time: mean', '', '', '', '', '']","['days', 'days since 1991-01-01 00:00:00', 'days since 1991-01-01 00:00:00', '', 'days since 1991-01-01 00:00:00', 'days', 'm s-1', 'm s-1', 'degrees_east', 'degrees_east', 'degrees_north', 'degrees_north', 'meters']",ocean
20011101.ocean_daily_z_2001_317.nc,/g/data/ik11/outputs/mom6-panan/panan-01-zstar-2001rerun/output006/20011101.ocean_daily_z_2001_317.nc,ocean.1day.nv:2.xh:3600.xq:3601.yh:845.yq:846.z_l_sub01:1,1day,"2001-11-13, 00:00:00","2001-11-14, 00:00:00","['average_DT', 'average_T1', 'average_T2', 'nv', 'time', 'time_bnds', 'uo', 'vo', 'xh', 'xq', 'yh', 'yq', 'z_l_sub01']","['Length of average period', 'Start time for average period', 'End time for average period', 'vertex number', 'time', 'time axis boundaries', 'Sea Water X Velocity', 'Sea Water Y Velocity', 'h point nominal longitude', 'q point nominal longitude', 'h point nominal latitude', 'q point nominal latitude', 'Depth at cell center']","['', '', '', '', '', '', 'sea_water_x_velocity', 'sea_water_y_velocity', '', '', '', '', '']","['', '', '', '', '', '', 'z_l:mean yh:mean xq:point time: mean', 'z_l:mean yq:point xh:mean time: mean', '', '', '', '', '']","['days', 'days since 1991-01-01 00:00:00', 'days since 1991-01-01 00:00:00', '', 'days since 1991-01-01 00:00:00', 'days', 'm s-1', 'm s-1', 'degrees_east', 'degrees_east', 'degrees_north', 'degrees_north', 'meters']",ocean
20011101.ocean_daily_z_2001_318.nc,/g/data/ik11/outputs/mom6-panan/panan-01-zstar-2001rerun/output006/20011101.ocean_daily_z_2001_318.nc,ocean.1day.nv:2.xh:3600.xq:3601.yh:845.yq:846.z_l_sub01:1,1day,"2001-11-14, 00:00:00","2001-11-15, 00:00:00","['average_DT', 'average_T1', 'average_T2', 'nv', 'time', 'time_bnds', 'uo', 'vo', 'xh', 'xq', 'yh', 'yq', 'z_l_sub01']","['Length of average period', 'Start time for average period', 'End time for average period', 'vertex number', 'time', 'time axis boundaries', 'Sea Water X Velocity', 'Sea Water Y Velocity', 'h point nominal longitude', 'q point nominal longitude', 'h point nominal latitude', 'q point nominal latitude', 'Depth at cell center']","['', '', '', '', '', '', 'sea_water_x_velocity', 'sea_water_y_velocity', '', '', '', '', '']","['', '', '', '', '', '', 'z_l:mean yh:mean xq:point time: mean', 'z_l:mean yq:point xh:mean time: mean', '', '', '', '', '']","['days', 'days since 1991-01-01 00:00:00', 'days since 1991-01-01 00:00:00', '', 'days since 1991-01-01 00:00:00', 'days', 'm s-1', 'm s-1', 'degrees_east', 'degrees_east', 'degrees_north', 'degrees_north', 'meters']",ocean
20011101.ocean_daily_z_2001_319.nc,/g/data/ik11/outputs/mom6-panan/panan-01-zstar-2001rerun/output006/20011101.ocean_daily_z_2001_319.nc,ocean.1day.nv:2.xh:3600.xq:3601.yh:845.yq:846.z_l_sub01:1,1day,"2001-11-15, 00:00:00","2001-11-16, 00:00:00","['average_DT', 'average_T1', 'average_T2', 'nv', 'time', 'time_bnds', 'uo', 'vo', 'xh', 'xq', 'yh', 'yq', 'z_l_sub01']","['Length of average period', 'Start time for average period', 'End time for average period', 'vertex number', 'time', 'time axis boundaries', 'Sea Water X Velocity', 'Sea Water Y Velocity', 'h point nominal longitude', 'q point nominal longitude', 'h point nominal latitude', 'q point nominal latitude', 'Depth at cell center']","['', '', '', '', '', '', 'sea_water_x_velocity', 'sea_water_y_velocity', '', '', '', '', '']","['', '', '', '', '', '', 'z_l:mean yh:mean xq:point time: mean', 'z_l:mean yq:point xh:mean time: mean', '', '', '', '', '']","['days', 'days since 1991-01-01 00:00:00', 'days since 1991-01-01 00:00:00', '', 'days since 1991-01-01 00:00:00', 'days', 'm s-1', 'm s-1', 'degrees_east', 'degrees_east', 'degrees_north', 'degrees_north', 'meters']",ocean
20011101.ocean_daily_z_2001_320.nc,/g/data/ik11/outputs/mom6-panan/panan-01-zstar-2001rerun/output006/20011101.ocean_daily_z_2001_320.nc,ocean.1day.nv:2.xh:3600.xq:3601.yh:845.yq:846.z_l_sub01:1,1day,"2001-11-16, 00:00:00","2001-11-17, 00:00:00","['average_DT', 'average_T1', 'average_T2', 'nv', 'time', 'time_bnds', 'uo', 'vo', 'xh', 'xq', 'yh', 'yq', 'z_l_sub01']","['Length of average period', 'Start time for average period', 'End time for average period', 'vertex number', 'time', 'time axis boundaries', 'Sea Water X Velocity', 'Sea Water Y Velocity', 'h point nominal longitude', 'q point nominal longitude', 'h point nominal latitude', 'q point nominal latitude', 'Depth at cell center']","['', '', '', '', '', '', 'sea_water_x_velocity', 'sea_water_y_velocity', '', '', '', '', '']","['', '', '', '', '', '', 'z_l:mean yh:mean xq:point time: mean', 'z_l:mean yq:point xh:mean time: mean', '', '', '', '', '']","['days', 'days since 1991-01-01 00:00:00', 'days since 1991-01-01 00:00:00', '', 'days since 1991-01-01 00:00:00', 'days', 'm s-1', 'm s-1', 'degrees_east', 'degrees_east', 'degrees_north', 'degrees_north', 'meters']",ocean
20011101.ocean_daily_z_2001_321.nc,/g/data/ik11/outputs/mom6-panan/panan-01-zstar-2001rerun/output006/20011101.ocean_daily_z_2001_321.nc,ocean.1day.nv:2.xh:3600.xq:3601.yh:845.yq:846.z_l_sub01:1,1day,"2001-11-17, 00:00:00","2001-11-18, 00:00:00","['average_DT', 'average_T1', 'average_T2', 'nv', 'time', 'time_bnds', 'uo', 'vo', 'xh', 'xq', 'yh', 'yq', 'z_l_sub01']","['Length of average period', 'Start time for average period', 'End time for average period', 'vertex number', 'time', 'time axis boundaries', 'Sea Water X Velocity', 'Sea Water Y Velocity', 'h point nominal longitude', 'q point nominal longitude', 'h point nominal latitude', 'q point nominal latitude', 'Depth at cell center']","['', '', '', '', '', '', 'sea_water_x_velocity', 'sea_water_y_velocity', '', '', '', '', '']","['', '', '', '', '', '', 'z_l:mean yh:mean xq:point time: mean', 'z_l:mean yq:point xh:mean time: mean', '', '', '', '', '']","['days', 'days since 1991-01-01 00:00:00', 'days since 1991-01-01 00:00:00', '', 'days since 1991-01-01 00:00:00', 'days', 'm s-1', 'm s-1', 'degrees_east', 'degrees_east', 'degrees_north', 'degrees_north', 'meters']",ocean
20011101.ocean_daily_z_2001_322.nc,/g/data/ik11/outputs/mom6-panan/panan-01-zstar-2001rerun/output006/20011101.ocean_daily_z_2001_322.nc,ocean.1day.nv:2.xh:3600.xq:3601.yh:845.yq:846.z_l_sub01:1,1day,"2001-11-18, 00:00:00","2001-11-19, 00:00:00","['average_DT', 'average_T1', 'average_T2', 'nv', 'time', 'time_bnds', 'uo', 'vo', 'xh', 'xq', 'yh', 'yq', 'z_l_sub01']","['Length of average period', 'Start time for average period', 'End time for average period', 'vertex number', 'time', 'time axis boundaries', 'Sea Water X Velocity', 'Sea Water Y Velocity', 'h point nominal longitude', 'q point nominal longitude', 'h point nominal latitude', 'q point nominal latitude', 'Depth at cell center']","['', '', '', '', '', '', 'sea_water_x_velocity', 'sea_water_y_velocity', '', '', '', '', '']","['', '', '', '', '', '', 'z_l:mean yh:mean xq:point time: mean', 'z_l:mean yq:point xh:mean time: mean', '', '', '', '', '']","['days', 'days since 1991-01-01 00:00:00', 'days since 1991-01-01 00:00:00', '', 'days since 1991-01-01 00:00:00', 'days', 'm s-1', 'm s-1', 'degrees_east', 'degrees_east', 'degrees_north', 'degrees_north', 'meters']",ocean
20011101.ocean_daily_z_2001_323.nc,/g/data/ik11/outputs/mom6-panan/panan-01-zstar-2001rerun/output006/20011101.ocean_daily_z_2001_323.nc,ocean.1day.nv:2.xh:3600.xq:3601.yh:845.yq:846.z_l_sub01:1,1day,"2001-11-19, 00:00:00","2001-11-20, 00:00:00","['average_DT', 'average_T1', 'average_T2', 'nv', 'time', 'time_bnds', 'uo', 'vo', 'xh', 'xq', 'yh', 'yq', 'z_l_sub01']","['Length of average period', 'Start time for average period', 'End time for average period', 'vertex number', 'time', 'time axis boundaries', 'Sea Water X Velocity', 'Sea Water Y Velocity', 'h point nominal longitude', 'q point nominal longitude', 'h point nominal latitude', 'q point nominal latitude', 'Depth at cell center']","['', '', '', '', '', '', 'sea_water_x_velocity', 'sea_water_y_velocity', '', '', '', '', '']","['', '', '', '', '', '', 'z_l:mean yh:mean xq:point time: mean', 'z_l:mean yq:point xh:mean time: mean', '', '', '', '', '']","['days', 'days since 1991-01-01 00:00:00', 'days since 1991-01-01 00:00:00', '', 'days since 1991-01-01 00:00:00', 'days', 'm s-1', 'm s-1', 'degrees_east', 'degrees_east', 'degrees_north', 'degrees_north', 'meters']",ocean
20011101.ocean_daily_z_2001_324.nc,/g/data/ik11/outputs/mom6-panan/panan-01-zstar-2001rerun/output006/20011101.ocean_daily_z_2001_324.nc,ocean.1day.nv:2.xh:3600.xq:3601.yh:845.yq:846.z_l_sub01:1,1day,"2001-11-20, 00:00:00","2001-11-21, 00:00:00","['average_DT', 'average_T1', 'average_T2', 'nv', 'time', 'time_bnds', 'uo', 'vo', 'xh', 'xq', 'yh', 'yq', 'z_l_sub01']","['Length of average period', 'Start time for average period', 'End time for average period', 'vertex number', 'time', 'time axis boundaries', 'Sea Water X Velocity', 'Sea Water Y Velocity', 'h point nominal longitude', 'q point nominal longitude', 'h point nominal latitude', 'q point nominal latitude', 'Depth at cell center']","['', '', '', '', '', '', 'sea_water_x_velocity', 'sea_water_y_velocity', '', '', '', '', '']","['', '', '', '', '', '', 'z_l:mean yh:mean xq:point time: mean', 'z_l:mean yq:point xh:mean time: mean', '', '', '', '', '']","['days', 'days since 1991-01-01 00:00:00', 'days since 1991-01-01 00:00:00', '', 'days since 1991-01-01 00:00:00', 'days', 'm s-1', 'm s-1', 'degrees_east', 'degrees_east', 'degrees_north', 'degrees_north', 'meters']",ocean
20011101.ocean_daily_z_2001_325.nc,/g/data/ik11/outputs/mom6-panan/panan-01-zstar-2001rerun/output006/20011101.ocean_daily_z_2001_325.nc,ocean.1day.nv:2.xh:3600.xq:3601.yh:845.yq:846.z_l_sub01:1,1day,"2001-11-21, 00:00:00","2001-11-22, 00:00:00","['average_DT', 'average_T1', 'average_T2', 'nv', 'time', 'time_bnds', 'uo', 'vo', 'xh', 'xq', 'yh', 'yq', 'z_l_sub01']","['Length of average period', 'Start time for average period', 'End time for average period', 'vertex number', 'time', 'time axis boundaries', 'Sea Water X Velocity', 'Sea Water Y Velocity', 'h point nominal longitude', 'q point nominal longitude', 'h point nominal latitude', 'q point nominal latitude', 'Depth at cell center']","['', '', '', '', '', '', 'sea_water_x_velocity', 'sea_water_y_velocity', '', '', '', '', '']","['', '', '', '', '', '', 'z_l:mean yh:mean xq:point time: mean', 'z_l:mean yq:point xh:mean time: mean', '', '', '', '', '']","['days', 'days since 1991-01-01 00:00:00', 'days since 1991-01-01 00:00:00', '', 'days since 1991-01-01 00:00:00', 'days', 'm s-1', 'm s-1', 'degrees_east', 'degrees_east', 'degrees_north', 'degrees_north', 'meters']",ocean
20011101.ocean_daily_z_2001_326.nc,/g/data/ik11/outputs/mom6-panan/panan-01-zstar-2001rerun/output006/20011101.ocean_daily_z_2001_326.nc,ocean.1day.nv:2.xh:3600.xq:3601.yh:845.yq:846.z_l_sub01:1,1day,"2001-11-22, 00:00:00","2001-11-23, 00:00:00","['average_DT', 'average_T1', 'average_T2', 'nv', 'time', 'time_bnds', 'uo', 'vo', 'xh', 'xq', 'yh', 'yq', 'z_l_sub01']","['Length of average period', 'Start time for average period', 'End time for average period', 'vertex number', 'time', 'time axis boundaries', 'Sea Water X Velocity', 'Sea Water Y Velocity', 'h point nominal longitude', 'q point nominal longitude', 'h point nominal latitude', 'q point nominal latitude', 'Depth at cell center']","['', '', '', '', '', '', 'sea_water_x_velocity', 'sea_water_y_velocity', '', '', '', '', '']","['', '', '', '', '', '', 'z_l:mean yh:mean xq:point time: mean', 'z_l:mean yq:point xh:mean time: mean', '', '', '', '', '']","['days', 'days since 1991-01-01 00:00:00', 'days since 1991-01-01 00:00:00', '', 'days since 1991-01-01 00:00:00', 'days', 'm s-1', 'm s-1', 'degrees_east', 'degrees_east', 'degrees_north', 'degrees_north', 'meters']",ocean
20011101.ocean_daily_z_2001_327.nc,/g/data/ik11/outputs/mom6-panan/panan-01-zstar-2001rerun/output006/20011101.ocean_daily_z_2001_327.nc,ocean.1day.nv:2.xh:3600.xq:3601.yh:845.yq:846.z_l_sub01:1,1day,"2001-11-23, 00:00:00","2001-11-24, 00:00:00","['average_DT', 'average_T1', 'average_T2', 'nv', 'time', 'time_bnds', 'uo', 'vo', 'xh', 'xq', 'yh', 'yq', 'z_l_sub01']","['Length of average period', 'Start time for average period', 'End time for average period', 'vertex number', 'time', 'time axis boundaries', 'Sea Water X Velocity', 'Sea Water Y Velocity', 'h point nominal longitude', 'q point nominal longitude', 'h point nominal latitude', 'q point nominal latitude', 'Depth at cell center']","['', '', '', '', '', '', 'sea_water_x_velocity', 'sea_water_y_velocity', '', '', '', '', '']","['', '', '', '', '', '', 'z_l:mean yh:mean xq:point time: mean', 'z_l:mean yq:point xh:mean time: mean', '', '', '', '', '']","['days', 'days since 1991-01-01 00:00:00', 'days since 1991-01-01 00:00:00', '', 'days since 1991-01-01 00:00:00', 'days', 'm s-1', 'm s-1', 'degrees_east', 'degrees_east', 'degrees_north', 'degrees_north', 'meters']",ocean
20011101.ocean_daily_z_2001_328.nc,/g/data/ik11/outputs/mom6-panan/panan-01-zstar-2001rerun/output006/20011101.ocean_daily_z_2001_328.nc,ocean.1day.nv:2.xh:3600.xq:3601.yh:845.yq:846.z_l_sub01:1,1day,"2001-11-24, 00:00:00","2001-11-25, 00:00:00","['average_DT', 'average_T1', 'average_T2', 'nv', 'time', 'time_bnds', 'uo', 'vo', 'xh', 'xq', 'yh', 'yq', 'z_l_sub01']","['Length of average period', 'Start time for average period', 'End time for average period', 'vertex number', 'time', 'time axis boundaries', 'Sea Water X Velocity', 'Sea Water Y Velocity', 'h point nominal longitude', 'q point nominal longitude', 'h point nominal latitude', 'q point nominal latitude', 'Depth at cell center']","['', '', '', '', '', '', 'sea_water_x_velocity', 'sea_water_y_velocity', '', '', '', '', '']","['', '', '', '', '', '', 'z_l:mean yh:mean xq:point time: mean', 'z_l:mean yq:point xh:mean time: mean', '', '', '', '', '']","['days', 'days since 1991-01-01 00:00:00', 'days since 1991-01-01 00:00:00', '', 'days since 1991-01-01 00:00:00', 'days', 'm s-1', 'm s-1', 'degrees_east', 'degrees_east', 'degrees_north', 'degrees_north', 'meters']",ocean
20011101.ocean_daily_z_2001_329.nc,/g/data/ik11/outputs/mom6-panan/panan-01-zstar-2001rerun/output006/20011101.ocean_daily_z_2001_329.nc,ocean.1day.nv:2.xh:3600.xq:3601.yh:845.yq:846.z_l_sub01:1,1day,"2001-11-25, 00:00:00","2001-11-26, 00:00:00","['average_DT', 'average_T1', 'average_T2', 'nv', 'time', 'time_bnds', 'uo', 'vo', 'xh', 'xq', 'yh', 'yq', 'z_l_sub01']","['Length of average period', 'Start time for average period', 'End time for average period', 'vertex number', 'time', 'time axis boundaries', 'Sea Water X Velocity', 'Sea Water Y Velocity', 'h point nominal longitude', 'q point nominal longitude', 'h point nominal latitude', 'q point nominal latitude', 'Depth at cell center']","['', '', '', '', '', '', 'sea_water_x_velocity', 'sea_water_y_velocity', '', '', '', '', '']","['', '', '', '', '', '', 'z_l:mean yh:mean xq:point time: mean', 'z_l:mean yq:point xh:mean time: mean', '', '', '', '', '']","['days', 'days since 1991-01-01 00:00:00', 'days since 1991-01-01 00:00:00', '', 'days since 1991-01-01 00:00:00', 'days', 'm s-1', 'm s-1', 'degrees_east', 'degrees_east', 'degrees_north', 'degrees_north', 'meters']",ocean
20011101.ocean_daily_z_2001_330.nc,/g/data/ik11/outputs/mom6-panan/panan-01-zstar-2001rerun/output006/20011101.ocean_daily_z_2001_330.nc,ocean.1day.nv:2.xh:3600.xq:3601.yh:845.yq:846.z_l_sub01:1,1day,"2001-11-26, 00:00:00","2001-11-27, 00:00:00","['average_DT', 'average_T1', 'average_T2', 'nv', 'time', 'time_bnds', 'uo', 'vo', 'xh', 'xq', 'yh', 'yq', 'z_l_sub01']","['Length of average period', 'Start time for average period', 'End time for average period', 'vertex number', 'time', 'time axis boundaries', 'Sea Water X Velocity', 'Sea Water Y Velocity', 'h point nominal longitude', 'q point nominal longitude', 'h point nominal latitude', 'q point nominal latitude', 'Depth at cell center']","['', '', '', '', '', '', 'sea_water_x_velocity', 'sea_water_y_velocity', '', '', '', '', '']","['', '', '', '', '', '', 'z_l:mean yh:mean xq:point time: mean', 'z_l:mean yq:point xh:mean time: mean', '', '', '', '', '']","['days', 'days since 1991-01-01 00:00:00', 'days since 1991-01-01 00:00:00', '', 'days since 1991-01-01 00:00:00', 'days', 'm s-1', 'm s-1', 'degrees_east', 'degrees_east', 'degrees_north', 'degrees_north', 'meters']",ocean
20011101.ocean_daily_z_2001_331.nc,/g/data/ik11/outputs/mom6-panan/panan-01-zstar-2001rerun/output006/20011101.ocean_daily_z_2001_331.nc,ocean.1day.nv:2.xh:3600.xq:3601.yh:845.yq:846.z_l_sub01:1,1day,"2001-11-27, 00:00:00","2001-11-28, 00:00:00","['average_DT', 'average_T1', 'average_T2', 'nv', 'time', 'time_bnds', 'uo', 'vo', 'xh', 'xq', 'yh', 'yq', 'z_l_sub01']","['Length of average period', 'Start time for average period', 'End time for average period', 'vertex number', 'time', 'time axis boundaries', 'Sea Water X Velocity', 'Sea Water Y Velocity', 'h point nominal longitude', 'q point nominal longitude', 'h point nominal latitude', 'q point nominal latitude', 'Depth at cell center']","['', '', '', '', '', '', 'sea_water_x_velocity', 'sea_water_y_velocity', '', '', '', '', '']","['', '', '', '', '', '', 'z_l:mean yh:mean xq:point time: mean', 'z_l:mean yq:point xh:mean time: mean', '', '', '', '', '']","['days', 'days since 1991-01-01 00:00:00', 'days since 1991-01-01 00:00:00', '', 'days since 1991-01-01 00:00:00', 'days', 'm s-1', 'm s-1', 'degrees_east', 'degrees_east', 'degrees_north', 'degrees_north', 'meters']",ocean
20011101.ocean_daily_z_2001_332.nc,/g/data/ik11/outputs/mom6-panan/panan-01-zstar-2001rerun/output006/20011101.ocean_daily_z_2001_332.nc,ocean.1day.nv:2.xh:3600.xq:3601.yh:845.yq:846.z_l_sub01:1,1day,"2001-11-28, 00:00:00","2001-11-29, 00:00:00","['average_DT', 'average_T1', 'average_T2', 'nv', 'time', 'time_bnds', 'uo', 'vo', 'xh', 'xq', 'yh', 'yq', 'z_l_sub01']","['Length of average period', 'Start time for average period', 'End time for average period', 'vertex number', 'time', 'time axis boundaries', 'Sea Water X Velocity', 'Sea Water Y Velocity', 'h point nominal longitude', 'q point nominal longitude', 'h point nominal latitude', 'q point nominal latitude', 'Depth at cell center']","['', '', '', '', '', '', 'sea_water_x_velocity', 'sea_water_y_velocity', '', '', '', '', '']","['', '', '', '', '', '', 'z_l:mean yh:mean xq:point time: mean', 'z_l:mean yq:point xh:mean time: mean', '', '', '', '', '']","['days', 'days since 1991-01-01 00:00:00', 'days since 1991-01-01 00:00:00', '', 'days since 1991-01-01 00:00:00', 'days', 'm s-1', 'm s-1', 'degrees_east', 'degrees_east', 'degrees_north', 'degrees_north', 'meters']",ocean
20011101.ocean_daily_z_2001_333.nc,/g/data/ik11/outputs/mom6-panan/panan-01-zstar-2001rerun/output006/20011101.ocean_daily_z_2001_333.nc,ocean.1day.nv:2.xh:3600.xq:3601.yh:845.yq:846.z_l_sub01:1,1day,"2001-11-29, 00:00:00","2001-11-30, 00:00:00","['average_DT', 'average_T1', 'average_T2', 'nv', 'time', 'time_bnds', 'uo', 'vo', 'xh', 'xq', 'yh', 'yq', 'z_l_sub01']","['Length of average period', 'Start time for average period', 'End time for average period', 'vertex number', 'time', 'time axis boundaries', 'Sea Water X Velocity', 'Sea Water Y Velocity', 'h point nominal longitude', 'q point nominal longitude', 'h point nominal latitude', 'q point nominal latitude', 'Depth at cell center']","['', '', '', '', '', '', 'sea_water_x_velocity', 'sea_water_y_velocity', '', '', '', '', '']","['', '', '', '', '', '', 'z_l:mean yh:mean xq:point time: mean', 'z_l:mean yq:point xh:mean time: mean', '', '', '', '', '']","['days', 'days since 1991-01-01 00:00:00', 'days since 1991-01-01 00:00:00', '', 'days since 1991-01-01 00:00:00', 'days', 'm s-1', 'm s-1', 'degrees_east', 'degrees_east', 'degrees_north', 'degrees_north', 'meters']",ocean
20011101.ocean_daily_z_2001_334.nc,/g/data/ik11/outputs/mom6-panan/panan-01-zstar-2001rerun/output006/20011101.ocean_daily_z_2001_334.nc,ocean.1day.nv:2.xh:3600.xq:3601.yh:845.yq:846.z_l_sub01:1,1day,"2001-11-30, 00:00:00","2001-12-01, 00:00:00","['average_DT', 'average_T1', 'average_T2', 'nv', 'time', 'time_bnds', 'uo', 'vo', 'xh', 'xq', 'yh', 'yq', 'z_l_sub01']","['Length of average period', 'Start time for average period', 'End time for average period', 'vertex number', 'time', 'time axis boundaries', 'Sea Water X Velocity', 'Sea Water Y Velocity', 'h point nominal longitude', 'q point nominal longitude', 'h point nominal latitude', 'q point nominal latitude', 'Depth at cell center']","['', '', '', '', '', '', 'sea_water_x_velocity', 'sea_water_y_velocity', '', '', '', '', '']","['', '', '', '', '', '', 'z_l:mean yh:mean xq:point time: mean', 'z_l:mean yq:point xh:mean time: mean', '', '', '', '', '']","['days', 'days since 1991-01-01 00:00:00', 'days since 1991-01-01 00:00:00', '', 'days since 1991-01-01 00:00:00', 'days', 'm s-1', 'm s-1', 'degrees_east', 'degrees_east', 'degrees_north', 'degrees_north', 'meters']",ocean
20011101.ocean_daily_z_2001_335.nc,/g/data/ik11/outputs/mom6-panan/panan-01-zstar-2001rerun/output006/20011101.ocean_daily_z_2001_335.nc,ocean.1day.nv:2.xh:3600.xq:3601.yh:845.yq:846.z_l_sub01:1,1day,"2001-12-01, 00:00:00","2001-12-02, 00:00:00","['average_DT', 'average_T1', 'average_T2', 'nv', 'time', 'time_bnds', 'uo', 'vo', 'xh', 'xq', 'yh', 'yq', 'z_l_sub01']","['Length of average period', 'Start time for average period', 'End time for average period', 'vertex number', 'time', 'time axis boundaries', 'Sea Water X Velocity', 'Sea Water Y Velocity', 'h point nominal longitude', 'q point nominal longitude', 'h point nominal latitude', 'q point nominal latitude', 'Depth at cell center']","['', '', '', '', '', '', 'sea_water_x_velocity', 'sea_water_y_velocity', '', '', '', '', '']","['', '', '', '', '', '', 'z_l:mean yh:mean xq:point time: mean', 'z_l:mean yq:point xh:mean time: mean', '', '', '', '', '']","['days', 'days since 1991-01-01 00:00:00', 'days since 1991-01-01 00:00:00', '', 'days since 1991-01-01 00:00:00', 'days', 'm s-1', 'm s-1', 'degrees_east', 'degrees_east', 'degrees_north', 'degrees_north', 'meters']",ocean
20011101.ocean_daily_z_2001_336.nc,/g/data/ik11/outputs/mom6-panan/panan-01-zstar-2001rerun/output006/20011101.ocean_daily_z_2001_336.nc,ocean.1day.nv:2.xh:3600.xq:3601.yh:845.yq:846.z_l_sub01:1,1day,"2001-12-02, 00:00:00","2001-12-03, 00:00:00","['average_DT', 'average_T1', 'average_T2', 'nv', 'time', 'time_bnds', 'uo', 'vo', 'xh', 'xq', 'yh', 'yq', 'z_l_sub01']","['Length of average period', 'Start time for average period', 'End time for average period', 'vertex number', 'time', 'time axis boundaries', 'Sea Water X Velocity', 'Sea Water Y Velocity', 'h point nominal longitude', 'q point nominal longitude', 'h point nominal latitude', 'q point nominal latitude', 'Depth at cell center']","['', '', '', '', '', '', 'sea_water_x_velocity', 'sea_water_y_velocity', '', '', '', '', '']","['', '', '', '', '', '', 'z_l:mean yh:mean xq:point time: mean', 'z_l:mean yq:point xh:mean time: mean', '', '', '', '', '']","['days', 'days since 1991-01-01 00:00:00', 'days since 1991-01-01 00:00:00', '', 'days since 1991-01-01 00:00:00', 'days', 'm s-1', 'm s-1', 'degrees_east', 'degrees_east', 'degrees_north', 'degrees_north', 'meters']",ocean
20011101.ocean_daily_z_2001_337.nc,/g/data/ik11/outputs/mom6-panan/panan-01-zstar-2001rerun/output006/20011101.ocean_daily_z_2001_337.nc,ocean.1day.nv:2.xh:3600.xq:3601.yh:845.yq:846.z_l_sub01:1,1day,"2001-12-03, 00:00:00","2001-12-04, 00:00:00","['average_DT', 'average_T1', 'average_T2', 'nv', 'time', 'time_bnds', 'uo', 'vo', 'xh', 'xq', 'yh', 'yq', 'z_l_sub01']","['Length of average period', 'Start time for average period', 'End time for average period', 'vertex number', 'time', 'time axis boundaries', 'Sea Water X Velocity', 'Sea Water Y Velocity', 'h point nominal longitude', 'q point nominal longitude', 'h point nominal latitude', 'q point nominal latitude', 'Depth at cell center']","['', '', '', '', '', '', 'sea_water_x_velocity', 'sea_water_y_velocity', '', '', '', '', '']","['', '', '', '', '', '', 'z_l:mean yh:mean xq:point time: mean', 'z_l:mean yq:point xh:mean time: mean', '', '', '', '', '']","['days', 'days since 1991-01-01 00:00:00', 'days since 1991-01-01 00:00:00', '', 'days since 1991-01-01 00:00:00', 'days', 'm s-1', 'm s-1', 'degrees_east', 'degrees_east', 'degrees_north', 'degrees_north', 'meters']",ocean
20011101.ocean_daily_z_2001_338.nc,/g/data/ik11/outputs/mom6-panan/panan-01-zstar-2001rerun/output006/20011101.ocean_daily_z_2001_338.nc,ocean.1day.nv:2.xh:3600.xq:3601.yh:845.yq:846.z_l_sub01:1,1day,"2001-12-04, 00:00:00","2001-12-05, 00:00:00","['average_DT', 'average_T1', 'average_T2', 'nv', 'time', 'time_bnds', 'uo', 'vo', 'xh', 'xq', 'yh', 'yq', 'z_l_sub01']","['Length of average period', 'Start time for average period', 'End time for average period', 'vertex number', 'time', 'time axis boundaries', 'Sea Water X Velocity', 'Sea Water Y Velocity', 'h point nominal longitude', 'q point nominal longitude', 'h point nominal latitude', 'q point nominal latitude', 'Depth at cell center']","['', '', '', '', '', '', 'sea_water_x_velocity', 'sea_water_y_velocity', '', '', '', '', '']","['', '', '', '', '', '', 'z_l:mean yh:mean xq:point time: mean', 'z_l:mean yq:point xh:mean time: mean', '', '', '', '', '']","['days', 'days since 1991-01-01 00:00:00', 'days since 1991-01-01 00:00:00', '', 'days since 1991-01-01 00:00:00', 'days', 'm s-1', 'm s-1', 'degrees_east', 'degrees_east', 'degrees_north', 'degrees_north', 'meters']",ocean
20011101.ocean_daily_z_2001_339.nc,/g/data/ik11/outputs/mom6-panan/panan-01-zstar-2001rerun/output006/20011101.ocean_daily_z_2001_339.nc,ocean.1day.nv:2.xh:3600.xq:3601.yh:845.yq:846.z_l_sub01:1,1day,"2001-12-05, 00:00:00","2001-12-06, 00:00:00","['average_DT', 'average_T1', 'average_T2', 'nv', 'time', 'time_bnds', 'uo', 'vo', 'xh', 'xq', 'yh', 'yq', 'z_l_sub01']","['Length of average period', 'Start time for average period', 'End time for average period', 'vertex number', 'time', 'time axis boundaries', 'Sea Water X Velocity', 'Sea Water Y Velocity', 'h point nominal longitude', 'q point nominal longitude', 'h point nominal latitude', 'q point nominal latitude', 'Depth at cell center']","['', '', '', '', '', '', 'sea_water_x_velocity', 'sea_water_y_velocity', '', '', '', '', '']","['', '', '', '', '', '', 'z_l:mean yh:mean xq:point time: mean', 'z_l:mean yq:point xh:mean time: mean', '', '', '', '', '']","['days', 'days since 1991-01-01 00:00:00', 'days since 1991-01-01 00:00:00', '', 'days since 1991-01-01 00:00:00', 'days', 'm s-1', 'm s-1', 'degrees_east', 'degrees_east', 'degrees_north', 'degrees_north', 'meters']",ocean
20011101.ocean_daily_z_2001_340.nc,/g/data/ik11/outputs/mom6-panan/panan-01-zstar-2001rerun/output006/20011101.ocean_daily_z_2001_340.nc,ocean.1day.nv:2.xh:3600.xq:3601.yh:845.yq:846.z_l_sub01:1,1day,"2001-12-06, 00:00:00","2001-12-07, 00:00:00","['average_DT', 'average_T1', 'average_T2', 'nv', 'time', 'time_bnds', 'uo', 'vo', 'xh', 'xq', 'yh', 'yq', 'z_l_sub01']","['Length of average period', 'Start time for average period', 'End time for average period', 'vertex number', 'time', 'time axis boundaries', 'Sea Water X Velocity', 'Sea Water Y Velocity', 'h point nominal longitude', 'q point nominal longitude', 'h point nominal latitude', 'q point nominal latitude', 'Depth at cell center']","['', '', '', '', '', '', 'sea_water_x_velocity', 'sea_water_y_velocity', '', '', '', '', '']","['', '', '', '', '', '', 'z_l:mean yh:mean xq:point time: mean', 'z_l:mean yq:point xh:mean time: mean', '', '', '', '', '']","['days', 'days since 1991-01-01 00:00:00', 'days since 1991-01-01 00:00:00', '', 'days since 1991-01-01 00:00:00', 'days', 'm s-1', 'm s-1', 'degrees_east', 'degrees_east', 'degrees_north', 'degrees_north', 'meters']",ocean
20011101.ocean_daily_z_2001_341.nc,/g/data/ik11/outputs/mom6-panan/panan-01-zstar-2001rerun/output006/20011101.ocean_daily_z_2001_341.nc,ocean.1day.nv:2.xh:3600.xq:3601.yh:845.yq:846.z_l_sub01:1,1day,"2001-12-07, 00:00:00","2001-12-08, 00:00:00","['average_DT', 'average_T1', 'average_T2', 'nv', 'time', 'time_bnds', 'uo', 'vo', 'xh', 'xq', 'yh', 'yq', 'z_l_sub01']","['Length of average period', 'Start time for average period', 'End time for average period', 'vertex number', 'time', 'time axis boundaries', 'Sea Water X Velocity', 'Sea Water Y Velocity', 'h point nominal longitude', 'q point nominal longitude', 'h point nominal latitude', 'q point nominal latitude', 'Depth at cell center']","['', '', '', '', '', '', 'sea_water_x_velocity', 'sea_water_y_velocity', '', '', '', '', '']","['', '', '', '', '', '', 'z_l:mean yh:mean xq:point time: mean', 'z_l:mean yq:point xh:mean time: mean', '', '', '', '', '']","['days', 'days since 1991-01-01 00:00:00', 'days since 1991-01-01 00:00:00', '', 'days since 1991-01-01 00:00:00', 'days', 'm s-1', 'm s-1', 'degrees_east', 'degrees_east', 'degrees_north', 'degrees_north', 'meters']",ocean
20011101.ocean_daily_z_2001_342.nc,/g/data/ik11/outputs/mom6-panan/panan-01-zstar-2001rerun/output006/20011101.ocean_daily_z_2001_342.nc,ocean.1day.nv:2.xh:3600.xq:3601.yh:845.yq:846.z_l_sub01:1,1day,"2001-12-08, 00:00:00","2001-12-09, 00:00:00","['average_DT', 'average_T1', 'average_T2', 'nv', 'time', 'time_bnds', 'uo', 'vo', 'xh', 'xq', 'yh', 'yq', 'z_l_sub01']","['Length of average period', 'Start time for average period', 'End time for average period', 'vertex number', 'time', 'time axis boundaries', 'Sea Water X Velocity', 'Sea Water Y Velocity', 'h point nominal longitude', 'q point nominal longitude', 'h point nominal latitude', 'q point nominal latitude', 'Depth at cell center']","['', '', '', '', '', '', 'sea_water_x_velocity', 'sea_water_y_velocity', '', '', '', '', '']","['', '', '', '', '', '', 'z_l:mean yh:mean xq:point time: mean', 'z_l:mean yq:point xh:mean time: mean', '', '', '', '', '']","['days', 'days since 1991-01-01 00:00:00', 'days since 1991-01-01 00:00:00', '', 'days since 1991-01-01 00:00:00', 'days', 'm s-1', 'm s-1', 'degrees_east', 'degrees_east', 'degrees_north', 'degrees_north', 'meters']",ocean
20011101.ocean_daily_z_2001_343.nc,/g/data/ik11/outputs/mom6-panan/panan-01-zstar-2001rerun/output006/20011101.ocean_daily_z_2001_343.nc,ocean.1day.nv:2.xh:3600.xq:3601.yh:845.yq:846.z_l_sub01:1,1day,"2001-12-09, 00:00:00","2001-12-10, 00:00:00","['average_DT', 'average_T1', 'average_T2', 'nv', 'time', 'time_bnds', 'uo', 'vo', 'xh', 'xq', 'yh', 'yq', 'z_l_sub01']","['Length of average period', 'Start time for average period', 'End time for average period', 'vertex number', 'time', 'time axis boundaries', 'Sea Water X Velocity', 'Sea Water Y Velocity', 'h point nominal longitude', 'q point nominal longitude', 'h point nominal latitude', 'q point nominal latitude', 'Depth at cell center']","['', '', '', '', '', '', 'sea_water_x_velocity', 'sea_water_y_velocity', '', '', '', '', '']","['', '', '', '', '', '', 'z_l:mean yh:mean xq:point time: mean', 'z_l:mean yq:point xh:mean time: mean', '', '', '', '', '']","['days', 'days since 1991-01-01 00:00:00', 'days since 1991-01-01 00:00:00', '', 'days since 1991-01-01 00:00:00', 'days', 'm s-1', 'm s-1', 'degrees_east', 'degrees_east', 'degrees_north', 'degrees_north', 'meters']",ocean
20011101.ocean_daily_z_2001_344.nc,/g/data/ik11/outputs/mom6-panan/panan-01-zstar-2001rerun/output006/20011101.ocean_daily_z_2001_344.nc,ocean.1day.nv:2.xh:3600.xq:3601.yh:845.yq:846.z_l_sub01:1,1day,"2001-12-10, 00:00:00","2001-12-11, 00:00:00","['average_DT', 'average_T1', 'average_T2', 'nv', 'time', 'time_bnds', 'uo', 'vo', 'xh', 'xq', 'yh', 'yq', 'z_l_sub01']","['Length of average period', 'Start time for average period', 'End time for average period', 'vertex number', 'time', 'time axis boundaries', 'Sea Water X Velocity', 'Sea Water Y Velocity', 'h point nominal longitude', 'q point nominal longitude', 'h point nominal latitude', 'q point nominal latitude', 'Depth at cell center']","['', '', '', '', '', '', 'sea_water_x_velocity', 'sea_water_y_velocity', '', '', '', '', '']","['', '', '', '', '', '', 'z_l:mean yh:mean xq:point time: mean', 'z_l:mean yq:point xh:mean time: mean', '', '', '', '', '']","['days', 'days since 1991-01-01 00:00:00', 'days since 1991-01-01 00:00:00', '', 'days since 1991-01-01 00:00:00', 'days', 'm s-1', 'm s-1', 'degrees_east', 'degrees_east', 'degrees_north', 'degrees_north', 'meters']",ocean
20011101.ocean_daily_z_2001_345.nc,/g/data/ik11/outputs/mom6-panan/panan-01-zstar-2001rerun/output006/20011101.ocean_daily_z_2001_345.nc,ocean.1day.nv:2.xh:3600.xq:3601.yh:845.yq:846.z_l_sub01:1,1day,"2001-12-11, 00:00:00","2001-12-12, 00:00:00","['average_DT', 'average_T1', 'average_T2', 'nv', 'time', 'time_bnds', 'uo', 'vo', 'xh', 'xq', 'yh', 'yq', 'z_l_sub01']","['Length of average period', 'Start time for average period', 'End time for average period', 'vertex number', 'time', 'time axis boundaries', 'Sea Water X Velocity', 'Sea Water Y Velocity', 'h point nominal longitude', 'q point nominal longitude', 'h point nominal latitude', 'q point nominal latitude', 'Depth at cell center']","['', '', '', '', '', '', 'sea_water_x_velocity', 'sea_water_y_velocity', '', '', '', '', '']","['', '', '', '', '', '', 'z_l:mean yh:mean xq:point time: mean', 'z_l:mean yq:point xh:mean time: mean', '', '', '', '', '']","['days', 'days since 1991-01-01 00:00:00', 'days since 1991-01-01 00:00:00', '', 'days since 1991-01-01 00:00:00', 'days', 'm s-1', 'm s-1', 'degrees_east', 'degrees_east', 'degrees_north', 'degrees_north', 'meters']",ocean
20011101.ocean_daily_z_2001_346.nc,/g/data/ik11/outputs/mom6-panan/panan-01-zstar-2001rerun/output006/20011101.ocean_daily_z_2001_346.nc,ocean.1day.nv:2.xh:3600.xq:3601.yh:845.yq:846.z_l_sub01:1,1day,"2001-12-12, 00:00:00","2001-12-13, 00:00:00","['average_DT', 'average_T1', 'average_T2', 'nv', 'time', 'time_bnds', 'uo', 'vo', 'xh', 'xq', 'yh', 'yq', 'z_l_sub01']","['Length of average period', 'Start time for average period', 'End time for average period', 'vertex number', 'time', 'time axis boundaries', 'Sea Water X Velocity', 'Sea Water Y Velocity', 'h point nominal longitude', 'q point nominal longitude', 'h point nominal latitude', 'q point nominal latitude', 'Depth at cell center']","['', '', '', '', '', '', 'sea_water_x_velocity', 'sea_water_y_velocity', '', '', '', '', '']","['', '', '', '', '', '', 'z_l:mean yh:mean xq:point time: mean', 'z_l:mean yq:point xh:mean time: mean', '', '', '', '', '']","['days', 'days since 1991-01-01 00:00:00', 'days since 1991-01-01 00:00:00', '', 'days since 1991-01-01 00:00:00', 'days', 'm s-1', 'm s-1', 'degrees_east', 'degrees_east', 'degrees_north', 'degrees_north', 'meters']",ocean
20011101.ocean_daily_z_2001_347.nc,/g/data/ik11/outputs/mom6-panan/panan-01-zstar-2001rerun/output006/20011101.ocean_daily_z_2001_347.nc,ocean.1day.nv:2.xh:3600.xq:3601.yh:845.yq:846.z_l_sub01:1,1day,"2001-12-13, 00:00:00","2001-12-14, 00:00:00","['average_DT', 'average_T1', 'average_T2', 'nv', 'time', 'time_bnds', 'uo', 'vo', 'xh', 'xq', 'yh', 'yq', 'z_l_sub01']","['Length of average period', 'Start time for average period', 'End time for average period', 'vertex number', 'time', 'time axis boundaries', 'Sea Water X Velocity', 'Sea Water Y Velocity', 'h point nominal longitude', 'q point nominal longitude', 'h point nominal latitude', 'q point nominal latitude', 'Depth at cell center']","['', '', '', '', '', '', 'sea_water_x_velocity', 'sea_water_y_velocity', '', '', '', '', '']","['', '', '', '', '', '', 'z_l:mean yh:mean xq:point time: mean', 'z_l:mean yq:point xh:mean time: mean', '', '', '', '', '']","['days', 'days since 1991-01-01 00:00:00', 'days since 1991-01-01 00:00:00', '', 'days since 1991-01-01 00:00:00', 'days', 'm s-1', 'm s-1', 'degrees_east', 'degrees_east', 'degrees_north', 'degrees_north', 'meters']",ocean
20011101.ocean_daily_z_2001_348.nc,/g/data/ik11/outputs/mom6-panan/panan-01-zstar-2001rerun/output006/20011101.ocean_daily_z_2001_348.nc,ocean.1day.nv:2.xh:3600.xq:3601.yh:845.yq:846.z_l_sub01:1,1day,"2001-12-14, 00:00:00","2001-12-15, 00:00:00","['average_DT', 'average_T1', 'average_T2', 'nv', 'time', 'time_bnds', 'uo', 'vo', 'xh', 'xq', 'yh', 'yq', 'z_l_sub01']","['Length of average period', 'Start time for average period', 'End time for average period', 'vertex number', 'time', 'time axis boundaries', 'Sea Water X Velocity', 'Sea Water Y Velocity', 'h point nominal longitude', 'q point nominal longitude', 'h point nominal latitude', 'q point nominal latitude', 'Depth at cell center']","['', '', '', '', '', '', 'sea_water_x_velocity', 'sea_water_y_velocity', '', '', '', '', '']","['', '', '', '', '', '', 'z_l:mean yh:mean xq:point time: mean', 'z_l:mean yq:point xh:mean time: mean', '', '', '', '', '']","['days', 'days since 1991-01-01 00:00:00', 'days since 1991-01-01 00:00:00', '', 'days since 1991-01-01 00:00:00', 'days', 'm s-1', 'm s-1', 'degrees_east', 'degrees_east', 'degrees_north', 'degrees_north', 'meters']",ocean
20011101.ocean_daily_z_2001_349.nc,/g/data/ik11/outputs/mom6-panan/panan-01-zstar-2001rerun/output006/20011101.ocean_daily_z_2001_349.nc,ocean.1day.nv:2.xh:3600.xq:3601.yh:845.yq:846.z_l_sub01:1,1day,"2001-12-15, 00:00:00","2001-12-16, 00:00:00","['average_DT', 'average_T1', 'average_T2', 'nv', 'time', 'time_bnds', 'uo', 'vo', 'xh', 'xq', 'yh', 'yq', 'z_l_sub01']","['Length of average period', 'Start time for average period', 'End time for average period', 'vertex number', 'time', 'time axis boundaries', 'Sea Water X Velocity', 'Sea Water Y Velocity', 'h point nominal longitude', 'q point nominal longitude', 'h point nominal latitude', 'q point nominal latitude', 'Depth at cell center']","['', '', '', '', '', '', 'sea_water_x_velocity', 'sea_water_y_velocity', '', '', '', '', '']","['', '', '', '', '', '', 'z_l:mean yh:mean xq:point time: mean', 'z_l:mean yq:point xh:mean time: mean', '', '', '', '', '']","['days', 'days since 1991-01-01 00:00:00', 'days since 1991-01-01 00:00:00', '', 'days since 1991-01-01 00:00:00', 'days', 'm s-1', 'm s-1', 'degrees_east', 'degrees_east', 'degrees_north', 'degrees_north', 'meters']",ocean
20011101.ocean_daily_z_2001_350.nc,/g/data/ik11/outputs/mom6-panan/panan-01-zstar-2001rerun/output006/20011101.ocean_daily_z_2001_350.nc,ocean.1day.nv:2.xh:3600.xq:3601.yh:845.yq:846.z_l_sub01:1,1day,"2001-12-16, 00:00:00","2001-12-17, 00:00:00","['average_DT', 'average_T1', 'average_T2', 'nv', 'time', 'time_bnds', 'uo', 'vo', 'xh', 'xq', 'yh', 'yq', 'z_l_sub01']","['Length of average period', 'Start time for average period', 'End time for average period', 'vertex number', 'time', 'time axis boundaries', 'Sea Water X Velocity', 'Sea Water Y Velocity', 'h point nominal longitude', 'q point nominal longitude', 'h point nominal latitude', 'q point nominal latitude', 'Depth at cell center']","['', '', '', '', '', '', 'sea_water_x_velocity', 'sea_water_y_velocity', '', '', '', '', '']","['', '', '', '', '', '', 'z_l:mean yh:mean xq:point time: mean', 'z_l:mean yq:point xh:mean time: mean', '', '', '', '', '']","['days', 'days since 1991-01-01 00:00:00', 'days since 1991-01-01 00:00:00', '', 'days since 1991-01-01 00:00:00', 'days', 'm s-1', 'm s-1', 'degrees_east', 'degrees_east', 'degrees_north', 'degrees_north', 'meters']",ocean
20011101.ocean_daily_z_2001_351.nc,/g/data/ik11/outputs/mom6-panan/panan-01-zstar-2001rerun/output006/20011101.ocean_daily_z_2001_351.nc,ocean.1day.nv:2.xh:3600.xq:3601.yh:845.yq:846.z_l_sub01:1,1day,"2001-12-17, 00:00:00","2001-12-18, 00:00:00","['average_DT', 'average_T1', 'average_T2', 'nv', 'time', 'time_bnds', 'uo', 'vo', 'xh', 'xq', 'yh', 'yq', 'z_l_sub01']","['Length of average period', 'Start time for average period', 'End time for average period', 'vertex number', 'time', 'time axis boundaries', 'Sea Water X Velocity', 'Sea Water Y Velocity', 'h point nominal longitude', 'q point nominal longitude', 'h point nominal latitude', 'q point nominal latitude', 'Depth at cell center']","['', '', '', '', '', '', 'sea_water_x_velocity', 'sea_water_y_velocity', '', '', '', '', '']","['', '', '', '', '', '', 'z_l:mean yh:mean xq:point time: mean', 'z_l:mean yq:point xh:mean time: mean', '', '', '', '', '']","['days', 'days since 1991-01-01 00:00:00', 'days since 1991-01-01 00:00:00', '', 'days since 1991-01-01 00:00:00', 'days', 'm s-1', 'm s-1', 'degrees_east', 'degrees_east', 'degrees_north', 'degrees_north', 'meters']",ocean
20011101.ocean_daily_z_2001_352.nc,/g/data/ik11/outputs/mom6-panan/panan-01-zstar-2001rerun/output006/20011101.ocean_daily_z_2001_352.nc,ocean.1day.nv:2.xh:3600.xq:3601.yh:845.yq:846.z_l_sub01:1,1day,"2001-12-18, 00:00:00","2001-12-19, 00:00:00","['average_DT', 'average_T1', 'average_T2', 'nv', 'time', 'time_bnds', 'uo', 'vo', 'xh', 'xq', 'yh', 'yq', 'z_l_sub01']","['Length of average period', 'Start time for average period', 'End time for average period', 'vertex number', 'time', 'time axis boundaries', 'Sea Water X Velocity', 'Sea Water Y Velocity', 'h point nominal longitude', 'q point nominal longitude', 'h point nominal latitude', 'q point nominal latitude', 'Depth at cell center']","['', '', '', '', '', '', 'sea_water_x_velocity', 'sea_water_y_velocity', '', '', '', '', '']","['', '', '', '', '', '', 'z_l:mean yh:mean xq:point time: mean', 'z_l:mean yq:point xh:mean time: mean', '', '', '', '', '']","['days', 'days since 1991-01-01 00:00:00', 'days since 1991-01-01 00:00:00', '', 'days since 1991-01-01 00:00:00', 'days', 'm s-1', 'm s-1', 'degrees_east', 'degrees_east', 'degrees_north', 'degrees_north', 'meters']",ocean
20011101.ocean_daily_z_2001_353.nc,/g/data/ik11/outputs/mom6-panan/panan-01-zstar-2001rerun/output006/20011101.ocean_daily_z_2001_353.nc,ocean.1day.nv:2.xh:3600.xq:3601.yh:845.yq:846.z_l_sub01:1,1day,"2001-12-19, 00:00:00","2001-12-20, 00:00:00","['average_DT', 'average_T1', 'average_T2', 'nv', 'time', 'time_bnds', 'uo', 'vo', 'xh', 'xq', 'yh', 'yq', 'z_l_sub01']","['Length of average period', 'Start time for average period', 'End time for average period', 'vertex number', 'time', 'time axis boundaries', 'Sea Water X Velocity', 'Sea Water Y Velocity', 'h point nominal longitude', 'q point nominal longitude', 'h point nominal latitude', 'q point nominal latitude', 'Depth at cell center']","['', '', '', '', '', '', 'sea_water_x_velocity', 'sea_water_y_velocity', '', '', '', '', '']","['', '', '', '', '', '', 'z_l:mean yh:mean xq:point time: mean', 'z_l:mean yq:point xh:mean time: mean', '', '', '', '', '']","['days', 'days since 1991-01-01 00:00:00', 'days since 1991-01-01 00:00:00', '', 'days since 1991-01-01 00:00:00', 'days', 'm s-1', 'm s-1', 'degrees_east', 'degrees_east', 'degrees_north', 'degrees_north', 'meters']",ocean
20011101.ocean_daily_z_2001_354.nc,/g/data/ik11/outputs/mom6-panan/panan-01-zstar-2001rerun/output006/20011101.ocean_daily_z_2001_354.nc,ocean.1day.nv:2.xh:3600.xq:3601.yh:845.yq:846.z_l_sub01:1,1day,"2001-12-20, 00:00:00","2001-12-21, 00:00:00","['average_DT', 'average_T1', 'average_T2', 'nv', 'time', 'time_bnds', 'uo', 'vo', 'xh', 'xq', 'yh', 'yq', 'z_l_sub01']","['Length of average period', 'Start time for average period', 'End time for average period', 'vertex number', 'time', 'time axis boundaries', 'Sea Water X Velocity', 'Sea Water Y Velocity', 'h point nominal longitude', 'q point nominal longitude', 'h point nominal latitude', 'q point nominal latitude', 'Depth at cell center']","['', '', '', '', '', '', 'sea_water_x_velocity', 'sea_water_y_velocity', '', '', '', '', '']","['', '', '', '', '', '', 'z_l:mean yh:mean xq:point time: mean', 'z_l:mean yq:point xh:mean time: mean', '', '', '', '', '']","['days', 'days since 1991-01-01 00:00:00', 'days since 1991-01-01 00:00:00', '', 'days since 1991-01-01 00:00:00', 'days', 'm s-1', 'm s-1', 'degrees_east', 'degrees_east', 'degrees_north', 'degrees_north', 'meters']",ocean
20011101.ocean_daily_z_2001_355.nc,/g/data/ik11/outputs/mom6-panan/panan-01-zstar-2001rerun/output006/20011101.ocean_daily_z_2001_355.nc,ocean.1day.nv:2.xh:3600.xq:3601.yh:845.yq:846.z_l_sub01:1,1day,"2001-12-21, 00:00:00","2001-12-22, 00:00:00","['average_DT', 'average_T1', 'average_T2', 'nv', 'time', 'time_bnds', 'uo', 'vo', 'xh', 'xq', 'yh', 'yq', 'z_l_sub01']","['Length of average period', 'Start time for average period', 'End time for average period', 'vertex number', 'time', 'time axis boundaries', 'Sea Water X Velocity', 'Sea Water Y Velocity', 'h point nominal longitude', 'q point nominal longitude', 'h point nominal latitude', 'q point nominal latitude', 'Depth at cell center']","['', '', '', '', '', '', 'sea_water_x_velocity', 'sea_water_y_velocity', '', '', '', '', '']","['', '', '', '', '', '', 'z_l:mean yh:mean xq:point time: mean', 'z_l:mean yq:point xh:mean time: mean', '', '', '', '', '']","['days', 'days since 1991-01-01 00:00:00', 'days since 1991-01-01 00:00:00', '', 'days since 1991-01-01 00:00:00', 'days', 'm s-1', 'm s-1', 'degrees_east', 'degrees_east', 'degrees_north', 'degrees_north', 'meters']",ocean
20011101.ocean_daily_z_2001_356.nc,/g/data/ik11/outputs/mom6-panan/panan-01-zstar-2001rerun/output006/20011101.ocean_daily_z_2001_356.nc,ocean.1day.nv:2.xh:3600.xq:3601.yh:845.yq:846.z_l_sub01:1,1day,"2001-12-22, 00:00:00","2001-12-23, 00:00:00","['average_DT', 'average_T1', 'average_T2', 'nv', 'time', 'time_bnds', 'uo', 'vo', 'xh', 'xq', 'yh', 'yq', 'z_l_sub01']","['Length of average period', 'Start time for average period', 'End time for average period', 'vertex number', 'time', 'time axis boundaries', 'Sea Water X Velocity', 'Sea Water Y Velocity', 'h point nominal longitude', 'q point nominal longitude', 'h point nominal latitude', 'q point nominal latitude', 'Depth at cell center']","['', '', '', '', '', '', 'sea_water_x_velocity', 'sea_water_y_velocity', '', '', '', '', '']","['', '', '', '', '', '', 'z_l:mean yh:mean xq:point time: mean', 'z_l:mean yq:point xh:mean time: mean', '', '', '', '', '']","['days', 'days since 1991-01-01 00:00:00', 'days since 1991-01-01 00:00:00', '', 'days since 1991-01-01 00:00:00', 'days', 'm s-1', 'm s-1', 'degrees_east', 'degrees_east', 'degrees_north', 'degrees_north', 'meters']",ocean
20011101.ocean_daily_z_2001_357.nc,/g/data/ik11/outputs/mom6-panan/panan-01-zstar-2001rerun/output006/20011101.ocean_daily_z_2001_357.nc,ocean.1day.nv:2.xh:3600.xq:3601.yh:845.yq:846.z_l_sub01:1,1day,"2001-12-23, 00:00:00","2001-12-24, 00:00:00","['average_DT', 'average_T1', 'average_T2', 'nv', 'time', 'time_bnds', 'uo', 'vo', 'xh', 'xq', 'yh', 'yq', 'z_l_sub01']","['Length of average period', 'Start time for average period', 'End time for average period', 'vertex number', 'time', 'time axis boundaries', 'Sea Water X Velocity', 'Sea Water Y Velocity', 'h point nominal longitude', 'q point nominal longitude', 'h point nominal latitude', 'q point nominal latitude', 'Depth at cell center']","['', '', '', '', '', '', 'sea_water_x_velocity', 'sea_water_y_velocity', '', '', '', '', '']","['', '', '', '', '', '', 'z_l:mean yh:mean xq:point time: mean', 'z_l:mean yq:point xh:mean time: mean', '', '', '', '', '']","['days', 'days since 1991-01-01 00:00:00', 'days since 1991-01-01 00:00:00', '', 'days since 1991-01-01 00:00:00', 'days', 'm s-1', 'm s-1', 'degrees_east', 'degrees_east', 'degrees_north', 'degrees_north', 'meters']",ocean
20011101.ocean_daily_z_2001_358.nc,/g/data/ik11/outputs/mom6-panan/panan-01-zstar-2001rerun/output006/20011101.ocean_daily_z_2001_358.nc,ocean.1day.nv:2.xh:3600.xq:3601.yh:845.yq:846.z_l_sub01:1,1day,"2001-12-24, 00:00:00","2001-12-25, 00:00:00","['average_DT', 'average_T1', 'average_T2', 'nv', 'time', 'time_bnds', 'uo', 'vo', 'xh', 'xq', 'yh', 'yq', 'z_l_sub01']","['Length of average period', 'Start time for average period', 'End time for average period', 'vertex number', 'time', 'time axis boundaries', 'Sea Water X Velocity', 'Sea Water Y Velocity', 'h point nominal longitude', 'q point nominal longitude', 'h point nominal latitude', 'q point nominal latitude', 'Depth at cell center']","['', '', '', '', '', '', 'sea_water_x_velocity', 'sea_water_y_velocity', '', '', '', '', '']","['', '', '', '', '', '', 'z_l:mean yh:mean xq:point time: mean', 'z_l:mean yq:point xh:mean time: mean', '', '', '', '', '']","['days', 'days since 1991-01-01 00:00:00', 'days since 1991-01-01 00:00:00', '', 'days since 1991-01-01 00:00:00', 'days', 'm s-1', 'm s-1', 'degrees_east', 'degrees_east', 'degrees_north', 'degrees_north', 'meters']",ocean
20011101.ocean_daily_z_2001_359.nc,/g/data/ik11/outputs/mom6-panan/panan-01-zstar-2001rerun/output006/20011101.ocean_daily_z_2001_359.nc,ocean.1day.nv:2.xh:3600.xq:3601.yh:845.yq:846.z_l_sub01:1,1day,"2001-12-25, 00:00:00","2001-12-26, 00:00:00","['average_DT', 'average_T1', 'average_T2', 'nv', 'time', 'time_bnds', 'uo', 'vo', 'xh', 'xq', 'yh', 'yq', 'z_l_sub01']","['Length of average period', 'Start time for average period', 'End time for average period', 'vertex number', 'time', 'time axis boundaries', 'Sea Water X Velocity', 'Sea Water Y Velocity', 'h point nominal longitude', 'q point nominal longitude', 'h point nominal latitude', 'q point nominal latitude', 'Depth at cell center']","['', '', '', '', '', '', 'sea_water_x_velocity', 'sea_water_y_velocity', '', '', '', '', '']","['', '', '', '', '', '', 'z_l:mean yh:mean xq:point time: mean', 'z_l:mean yq:point xh:mean time: mean', '', '', '', '', '']","['days', 'days since 1991-01-01 00:00:00', 'days since 1991-01-01 00:00:00', '', 'days since 1991-01-01 00:00:00', 'days', 'm s-1', 'm s-1', 'degrees_east', 'degrees_east', 'degrees_north', 'degrees_north', 'meters']",ocean
20011101.ocean_daily_z_2001_360.nc,/g/data/ik11/outputs/mom6-panan/panan-01-zstar-2001rerun/output006/20011101.ocean_daily_z_2001_360.nc,ocean.1day.nv:2.xh:3600.xq:3601.yh:845.yq:846.z_l_sub01:1,1day,"2001-12-26, 00:00:00","2001-12-27, 00:00:00","['average_DT', 'average_T1', 'average_T2', 'nv', 'time', 'time_bnds', 'uo', 'vo', 'xh', 'xq', 'yh', 'yq', 'z_l_sub01']","['Length of average period', 'Start time for average period', 'End time for average period', 'vertex number', 'time', 'time axis boundaries', 'Sea Water X Velocity', 'Sea Water Y Velocity', 'h point nominal longitude', 'q point nominal longitude', 'h point nominal latitude', 'q point nominal latitude', 'Depth at cell center']","['', '', '', '', '', '', 'sea_water_x_velocity', 'sea_water_y_velocity', '', '', '', '', '']","['', '', '', '', '', '', 'z_l:mean yh:mean xq:point time: mean', 'z_l:mean yq:point xh:mean time: mean', '', '', '', '', '']","['days', 'days since 1991-01-01 00:00:00', 'days since 1991-01-01 00:00:00', '', 'days since 1991-01-01 00:00:00', 'days', 'm s-1', 'm s-1', 'degrees_east', 'degrees_east', 'degrees_north', 'degrees_north', 'meters']",ocean
20011101.ocean_daily_z_2001_361.nc,/g/data/ik11/outputs/mom6-panan/panan-01-zstar-2001rerun/output006/20011101.ocean_daily_z_2001_361.nc,ocean.1day.nv:2.xh:3600.xq:3601.yh:845.yq:846.z_l_sub01:1,1day,"2001-12-27, 00:00:00","2001-12-28, 00:00:00","['average_DT', 'average_T1', 'average_T2', 'nv', 'time', 'time_bnds', 'uo', 'vo', 'xh', 'xq', 'yh', 'yq', 'z_l_sub01']","['Length of average period', 'Start time for average period', 'End time for average period', 'vertex number', 'time', 'time axis boundaries', 'Sea Water X Velocity', 'Sea Water Y Velocity', 'h point nominal longitude', 'q point nominal longitude', 'h point nominal latitude', 'q point nominal latitude', 'Depth at cell center']","['', '', '', '', '', '', 'sea_water_x_velocity', 'sea_water_y_velocity', '', '', '', '', '']","['', '', '', '', '', '', 'z_l:mean yh:mean xq:point time: mean', 'z_l:mean yq:point xh:mean time: mean', '', '', '', '', '']","['days', 'days since 1991-01-01 00:00:00', 'days since 1991-01-01 00:00:00', '', 'days since 1991-01-01 00:00:00', 'days', 'm s-1', 'm s-1', 'degrees_east', 'degrees_east', 'degrees_north', 'degrees_north', 'meters']",ocean
20011101.ocean_daily_z_2001_362.nc,/g/data/ik11/outputs/mom6-panan/panan-01-zstar-2001rerun/output006/20011101.ocean_daily_z_2001_362.nc,ocean.1day.nv:2.xh:3600.xq:3601.yh:845.yq:846.z_l_sub01:1,1day,"2001-12-28, 00:00:00","2001-12-29, 00:00:00","['average_DT', 'average_T1', 'average_T2', 'nv', 'time', 'time_bnds', 'uo', 'vo', 'xh', 'xq', 'yh', 'yq', 'z_l_sub01']","['Length of average period', 'Start time for average period', 'End time for average period', 'vertex number', 'time', 'time axis boundaries', 'Sea Water X Velocity', 'Sea Water Y Velocity', 'h point nominal longitude', 'q point nominal longitude', 'h point nominal latitude', 'q point nominal latitude', 'Depth at cell center']","['', '', '', '', '', '', 'sea_water_x_velocity', 'sea_water_y_velocity', '', '', '', '', '']","['', '', '', '', '', '', 'z_l:mean yh:mean xq:point time: mean', 'z_l:mean yq:point xh:mean time: mean', '', '', '', '', '']","['days', 'days since 1991-01-01 00:00:00', 'days since 1991-01-01 00:00:00', '', 'days since 1991-01-01 00:00:00', 'days', 'm s-1', 'm s-1', 'degrees_east', 'degrees_east', 'degrees_north', 'degrees_north', 'meters']",ocean
20011101.ocean_daily_z_2001_363.nc,/g/data/ik11/outputs/mom6-panan/panan-01-zstar-2001rerun/output006/20011101.ocean_daily_z_2001_363.nc,ocean.1day.nv:2.xh:3600.xq:3601.yh:845.yq:846.z_l_sub01:1,1day,"2001-12-29, 00:00:00","2001-12-30, 00:00:00","['average_DT', 'average_T1', 'average_T2', 'nv', 'time', 'time_bnds', 'uo', 'vo', 'xh', 'xq', 'yh', 'yq', 'z_l_sub01']","['Length of average period', 'Start time for average period', 'End time for average period', 'vertex number', 'time', 'time axis boundaries', 'Sea Water X Velocity', 'Sea Water Y Velocity', 'h point nominal longitude', 'q point nominal longitude', 'h point nominal latitude', 'q point nominal latitude', 'Depth at cell center']","['', '', '', '', '', '', 'sea_water_x_velocity', 'sea_water_y_velocity', '', '', '', '', '']","['', '', '', '', '', '', 'z_l:mean yh:mean xq:point time: mean', 'z_l:mean yq:point xh:mean time: mean', '', '', '', '', '']","['days', 'days since 1991-01-01 00:00:00', 'days since 1991-01-01 00:00:00', '', 'days since 1991-01-01 00:00:00', 'days', 'm s-1', 'm s-1', 'degrees_east', 'degrees_east', 'degrees_north', 'degrees_north', 'meters']",ocean
20011101.ocean_daily_z_2001_364.nc,/g/data/ik11/outputs/mom6-panan/panan-01-zstar-2001rerun/output006/20011101.ocean_daily_z_2001_364.nc,ocean.1day.nv:2.xh:3600.xq:3601.yh:845.yq:846.z_l_sub01:1,1day,"2001-12-30, 00:00:00","2001-12-31, 00:00:00","['average_DT', 'average_T1', 'average_T2', 'nv', 'time', 'time_bnds', 'uo', 'vo', 'xh', 'xq', 'yh', 'yq', 'z_l_sub01']","['Length of average period', 'Start time for average period', 'End time for average period', 'vertex number', 'time', 'time axis boundaries', 'Sea Water X Velocity', 'Sea Water Y Velocity', 'h point nominal longitude', 'q point nominal longitude', 'h point nominal latitude', 'q point nominal latitude', 'Depth at cell center']","['', '', '', '', '', '', 'sea_water_x_velocity', 'sea_water_y_velocity', '', '', '', '', '']","['', '', '', '', '', '', 'z_l:mean yh:mean xq:point time: mean', 'z_l:mean yq:point xh:mean time: mean', '', '', '', '', '']","['days', 'days since 1991-01-01 00:00:00', 'days since 1991-01-01 00:00:00', '', 'days since 1991-01-01 00:00:00', 'days', 'm s-1', 'm s-1', 'degrees_east', 'degrees_east', 'degrees_north', 'degrees_north', 'meters']",ocean
20011101.ocean_daily_z_2001_365.nc,/g/data/ik11/outputs/mom6-panan/panan-01-zstar-2001rerun/output006/20011101.ocean_daily_z_2001_365.nc,ocean.1day.nv:2.xh:3600.xq:3601.yh:845.yq:846.z_l_sub01:1,1day,"2001-12-31, 00:00:00","2002-01-01, 00:00:00","['average_DT', 'average_T1', 'average_T2', 'nv', 'time', 'time_bnds', 'uo', 'vo', 'xh', 'xq', 'yh', 'yq', 'z_l_sub01']","['Length of average period', 'Start time for average period', 'End time for average period', 'vertex number', 'time', 'time axis boundaries', 'Sea Water X Velocity', 'Sea Water Y Velocity', 'h point nominal longitude', 'q point nominal longitude', 'h point nominal latitude', 'q point nominal latitude', 'Depth at cell center']","['', '', '', '', '', '', 'sea_water_x_velocity', 'sea_water_y_velocity', '', '', '', '', '']","['', '', '', '', '', '', 'z_l:mean yh:mean xq:point time: mean', 'z_l:mean yq:point xh:mean time: mean', '', '', '', '', '']","['days', 'days since 1991-01-01 00:00:00', 'days since 1991-01-01 00:00:00', '', 'days since 1991-01-01 00:00:00', 'days', 'm s-1', 'm s-1', 'degrees_east', 'degrees_east', 'degrees_north', 'degrees_north', 'meters']",ocean
20011101.ocean_month.nc,/g/data/ik11/outputs/mom6-panan/panan-01-zstar-2001rerun/output006/20011101.ocean_month.nc,ocean.1mon.nv:2.scalar_axis:1.xh:3600.xq:3601.yh:845.yq:846.zi:76,1mon,"2001-11-01, 00:00:00","2002-01-01, 00:00:00","['Heat_PmE', 'LW', 'SW', 'T_advection_xy_2d', 'Th_tendency_vert_remap_2d', 'average_DT', 'average_T1', 'average_T2', 'boundary_forcing_heat_tendency_2d', 'evap', 'frazil', 'frazil_heat_tendency_2d', 'frunoff', 'heat_added', 'heat_content_fprec', 'heat_content_frunoff', 'heat_content_icemelt', 'heat_content_lprec', 'heat_content_lrunoff', 'heat_content_massin', 'heat_content_massout', 'hfds', 'hfrainds', 'hfrunoffds', 'latent', 'latent_evap', 'latent_fprec_diag', 'latent_frunoff', 'lrunoff', 'mlotst', 'net_heat_coupler', 'net_massin', 'net_massout', 'nv', 'opottempdiff_2d', 'opottemppmdiff_2d', 'opottemptend_2d', 'precip', 'rsdo', 'salt_flux', 'salt_flux_added', 'salt_flux_in', 'scalar_axis', 'seaice_melt', 'seaice_melt_heat', 'sensible', 'sob', 'sos', 'tauuo', 'tauvo', 'time', 'time_bnds', 'tob', 'tos', 'total_icemelt', 'umo_2d', 'vmo_2d', 'wfo', 'xh', 'xq', 'yh', 'yq', 'zi', 'zos']","['Heat flux into ocean from mass flux into ocean', 'Longwave radiation flux into ocean', 'Shortwave radiation flux into ocean', 'Vertical sum of horizontal convergence of residual mean advective fluxes of heat', 'Vertical sum of vertical remapping tracer content tendency for Heat', 'Length of average period', 'Start time for average period', 'End time for average period', 'Depth integrated boundary forcing of ocean heat', 'Evaporation/condensation at ocean surface (evaporation is negative)', 'Heat from frazil formation', 'Depth integrated heat tendency due to frazil formation', 'Frozen runoff (calving) and iceberg melt into ocean', 'Flux Adjustment or restoring surface heat flux into ocean', 'Heat content (relative to 0degC) of frozen prec entering ocean', 'Heat content (relative to 0C) of solid runoff into ocean', 'Heat content (relative to 0degC) of water flux due to sea ice melting/freezing', 'Heat content (relative to 0degC) of liquid precip entering ocean', 'Heat content (relative to 0C) of liquid runoff into ocean', 'Heat content (relative to 0degC) of net mass entering ocean ocean', 'Heat content (relative to 0degC) of net mass leaving ocean ocean via evap and ice form', 'Surface ocean heat flux from SW+LW+latent+sensible+masstransfer+frazil+seaice_melt_heat', 'Heat content (relative to 0degC) of liquid+frozen precip entering ocean', 'Heat content (relative to 0C) of liquid+solid runoff into ocean', 'Latent heat flux into ocean due to fusion and evaporation (negative means ocean heat loss)', 'Latent heat flux into ocean due to evaporation/condensation', 'Latent heat flux into ocean due to melting of frozen precipitation', 'Latent heat flux into ocean due to melting of icebergs', 'Liquid runoff (rivers) into ocean', 'Ocean Mixed Layer Thickness Defined by Sigma T', 'Surface ocean heat flux from SW+LW+latent+sensible+seaice_melt_heat (via the coupler)', 'Net mass entering ocean due to precip, runoff, ice melt', 'Net mass leaving the ocean due to evaporation, seaice formation', 'vertex number', 'Tendency of sea water potential temperature expressed as heat content due to parameterized dianeutral mixing depth integrated', 'Tendency of sea water potential temperature expressed as heat content due to parameterized mesoscale neutral diffusion', 'Tendency of Sea Water Potential Temperature Expressed as Heat Content Vertical Sum', 'Liquid + frozen precipitation into ocean', 'Downwelling Shortwave Flux in Sea Water at Grid Cell Upper Interface', 'Net salt flux into ocean at surface (restoring + sea-ice)', 'Salt flux into ocean at surface due to restoring or flux adjustment', 'Salt flux into ocean at surface from coupler', 'none', 'water flux to ocean from snow/sea ice melting(> 0) or formation(< 0)', 'Heat flux into ocean due to snow and sea ice melt/freeze', 'Sensible heat flux into ocean', 'Sea Water Salinity at Sea Floor', 'Sea Surface Salinity', 'Surface Downward X Stress', 'Surface Downward Y Stress', 'time', 'time axis boundaries', 'Sea Water Potential Temperature at Sea Floor', 'Sea Surface Temperature', 'Area integrated sea ice melt (>0) or form (<0)', 'Ocean Mass X Transport Vertical Sum', 'Ocean Mass Y Transport Vertical Sum', 'Water Flux Into Sea Water', 'h point nominal longitude', 'q point nominal longitude', 'h point nominal latitude', 'q point nominal latitude', 'Interface pseudo-depth, -z*', 'Sea surface height above geoid']","['', 'surface_net_downward_longwave_flux', 'net_downward_shortwave_flux_at_sea_water_surface', '', '', '', '', '', '', 'water_evaporation_flux', '', '', 'water_flux_into_sea_water_from_icebergs', '', '', 'temperature_flux_due_to_solid_runoff_expressed_as_heat_flux_into_sea_water', '', '', 'temperature_flux_due_to_runoff_expressed_as_heat_flux_into_sea_water', '', '', 'surface_downward_heat_flux_in_sea_water', 'temperature_flux_due_to_rainfall_expressed_as_heat_flux_into_sea_water', 'temperature_flux_due_to_runoff_expressed_as_heat_flux_into_sea_water', '', '', '', '', 'water_flux_into_sea_water_from_rivers', 'ocean_mixed_layer_thickness_defined_by_sigma_t', '', '', '', '', 'tendency_of_sea_water_potential_temperature_expressed_as_heat_content_due_to_parameterized_dianeutral_mixing_depth_integrated', 'tendency_of_sea_water_potential_temperature_expressed_as_heat_content_due_to_parameterized_mesoscale_neutral_diffusion', 'tendency_of_sea_water_potential_temperature_expressed_as_heat_content_vertical_sum', '', 'downwelling_shortwave_flux_in_sea_water', '', '', '', '', 'water_flux_into_sea_water_due_to_sea_ice_thermodynamics', 'snow_ice_melt_heat_flux', 'surface_downward_sensible_heat_flux', 'sea_water_salinity_at_sea_floor', 'sea_surface_salinity', 'surface_downward_x_stress', 'surface_downward_y_stress', '', '', 'sea_water_potential_temperature_at_sea_floor', 'sea_surface_temperature', 'water_flux_into_sea_water_due_to_sea_ice_thermodynamics_area_integrated', 'ocean_mass_x_transport_vertical_sum', 'ocean_mass_y_transport_vertical_sum', 'water_flux_into_sea_water', '', '', '', '', '', 'sea_surface_height_above_geoid']","['area:mean yh:mean xh:mean time: mean', 'area:mean yh:mean xh:mean time: mean', 'area:mean yh:mean xh:mean time: mean', 'area:mean yh:mean xh:mean time: mean', 'area:mean yh:mean xh:mean time: mean', '', '', '', 'area:mean yh:mean xh:mean time: mean', 'area:mean yh:mean xh:mean time: mean', 'area:mean yh:mean xh:mean time: mean', 'area:mean yh:mean xh:mean time: mean', 'area:mean yh:mean xh:mean time: mean', 'area:mean yh:mean xh:mean time: mean', 'area:mean yh:mean xh:mean time: mean', 'area:mean yh:mean xh:mean time: mean', 'area:mean yh:mean xh:mean time: mean', 'area:mean yh:mean xh:mean time: mean', 'area:mean yh:mean xh:mean time: mean', 'area:mean yh:mean xh:mean time: mean', 'area:mean yh:mean xh:mean time: mean', 'area:mean yh:mean xh:mean time: mean', 'area:mean yh:mean xh:mean time: mean', 'area:mean yh:mean xh:mean time: mean', 'area:mean yh:mean xh:mean time: mean', 'area:mean yh:mean xh:mean time: mean', 'area:mean yh:mean xh:mean time: mean', 'area:mean yh:mean xh:mean time: mean', 'area:mean yh:mean xh:mean time: mean', 'area:mean yh:mean xh:mean time: mean', 'area:mean yh:mean xh:mean time: mean', 'area:mean yh:mean xh:mean time: mean', 'area:mean yh:mean xh:mean time: mean', '', 'area:mean yh:mean xh:mean time: mean', 'area:sum yh:sum xh:sum time: mean', 'area:mean yh:mean xh:mean time: mean', 'area:mean yh:mean xh:mean time: mean', 'area:mean zi:point yh:mean xh:mean time: mean', 'area:mean yh:mean xh:mean time: mean', 'area:mean yh:mean xh:mean time: mean', 'area:mean yh:mean xh:mean time: mean', '', 'area:mean yh:mean xh:mean time: mean', 'area:mean yh:mean xh:mean time: mean', 'area:mean yh:mean xh:mean time: mean', 'area:mean yh:mean xh:mean time: mean', 'area:mean yh:mean xh:mean time: mean', 'yh:mean xq:point time: mean', 'yq:point xh:mean time: mean', '', '', 'area:mean yh:mean xh:mean time: mean', 'area:mean yh:mean xh:mean time: mean', 'time: mean', 'yh:sum xq:point time: mean', 'yq:point xh:sum time: mean', 'area:mean yh:mean xh:mean time: mean', '', '', '', '', '', 'area:mean yh:mean xh:mean time: mean']","['W m-2', 'W m-2', 'W m-2', 'W m-2', 'W m-2', 'days', 'days since 1991-01-01 00:00:00', 'days since 1991-01-01 00:00:00', 'W m-2', 'kg m-2 s-1', 'W m-2', 'W m-2', 'kg m-2 s-1', 'W m-2', 'W m-2', 'W m-2', 'W m-2', 'W m-2', 'W m-2', 'W m-2', 'W m-2', 'W m-2', 'W m-2', 'W m-2', 'W m-2', 'W m-2', 'W m-2', 'W m-2', 'kg m-2 s-1', 'm', 'W m-2', 'kg m-2 s-1', 'kg m-2 s-1', '', 'W m-2', 'W m-2', 'W m-2', 'kg m-2 s-1', 'W m-2', 'kg m-2 s-1', 'kg m-2 s-1', 'kg m-2 s-1', '', 'kg m-2 s-1', 'W m-2', 'W m-2', 'psu', 'psu', 'N m-2', 'N m-2', 'days since 1991-01-01 00:00:00', 'days', 'degC', 'degC', 'kg s-1', 'kg s-1', 'kg s-1', 'kg m-2 s-1', 'degrees_east', 'degrees_east', 'degrees_north', 'degrees_north', 'meter', 'm']",ocean
20011101.ocean_month_rho2.nc,/g/data/ik11/outputs/mom6-panan/panan-01-zstar-2001rerun/output006/20011101.ocean_month_rho2.nc,ocean.1mon.nv:2.rho2_i:100.rho2_l:99.xh:3600.xq:3601.yh:845.yq:846,1mon,"2001-11-01, 00:00:00","2002-01-01, 00:00:00","['T_advection_xy', 'T_adx', 'T_ady', 'Th_tendency_vert_remap', 'average_DT', 'average_T1', 'average_T2', 'boundary_forcing_heat_tendency', 'frazil_heat_tendency', 'nv', 'opottempdiff', 'opottemppmdiff', 'opottemptend', 'rho2_i', 'rho2_l', 'thetao', 'time', 'time_bnds', 'umo', 'uo', 'vmo', 'vo', 'volcello', 'xh', 'xq', 'yh', 'yq']","['Horizontal convergence of residual mean advective fluxes of heat', 'Advective (by residual mean) Zonal Flux of Heat', 'Advective (by residual mean) Meridional Flux of Heat', 'Vertical remapping tracer content tendency for Heat', 'Length of average period', 'Start time for average period', 'End time for average period', 'Boundary forcing heat tendency', 'Heat tendency due to frazil formation', 'vertex number', 'Tendency of sea water potential temperature expressed as heat content due to parameterized dianeutral mixing', 'Tendency of sea water potential temperature expressed as heat content due to parameterized mesoscale neutral diffusion', 'Tendency of Sea Water Potential Temperature Expressed as Heat Content', 'Target Potential Density at interface', 'Target Potential Density at cell center', 'Sea Water Potential Temperature', 'time', 'time axis boundaries', 'Ocean Mass X Transport', 'Sea Water X Velocity', 'Ocean Mass Y Transport', 'Sea Water Y Velocity', 'Ocean grid-cell volume', 'h point nominal longitude', 'q point nominal longitude', 'h point nominal latitude', 'q point nominal latitude']","['', '', '', '', '', '', '', '', '', '', 'tendency_of_sea_water_potential_temperature_expressed_as_heat_content_due_to_parameterized_dianeutral_mixing', 'tendency_of_sea_water_potential_temperature_expressed_as_heat_content_due_to_parameterized_mesoscale_neutral_diffusion', 'tendency_of_sea_water_potential_temperature_expressed_as_heat_content', '', '', 'sea_water_potential_temperature', '', '', 'ocean_mass_x_transport', 'sea_water_x_velocity', 'ocean_mass_y_transport', 'sea_water_y_velocity', 'ocean_volume', '', '', '', '']","['area:mean rho2_l:sum yh:mean xh:mean time: mean', 'rho2_l:sum yh:sum xq:point time: mean', 'rho2_l:sum yq:point xh:sum time: mean', 'area:mean rho2_l:sum yh:mean xh:mean time: mean', '', '', '', 'area:mean rho2_l:sum yh:mean xh:mean time: mean', 'area:mean rho2_l:sum yh:mean xh:mean time: mean', '', 'area:mean rho2_l:sum yh:mean xh:mean time: mean', 'area:sum rho2_l:sum yh:sum xh:sum time: mean', 'area:mean rho2_l:sum yh:mean xh:mean time: mean', '', '', 'area:mean rho2_l:mean yh:mean xh:mean time: mean', '', '', 'rho2_l:sum yh:sum xq:point time: mean', 'rho2_l:mean yh:mean xq:point time: mean', 'rho2_l:sum yq:point xh:sum time: mean', 'rho2_l:mean yq:point xh:mean time: mean', 'area:sum rho2_l:sum yh:sum xh:sum time: mean', '', '', '', '']","['W m-2', 'W', 'W', 'W m-2', 'days', 'days since 1991-01-01 00:00:00', 'days since 1991-01-01 00:00:00', 'W m-2', 'W m-2', '', 'W m-2', 'W m-2', 'W m-2', 'kg m-3', 'kg m-3', 'degC', 'days since 1991-01-01 00:00:00', 'days', 'kg s-1', 'm s-1', 'kg s-1', 'm s-1', 'm3', 'degrees_east', 'degrees_east', 'degrees_north', 'degrees_north']",ocean
20011101.ocean_month_z.nc,/g/data/ik11/outputs/mom6-panan/panan-01-zstar-2001rerun/output006/20011101.ocean_month_z.nc,ocean.1mon.nv:2.xh:3600.xq:3601.yh:845.yq:846.z_i:76.z_l:75,1mon,"2001-11-01, 00:00:00","2002-01-01, 00:00:00","['T_advection_xy', 'T_adx', 'T_ady', 'Th_tendency_vert_remap', 'agessc', 'average_DT', 'average_T1', 'average_T2', 'boundary_forcing_heat_tendency', 'frazil_heat_tendency', 'nv', 'opottempdiff', 'opottemppmdiff', 'opottemptend', 'rhopot0', 'rhopot2', 'so', 'thetao', 'time', 'time_bnds', 'umo', 'uo', 'vmo', 'vo', 'volcello', 'xh', 'xq', 'yh', 'yq', 'z_i', 'z_l']","['Horizontal convergence of residual mean advective fluxes of heat', 'Advective (by residual mean) Zonal Flux of Heat', 'Advective (by residual mean) Meridional Flux of Heat', 'Vertical remapping tracer content tendency for Heat', 'Ideal Age Tracer', 'Length of average period', 'Start time for average period', 'End time for average period', 'Boundary forcing heat tendency', 'Heat tendency due to frazil formation', 'vertex number', 'Tendency of sea water potential temperature expressed as heat content due to parameterized dianeutral mixing', 'Tendency of sea water potential temperature expressed as heat content due to parameterized mesoscale neutral diffusion', 'Tendency of Sea Water Potential Temperature Expressed as Heat Content', 'Potential density referenced to surface', 'Potential density referenced to 2000 dbar', 'Sea Water Salinity', 'Sea Water Potential Temperature', 'time', 'time axis boundaries', 'Ocean Mass X Transport', 'Sea Water X Velocity', 'Ocean Mass Y Transport', 'Sea Water Y Velocity', 'Ocean grid-cell volume', 'h point nominal longitude', 'q point nominal longitude', 'h point nominal latitude', 'q point nominal latitude', 'Depth at interface', 'Depth at cell center']","['', '', '', '', 'ideal_age_tracer', '', '', '', '', '', '', 'tendency_of_sea_water_potential_temperature_expressed_as_heat_content_due_to_parameterized_dianeutral_mixing', 'tendency_of_sea_water_potential_temperature_expressed_as_heat_content_due_to_parameterized_mesoscale_neutral_diffusion', 'tendency_of_sea_water_potential_temperature_expressed_as_heat_content', '', '', 'sea_water_salinity', 'sea_water_potential_temperature', '', '', 'ocean_mass_x_transport', 'sea_water_x_velocity', 'ocean_mass_y_transport', 'sea_water_y_velocity', 'ocean_volume', '', '', '', '', '', '']","['area:mean z_l:sum yh:mean xh:mean time: mean', 'z_l:sum yh:sum xq:point time: mean', 'z_l:sum yq:point xh:sum time: mean', 'area:mean z_l:sum yh:mean xh:mean time: mean', 'area:mean z_l:mean yh:mean xh:mean time: mean', '', '', '', 'area:mean z_l:sum yh:mean xh:mean time: mean', 'area:mean z_l:sum yh:mean xh:mean time: mean', '', 'area:mean z_l:sum yh:mean xh:mean time: mean', 'area:sum z_l:sum yh:sum xh:sum time: mean', 'area:mean z_l:sum yh:mean xh:mean time: mean', 'area:mean z_l:mean yh:mean xh:mean time: mean', 'area:mean z_l:mean yh:mean xh:mean time: mean', 'area:mean z_l:mean yh:mean xh:mean time: mean', 'area:mean z_l:mean yh:mean xh:mean time: mean', '', '', 'z_l:sum yh:sum xq:point time: mean', 'z_l:mean yh:mean xq:point time: mean', 'z_l:sum yq:point xh:sum time: mean', 'z_l:mean yq:point xh:mean time: mean', 'area:sum z_l:sum yh:sum xh:sum time: mean', '', '', '', '', '', '']","['W m-2', 'W', 'W', 'W m-2', 'yr', 'days', 'days since 1991-01-01 00:00:00', 'days since 1991-01-01 00:00:00', 'W m-2', 'W m-2', '', 'W m-2', 'W m-2', 'W m-2', 'kg m-3', 'kg m-3', 'psu', 'degC', 'days since 1991-01-01 00:00:00', 'days', 'kg s-1', 'm s-1', 'kg s-1', 'm s-1', 'm3', 'degrees_east', 'degrees_east', 'degrees_north', 'degrees_north', 'meters', 'meters']",ocean
20011101.ocean_static.nc,/g/data/ik11/outputs/mom6-panan/panan-01-zstar-2001rerun/output006/20011101.ocean_static.nc,ocean.fx.xh:3600.xq:3601.yh:845.yq:846,fx,"1991-01-01, 00:00:00","1991-01-01, 00:00:00","['Coriolis', 'areacello', 'areacello_bu', 'areacello_cu', 'areacello_cv', 'deptho', 'dxCu', 'dxCv', 'dxt', 'dyCu', 'dyCv', 'dyt', 'geolat', 'geolat_c', 'geolat_u', 'geolat_v', 'geolon', 'geolon_c', 'geolon_u', 'geolon_v', 'time', 'wet', 'wet_c', 'wet_u', 'wet_v', 'xh', 'xq', 'yh', 'yq']","['Coriolis parameter at corner (Bu) points', 'Ocean Grid-Cell Area', 'Ocean Grid-Cell Area', 'Ocean Grid-Cell Area', 'Ocean Grid-Cell Area', 'Sea Floor Depth', 'Delta(x) at u points (meter)', 'Delta(x) at v points (meter)', 'Delta(x) at thickness/tracer points (meter)', 'Delta(y) at u points (meter)', 'Delta(y) at v points (meter)', 'Delta(y) at thickness/tracer points (meter)', 'Latitude of tracer (T) points', 'Latitude of corner (Bu) points', 'Latitude of zonal velocity (Cu) points', 'Latitude of meridional velocity (Cv) points', 'Longitude of tracer (T) points', 'Longitude of corner (Bu) points', 'Longitude of zonal velocity (Cu) points', 'Longitude of meridional velocity (Cv) points', 'time', '0 if land, 1 if ocean at tracer points', '0 if land, 1 if ocean at corner (Bu) points', '0 if land, 1 if ocean at zonal velocity (Cu) points', '0 if land, 1 if ocean at meridional velocity (Cv) points', 'h point nominal longitude', 'q point nominal longitude', 'h point nominal latitude', 'q point nominal latitude']","['', 'cell_area', 'cell_area', 'cell_area', 'cell_area', 'sea_floor_depth_below_geoid', '', '', '', '', '', '', '', '', '', '', '', '', '', '', '', '', '', '', '', '', '', '', '']","['time: point', 'area:sum yh:sum xh:sum time: point', 'area:sum yq:sum xq:sum time: point', 'area:sum yh:sum xq:sum time: point', 'area:sum yq:sum xh:sum time: point', 'area:mean yh:mean xh:mean time: point', 'time: point', 'time: point', 'time: point', 'time: point', 'time: point', 'time: point', 'time: point', 'time: point', 'time: point', 'time: point', 'time: point', 'time: point', 'time: point', 'time: point', '', 'time: point', 'time: point', 'time: point', 'time: point', '', '', '', '']","['s-1', 'm2', 'm2', 'm2', 'm2', 'm', 'm', 'm', 'm', 'm', 'm', 'm', 'degrees_north', 'degrees_north', 'degrees_north', 'degrees_north', 'degrees_east', 'degrees_east', 'degrees_east', 'degrees_east', 'days since 1991-01-01 00:00:00', '', '', '', '', 'degrees_east', 'degrees_east', 'degrees_north', 'degrees_north']",ocean
